:020000040800F2
:10000000000002205909000855090008653E000853
:1000100055090008550900085509000800000000AE
:10002000000000000000000000000000550900086A
:10003000550900080000000055090008E93D0008C6
:100040005509000855090008550900085509000818
:100050005509000855090008550900085509000808
:10006000550900085509000855090008F13900082C
:10007000FD3900086D270008093A0008153A000804
:1000800091DF00081D2F00085509000855090008D8
:1000900055090008550900085509000855090008C8
:1000A00055090008550900085509000855090008B8
:1000B000A9D30008B5D30008C1D30008512F000808
:1000C000550900085D2F00085509000819CC0008E3
:1000D00025CC0008C5DD0008F1DD000825DE00089C
:1000E00055090008550900080000000055090008DE
:1000F0005509000855090008550900085509000868
:100100005509000855090008CDD3000831CC000876
:1001100059DE00088DDE0008550900085509000861
:10012000550900085509000855CC000889CC00087D
:10013000C5DF0008550900085509000855090008E1
:1001400000000000000000000000000000000000AF
:10015000550900085509000855090008C1DE0008C6
:10016000692F000855090008F93D00081D3E0008E8
:1001700055090008413E00085509000855090008C6
:100180005509000855090008F5DE000829DF0008B8
:100190003DCC000849CC0008550900085509000865
:1001A00055090008550900085509000855090008B7
:1001B00011370008550900085509000855090008BD
:1001C0005509000855090008550900085509000897
:1001D0005509000855090008550900085509000887
:1001E0005509000855090008550900085509000877
:1001F0005509000855090008550900085509000867
:100200005509000855090008550900085509000856
:100210005509000855090008550900085509000846
:10022000550900085509000855090008000000009C
:10023000550900085509000800000000550900088C
:100240005509000855090008550900085509000816
:100250005509000855090008550900085509000806
:1002600055090008550900085509000855090008F6
:1002700055090008550900085DDF0008000000006E
:10028000550900085509000855090008000000003C
:08029000000000005509000800
:1002980010B5054C237833B9044B13B10448AFF3B8
:1002A80000800123237010BDE80400240000000032
:1002B8005827010808B5034B1BB103490348AFF39E
:1002C800008008BD00000000EC0400245827010845
:1002D80081F0004102E000BF83F0004330B54FEAEF
:1002E80041044FEA430594EA050F08BF90EA020F5C
:1002F8001FBF54EA000C55EA020C7FEA645C7FEAEF
:10030800655C00F0E2804FEA5454D4EB5555B8BF11
:100318006D420CDD2C4480EA020281EA030382EA82
:10032800000083EA010180EA020281EA0303362D14
:1003380088BF30BD11F0004F4FEA01314FF4801CE7
:100348004CEA113102D0404261EB410113F0004FF9
:100358004FEA03334CEA133302D0524263EB4303B0
:1003680094EA050F00F0A780A4F10104D5F1200E4E
:100378000DDB02FA0EFC22FA05F2801841F10001A9
:1003880003FA0EF2801843FA05F359410EE0A5F17D
:1003980020050EF1200E012A03FA0EFC28BF4CF0AE
:1003A800020C43FA05F3C01851EBE37101F0004564
:1003B80007D54FF0000EDCF1000C7EEB00006EEB71
:1003C8000101B1F5801F1BD3B1F5001F0CD34908FB
:1003D8005FEA30004FEA3C0C04F101044FEA445252
:1003E80012F5800F80F09A80BCF1004F08BF5FEAD9
:1003F800500C50F1000041EB045141EA050130BDB9
:100408005FEA4C0C404141EB0101013C28BFB1F5CA
:10041800801FE9D291F0000F04BF01460020B1FA15
:1004280081F308BF2033A3F10B03B3F120020CDAE8
:100438000C3208DD02F1140CC2F10C0201FA0CF0C6
:1004480021FA02F10CE002F11402D8BFC2F1200C2B
:1004580001FA02F120FA0CFCDCBF41EA0C019040E1
:10046800E41AA2BF01EB0451294330BD6FEA04042A
:100478001F3C1CDA0C340EDC04F11404C4F1200215
:1004880020FA04F001FA02F340EA030021FA04F327
:1004980045EA030130BDC4F10C04C4F1200220FA7E
:1004A80002F001FA04F340EA0300294630BD21FABC
:1004B80004F0294630BD94F0000F83F4801306BF82
:1004C80081F480110134013D4EE77FEA645C18BF76
:1004D8007FEA655C29D094EA050F08BF90EA020F0D
:1004E80005D054EA000C04BF1946104630BD91EA05
:1004F800030F1EBF0021002030BD5FEA545C05D108
:100508004000494128BF41F0004130BD14F5800446
:100518003CBF01F5801130BD01F0004545F0FE41BA
:1005280041F470014FF0000030BD7FEA645C1ABFEF
:10053800194610467FEA655C1CBF0B46024650EA26
:10054800013406BF52EA033591EA030F41F4002152
:1005580030BD00BF90F0000F04BF0021704730B5D8
:100568004FF4806404F132044FF000054FF00001AD
:1005780050E700BF90F0000F04BF0021704730B56E
:100588004FF4806404F1320410F0004548BF404243
:100598004FF000013EE700BF42004FEAE2014FEA98
:1005A80031014FEA02701FBF12F07F4393F07F4F73
:1005B80081F06051704732F07F4208BF704793F076
:1005C8007F4F04BF41F40021704730B54FF4607489
:1005D80001F0004521F000411CE700BF50EA01028C
:1005E80008BF704730B54FF000050AE050EA010235
:1005F80008BF704730B511F0004502D5404261EBA5
:1006080041014FF4806404F132045FEA915C3FF4E5
:10061800D8AE4FF003025FEADC0C18BF03325FEA82
:10062800DC0C18BF033202EBDC02C2F1200300FA33
:1006380003FC20FA02F001FA03FE40EA0E0021FA58
:1006480002F11444BDE600BF53B94AB9002908BFF6
:1006580000281CBF4FF0FF314FF0FF3000F074B995
:10066800ADF1080C6DE904CE00F006F8DDF804E001
:10067800DDE9022304B070472DE9F047089D0446E0
:100688008E46002B4DD18A42944669D9B2FA82F23D
:1006980052B101FA02F3C2F1200120FA01F10CFA79
:1006A80002FC41EA030E94404FEA1C48210CBEFBB1
:1006B800F8F61FFA8CF708FB16E341EA034306FB3A
:1006C80007F199420AD91CEB030306F1FF3080F0C9
:1006D8001F81994240F21C81023E63445B1AA4B216
:1006E800B3FBF8F008FB103344EA034400FB07F7B8
:1006F800A7420AD91CEB040400F1FF3380F00A81F9
:10070800A74240F207816444023840EA0640E41BED
:1007180000261DB1D4400023C5E900433146BDE899
:10072800F0878B4209D9002D00F0EF800026C5E93B
:10073800000130463146BDE8F087B3FA83F6002E53
:100748004AD18B4202D3824200F2F980841A61EBCB
:10075800030301209E46002DE0D0C5E9004EDDE7E9
:1007680002B9FFDEB2FA82F2002A40F09280A1EBD1
:100778000C014FEA1C471FFA8CFE0126200CB1FB26
:10078800F7F307FB131140EA01410EFB03F088421F
:1007980008D91CEB010103F1FF3802D2884200F2AC
:1007A800CB804346091AA4B2B1FBF7F007FB10113E
:1007B80044EA01440EFB00FEA64508D91CEB0404DC
:1007C80000F1FF3102D2A64500F2BB800846A4EB37
:1007D8000E0440EA03409CE7C6F12007B34022FA22
:1007E80007FC4CEA030C20FA07F401FA06F31C4351
:1007F800F9404FEA1C4900FA06F3B1FBF9F8200C5E
:100808001FFA8CFE09FB181140EA014108FB0EF0A3
:10081800884202FA06F20BD91CEB010108F1FF3AF3
:1008280080F08880884240F28580A8F102086144FF
:10083800091AA4B2B1FBF9F009FB101144EA01410D
:1008480000FB0EFE8E4508D91CEB010100F1FF34B8
:100858006CD28E456AD90238614440EA0840A0FB50
:100868000294A1EB0E01A142C846A64656D353D026
:100878005DB1B3EB080261EB0E0101FA07F722FA4A
:1008880006F3F1401F43C5E9007100263146BDE873
:10089800F087C2F12003D8400CFA02FC21FA03F3D6
:1008A800914001434FEA1C471FFA8CFEB3FBF7F057
:1008B80007FB10360B0C43EA064300FB0EF69E427C
:1008C80004FA02F408D91CEB030300F1FF382FD215
:1008D8009E422DD9023863449B1B89B2B3FBF7F6BD
:1008E80007FB163341EA034106FB0EF38B4208D996
:1008F8001CEB010106F1FF3816D28B4214D9023ED7
:100908006144C91A46EA004638E72E46284605E7F4
:100918000646E3E61846F8E64B45A9D2B9EB0208C5
:1009280064EB0C0E0138A3E74646EAE7204694E755
:100938004046D1E7D0467BE7023B614432E7304688
:1009480009E76444023842E7704700BFFEE700BF8A
:100958000B480C4A904203D0121A0B4911F046FB7F
:100968000A480B4A904203D0121A002111F04CFB9E
:1009780003F0CAFC11F016FB00F09EF8FEE700BF7A
:1009880000000024E404002488270108E804002467
:1009980054330024704700BF704700BF704700BF42
:1009A800704700BF002A6CD0013A2DE9F84F8846FD
:1009B8000024DFF8F8B05508DFF8F4A0DFF8F49069
:1009C800304F314E2DED028B26E0F4EE667AF1EED3
:1009D80010FA48BFB0EE660A2C4810F083FC97ED79
:1009E800000A2A4810F0E2FCB0EE480A274810F046
:1009F80015FC264B3278DFED267A93ED0C7A0AB196
:100A080068EE877A621CA542C8ED007A08F10808EA
:100A180048ED017A144630D09BF800101D4810F0BC
:100A280081FB1D48F0EE408A10F020FD1B48B0EE17
:100A3800408A10F01BFDD9ED007ADFED194AB6EEB9
:100A4800005A68EEA77ADAED005A9FED166A38EE7A
:100A5800008A9FED157AF3EE046A67EEA47A28EE11
:100A6800058AE5EE867AF4EEC77AB0EE670AF1EE0B
:100A780010FAAADDB0EE470AAEE7BDEC028BBDE87E
:100A8800F88F704728060024040100243405002448
:100A98000000000004050024C4050024F00500241B
:100AA8000000FA4500401C4600803B4680050024B3
:100AB8001C060024240600242DE9F04F002191484B
:100AC800DFF890B24FF07C55DFF890A2022440F294
:100AD80001178D4EDFF88892DFF888822DED048BA0
:100AE8009DB0DFED8A8A00F063FA864800F0A0F92D
:100AF800F7EE007AB0EE408A9FED859A5846CBF81B
:100B08000450C7EE809ACBF80C508BED048ACBEDDD
:100B1800028A8BED069AB0EE680ACBED059A10F0C2
:100B28005FFEF0EE407A5046B0EE680AABF82870E7
:100B3800CBF80460CBED077ACAF80450CAF80C5019
:100B48008BF80040734D8AED048ACAED059ACAED08
:100B5800028A8AED069A10F043FE6F488AED070A6A
:100B6800B0EE480AAAF82870CAF804608AF800406B
:100B780010F030FB9FED690A674810F05DFC012119
:100B88002846B0EE480A10F0AFF9F0EE490A2846B8
:100B98009FED630A10F020FA28469FED620A10F0D4
:100BA80071FA614B9FED5F0A28462B6010F092FAAC
:100BB8005E49544800F038F90F2000F01FF9ADF8ED
:100BC80000002246009905A8594F01F037FB102074
:100BD80000F014F9ADF80400224601990DF1260041
:100BE800544E01F02BFB112000F008F9ADF8080075
:100BF800224602990EA8504D01F020FB122000F069
:100C0800FDF8ADF80C00224603990DF14A0001F0F9
:100C180015FB132000F0F2F8ADF8100022460499F5
:100C280017A801F00BFB0423052205A9434801F08E
:100C380019FB424801F024FD414C0DE09FED417A3B
:100C4800DFED417AE8EE077AFCEEE77A17EE900AD4
:100C580003F074F94C45EFD00021384801F026FD27
:100C680001213648B0EE408A01F020FD02213348C8
:100C780088ED000A01F01AFD0321304887ED000ACB
:100C880001F014FD04212D4886ED000A01F00EFD47
:100C9800F4EC017A85ED000ABDEEE77A17EE103A1A
:100CA800002BCBD09FED297AF2EE080ADFED288AD7
:100CB800B0EE000A77EEC77AC7EEA00A10F074FE0D
:100CC8000121144860EE288A10F07EF92148B0EE20
:100CD800680ACBED028A10F083FDF7EE007AD5EDB5
:100CE800006A9FED1D7A8BED070AE6EE877A1B48AE
:100CF80027EEA80A8AED020A10F072FD8AED070AAB
:100D08009CE700BF840500249A99193F0000C84257
:100D18000000000004050024340500249A99993E37
:100D28000AD7233CCDCC4C3ECDCCCC3EAD090008F7
:100D38002806002424060024200600249C050024FC
:100D48000400002400007A430000964200008A4212
:100D58000000DC43C40500240AD7A33CF0050024A6
:100D6800040100241C06002410B519480024194A5F
:100D78001949046044610462C46310F037FD1749DF
:100D8800144A174810F032FD124A1449154810F059
:100D98002DFD104A1449154810F028FD1448002369
:100DA800DFF854C084850B4A124903604360C0F8D9
:100DB80008C0C360C0F810C0C0F814C0C0F818C09C
:100DC800C36103624362BDE8104010F00FBD00BF6D
:100DD80084050024000000249D090008A5090008D6
:100DE800C4050024F0050024A909000834050024DE
:100DF80004050024A1090008000080BF202882B053
:100E080009D8084B03EB400213F81030507843EA36
:100E1800002002B0704701230C2043EA002002B0F2
:100E2800704700BF54200108143001F0DFB900BF3B
:100E3800143001F0D7B900BF10B540F203338EB0BB
:100E480000244FF60B7240F20341ADF8083009A8B0
:100E58000123ADF81020ADF824202246ADF80C107F
:100E68000094029907940C94CDE90544CDE90A440D
:100E780001F024FD04A8012322460399009401F0FF
:100E88001DFD09A801F000FE10B901200EB010BD2B
:100E980004A801F0F9FDA0420CBF022020460EB0C4
:100EA80010BD00BF2DE9F04103239AB001270024AB
:100EB8000646CDE914373B4BCDE9104340F20453C5
:100EC800CDE91647ADF84830FFF7B6FFB8420546FA
:100ED80025D0022845D040F60132334B0DF12C08BD
:100EE8001894ADF82C200B981997CDF84A3000F0DB
:100EF800E3F810A906F13C0002F002FE30200322BC
:100F08004FF07E5341460D930E93CDE90B02F26BE1
:100F180006F1140001F02AF91AB0BDE8F081102397
:100F2800214A06A906908DF828300DF12C081F4B90
:100F3800CDF84A2007930294CDE91804CDE90804B6
:100F480002A802F013F80823029A03A94046ADF854
:100F58000C508DF80E40049505930B9400F0ECF8B6
:100F6800C7E700200121104B0DF12C083A460094E8
:100F7800CDF84A304FF60B730C94ADF82C3023465D
:100F8800CDE9180140F601314046ADF81810069930
:100F9800CDE90D4401F092FC2146404601F080FD68
:100FA800A7E700BF04020404040604030704010BB6
:100FB8002DE9F04704462DED028B82B000294DD073
:100FC800012140F2011200230091ADF804208DF8B0
:100FD8000630364A0127364B04F10409354904F135
:100FE8002908626040F20272A36040F60663E1607D
:100FF80004F1250AA4F82520A4F82930278284F8CA
:10100800277084F82B7003F035F9054602F098FF35
:101018006946064650BB4DB304F130008DF80670A2
:1010280003F0B0F8072D3CD104F114052046FFF772
:1010380039FF284601F0D6F82846B0EE408A01F07C
:10104800CDF8D0ED007AF8EE677A88EE277A84ED4D
:101058000E7A02B0BDEC028BBDE8F08740F20113B6
:1010680000918DF80610ADF80430B2E704F13000B5
:1010780003F088F8072D11D04946204602F0C0F940
:101088000EB9002DD0D1504601F014FD404601F0B4
:1010980011FD04F1120000F079F9C5E7002EF2D134
:1010A800C2E74946204602F0ABF9BDE70508050945
:1010B80005070506050A060610B584B0034601248F
:1010C800ADF8040003A8ADF80C30ADF80E4001F0FF
:1010D800F1FC214603A801F0C9FD204602F02EFFCD
:1010E800002103A801F0C2FD204602F027FF214697
:1010F80003A801F0BBFD04B010BD00BF10B5C2F3DA
:10110800002384B00C46017C8DF80D2043EA44028C
:10111800FA2402238DF80C2003AA009401F0BCFFE6
:1011280018B10124204604B010BD04460A2002F07C
:1011380005FF204604B010BD034670B543F8042BE4
:10114800044684B007C983E80700A37983B91A2144
:101158000B461E22FA2523742046ADF80C200223E4
:1011680003AA009501F098FF28B1012004B070BDD2
:101178001B210B46EDE70A2002F0E0FE4FF4B852BF
:1011880000950223ADF80C20204603AA217C01F02B
:1011980083FF0028E9D10A2002F0D0FE41F2027252
:1011A80000950223ADF80C20204603AA217C01F00B
:1011B80073FF0028D9D10A2002F0C0FE042200954E
:1011C8000223ADF80C20204603AA217C01F064FF1D
:1011D8000028CAD10A2002F0B1FE06220095022397
:1011E800ADF80C20204603AA217C01F055FF002809
:1011F800BBD10A2002F0A2FE41F208220095022388
:10120800ADF80C20204603AA217C01F045FF0028F8
:10121800ABD10A20064602F091FE0095022303AAEC
:10122800217C2046ADF80C6001F036FF00289CD1E7
:10123800304602F083FE009522790C232046002ACE
:101248008DF80C3003AA4FF0020314BF622142212B
:101258008DF80D10217C01F01FFF002885D1304644
:1012680002F06CFE2279D4E902310B43DBB20AB9F1
:1012780043F0400362790AB143F020030E22FA25B5
:101288008DF80D302046009502238DF80C2003AA16
:10129800217C01F001FF00287FF467AF0A2002F0EB
:1012A8004DFE102200950223ADF80C20204603AA1B
:1012B800217C01F0F1FE00287FF457AF0A2002F0EC
:1012C8003DFE122100950223ADF80C1003AA217CE3
:1012D800204601F0E1FE00287FF447AF0A2002F023
:1012E8002DFE012209212046FFF708FF003818BF0C
:1012F80001203BE7F0B5102387B0234C01220025DD
:101308000126002702A920460195CDE902234FF4C2
:101318008052CDE9046709F065FD642003F050FAB6
:1013280002A94FF480522046CDE90467022610270F
:10133800CDE9026709F056FD0322102302A92046D1
:10134800CDE9022300230422CDE904234FF480527F
:1013580009F048FD40F23223042202A90193102328
:101368002046CDE90223019A012305924FF48052C9
:10137800049309F037FD40F60601204609F052FDB6
:10138800284607B0F0BD00BF340600241C4B0022DD
:101398001C494FF0400C30B5054689B00220596011
:1013A80007219A601A620124DA620A224FF4006E59
:1013B800DC6006922022CDE9000104200821CDE955
:1013C800020103201021CDE9040108206946C3E980
:1013D80004024FF4C072181DC3E906C24FF48052CC
:1013E800C3E909E209F0D4FC38B92846FFF782FFBF
:1013F800003818BF012009B030BD204609B030BD03
:101408003006002440410052614A0021D0B51368DB
:101418008EB00A91002B40F0B9805E4B01214FF647
:1014280083700C2411600221D3F8D42000260327EE
:1014380042F48052C3F8D420D3F8D42002F4805266
:101448000092009AD3F8E02042F01002C3F8E0209E
:10145800D3F8E02002F010020192019AD3F8E020BC
:1014680042F04002C3F8E020D3F8E02002F0400246
:101478000292029AD3F8E02042F00802C3F8E02072
:10148800D3F8E02002F008020392039AD3F8E02090
:1014980042F48072C3F8E020D3F8E02002F48072AE
:1014A8000492049AD3F8E02042F08002C3F8E020C6
:1014B800D3F8E02002F080020592059AD3F8E020E4
:1014C80042F02002C3F8E020D3F8E02002F0200226
:1014D8000692069AD3F8E02042F00402C3F8E0200E
:1014E800D3F8E0300C9403F0040307930323079A1E
:1014F8000B93CDE9080108A9274804F0E7FF48F253
:101508003712022308A925480C94CDE90823CDE910
:101518000A6704F0DBFF4CF20372022308A9204893
:101528000C94CDE90823CDE90A6704F0CFFF40F217
:10153800FF62022308A91B480C94CDE90823CDE9D2
:101548000A6704F0C3FF4FF60C72022308A9164875
:101558000C94CDE90823CDE90A6704F0B7FF4FF6EC
:101568003F02022308A911480C94CDE90823CDE9CC
:101578000A6704F0ABFF2022022308A90A480C944A
:10158800CDE90A67CDE9082304F0A0FF0EB0D0BD6D
:101598002C06002400440258001002580018025873
:1015A800000C025800200258001C0258001402586F
:1015B8002DE9F04FDFF8108406460D46144608F171
:1015C80018002DED028B89B000AF02F091FBD8F81E
:1015D800183073B3D8F81C30D8F80490002B43693E
:1015E8000BBF4FF0080A4FF0100A4FF0020B4FF0F4
:1015F800040BB9F1000F2AD0A200EA46012B02F130
:10160800070222F00702ADEB020D6846ADEB020DB2
:10161800694600F03F81022B00F0D680002B6FD086
:101628002246C847D5462437BD46BDEC028BBDE8E7
:10163800F08FD8F81C30002BF5D0D8F804904FF074
:10164800080A4FF0020B4369B9F1000FD4D1FB61CE
:10165800D8F80030BB61002BE5D0D54802F0BAFBC2
:101668006B46BBF1020F786108EE103AFB6900F097
:1016780083816A465146A2EBC40295466200EA4657
:10168800B2FBFBF2AAEBC40085460AEB8200EE46E9
:10169800F861ADEB010DF8690EEB820CC7F810C0CC
:1016A800EC46ADEB010D00EB8201CCF80400CCF860
:1016B800081001EB82013869E946CCF80C1000EB00
:1016C8008201CCF800A001EB8202C9E900E0C9E977
:1016D8000212012B00F06483022B00F06C82002BB5
:1016E80000F08081620849466046BB69984718EE59
:1016F800103A24379D46BD46BDEC028BBDE8F08FFD
:10170800002C8DD01A46D8ED0C6A9FEDB27A84462B
:10171800331D36F922E00CF1080C07EE90EA33F994
:1017280022E00232F8EEE77A944267EE877A67EEB3
:10173800A67A4CED027A07EE90EAF8EEE77A67EEC1
:10174800877A67EEA67A4CED017AE2D8F9612246EB
:10175800C847984ED8ED0D6A0020F9692B1D9FEDFA
:101768009E7A9FED9E6ADFED9E5A22E0F4EEC67ADD
:10177800F1EE10FAC0F2C88447F6FE72D1ED017A94
:1017880045F8202066EEA77AF4EEC77AF1EE10FA53
:1017980040F2F080F4EEC67AF1EE10FAC0F2D58489
:1017A80047F6FE7243F820200230083184427FF663
:1017B80039AFD1ED007A66EEA77AF4EEC77AF1EE8A
:1017C80010FAD3D83246D9E7002C3FF429AFD8ED28
:1017D8000C6A84469FED787A0022331D8E4656F8AF
:1017E80022100CF1080C07EE901A53F8221002325E
:1017F800F8EEE77A944267EE877A67EEA67A4CEDC0
:10180800027A07EE901AF8EEE77A67EE877A67EEC3
:10181800A67A4CED017AE2D871462246C7F81CE058
:10182800C847664ED8ED0D6A0020F9692B1D9FED5B
:101838006A7A9FED6A6ADFF894C120E0F4EEC67A0E
:10184800F1EE10FAC0F279843246D1ED017A45F80A
:10185800202066EEA77AF4EEC77AF1EE10FA40F28D
:101868008780F4EEC67AF1EE10FAC0F25E84324652
:1018780043F820200230083184427FF6D3AED1ED00
:10188800007A66EEA77AF4EEC77AF1EE10FAD5D8A8
:101898006246DAE7002C3FF4C3AED8ED0C6A864600
:1018A8009FED477A4FF0000C331D56F82C200EF1AF
:1018B800080E82F40002A2F5000207EE902A53F8FF
:1018C8002C200CF1020CF8EEE77A82F40002644551
:1018D800A2F5000267EE877A67EEA67A4EED027AE5
:1018E80007EE902AF8EEE77A67EE877A67EEA67A2F
:1018F8004EED017AD9D8F9612246C847314ED8ED64
:101908000D6A0020F9692B1D9FED337A9FED336A2C
:10191800DFF8BCC01FE0F4EEC67AF1EE10FAC0F2B0
:10192800FC833246D1ED017A45F8202066EEA77A8D
:10193800F4EEC77AF1EE10FA18D9F4EEC67AF1EEA1
:1019480010FAC0F2DA83324643F820200230083118
:1019580084427FF667AED1ED007A66EEA77AF4EEA0
:10196800C77AF1EE10FAD6D86246DBE76246EBE7B3
:1019780062467DE7324615E7A100D6466208073180
:1019880021F00701ADEB010DEA46ADEB010D69460B
:10199800ADEB0E0D0AEB8200EC46ADEB0E0D01EB44
:1019A8008202F861E946CCE900A0C9E9001290E694
:1019B800840600240280FFFF000000300082FF7FC1
:1019C8000000003482FF7F0068060024007E00804B
:1019D8007E0080FF0000003804FF7FBF04FF7F3FC8
:1019E80000FEFF46002C00F0C982BBF1020FD8F8B8
:1019F800242000F0FA827969C7F8049002EB810E7E
:101A08005FED0C5A8A00DCF808100EF104007A61C8
:101A18001A46DCF80C303B61331DD7F810903D6155
:101A2800FD69C7E902CB8C46834636F92210D8ED0A
:101A38000C7A06EE101A33F9221006EE901A3EF9C7
:101A48002210B8EEC66A07EE101AF8EEE66A3BF9FD
:101A58002210B8EEC77A26EE256A66EEA56A27EE4A
:101A6800257A26EE276A66EEA76A27EE277A07EE1A
:101A7800901A51080232F8EEE77A0AEB8100944294
:101A880080ED006A05EB810067EEA57AC0ED006A7B
:101A98000CEB810009EB810180ED007A98ED0C7A5E
:101AA80067EE877AC1ED007ABFD8D7F804903D6910
:101AB800D7E902CB60466208BB6949469847D8F81F
:101AC8002C307A69D8ED0D6A1A441FED3D7A1FED66
:101AD8003D6A2B1D904602F1040A5FED3F5A002231
:101AE800A84ED9E900EC51E0F4EEC67AF1EE10FA0E
:101AF800C0F2C78247F6FE7045F822000CEB0100E1
:101B0800D0ED007A66EEA77AF4EEC77AF1EE10FA15
:101B18004BD9F4EEC67AF1EE10FAC0F2BA8247F663
:101B2800FE70BBF1020F43F822002BD0D9F8080051
:101B38000844D0ED007A66EEA77AF4EEC77AF1EEA3
:101B480010FA36D9F4EEC67AF1EE10FAC0F2CD8268
:101B580047F6FE7048F82200D9F80C000144D1ED90
:101B6800007A66EEA77AF4EEC77AF1EE10FA1ED97B
:101B7800F4EEC67AF1EE10FAC0F2AF8247F6FE71C3
:101B88004AF82210023294427FF6B1AD51080EEBAA
:101B980081008900D0ED007A66EEA77AF4EEC77A64
:101BA800F1EE10FAA0D83046A6E73046B9E731463C
:101BB800E6E73046CEE7002C00F0E081BBF1020FEB
:101BC800D8F8243000F0E1817A69DCF8081003EBDA
:101BD800820EC7F804909300DFED6B5A0EF10400F3
:101BE80000227B61DCF80C303B61331DD7F8109084
:101BF8003D61FD69C7E902CB8C46834656F8221041
:101C0800D8ED0C7A07EE101A53F82210B8EEC76A0E
:101C180007EE101A5EF82210F8EEC76A07EE101ADF
:101C280026EE256A5BF82210B8EEC77A66EEA56A3A
:101C380026EE276A27EE257A66EEA76A27EE277A28
:101C480007EE901A51080232F8EEE77A0AEB8100A3
:101C5800944280ED006A05EB810067EEA57AC0ED3D
:101C6800006A0CEB810009EB810180ED007A98EDA8
:101C78000C7A67EE877AC1ED007ABFD8D7F804905E
:101C88003D69D7E902CB60466208BB694946984777
:101C9800D8F82C307A69D8ED0D6A1A449FED3E7A4F
:101CA8009FED3E6A131D9246DFF8E4C00022FB61F7
:101CB8002B1D364ED9E9008E4EE0F4EEC67AF1EED1
:101CC80010FAC0F2FC81304645F822000EEB010004
:101CD800D0ED007A66EEA77AF4EEC77AF1EE10FA44
:101CE80049D9F4EEC67AF1EE10FAC0F2EF81304627
:101CF800BBF1020F43F822002AD0D9F808000844A3
:101D0800D0ED007A66EEA77AF4EEC77AF1EE10FA13
:101D180035D9F4EEC67AF1EE10FAC0F2C981304630
:101D28004AF82200D9F80C000144D1ED007A66EE99
:101D3800A77AF4EEC77AF1EE10FA1ED9F4EEC67A55
:101D4800F1EE10FAC0F2AD813146F86940F8221080
:101D5800023294427FF6CBAC510808EB810089002F
:101D6800D0ED007A66EEA77AF4EEC77AF1EE10FAB3
:101D7800A3D86046A8E76046BAE76146E5E760464B
:101D8800CEE700BF0280FFFF000000300082FF7F27
:101D9800007E00800000003404FF7FBF04FF7F3F07
:101DA800002C00F0EB807A690021D8F82430C7F8BD
:101DB800109003EB820ED7F81C909300FD610EF192
:101DC80004021FED0C6A7B61331D154656F821206D
:101DD8004808D8ED0C6ABBF1020F82F40002A2F5A4
:101DE800000207EE902A53F8212082F40002B8EE90
:101DF800E77AA2F5000227EE067A07EE902A0AEBA8
:101E08008002F8EEE77A27EE267A67EE867A82ED88
:101E1800007A09EB80024FEA800067EEA67AC2EDED
:101E2800007A27D05EF8212082F40002A2F5000291
:101E380007EE902A55F8212082F40002B8EEE77ADE
:101E4800A2F5000227EE067A07EE902ADCF80820B1
:101E5800F8EEE77A024427EE267A67EE867A82ED74
:101E6800007A98ED0C7ADCF80C2067EE877A024449
:101E7800C2ED007A02318C42A8D8D7F8109060469B
:101E88006208BB694946FD699847D8F82C307A69D9
:101E9800D8ED0D6A1A441FED407A1FED406A131DF4
:101EA8009246DFF8C4C20022FB612B1DAB4ED9E974
:101EB800008E4EE0F4EEC67AF1EE10FAC0F2C5805C
:101EC800304645F822000EEB0100D0ED007A66EEB0
:101ED800A77AF4EEC77AF1EE10FA49D9F4EEC67A89
:101EE800F1EE10FAC0F2BF803046BBF1020F43F8A2
:101EF80022002AD0D9F808000844D0ED007A66EE0E
:101F0800A77AF4EEC77AF1EE10FA35D9F4EEC67A6C
:101F1800F1EE10FAC0F2AE8030464AF82200D9F845
:101F28000C000144D1ED007A66EEA77AF4EEC77A88
:101F3800F1EE10FA1ED9F4EEC67AF1EE10FAC0F2FC
:101F48008B803146F86940F82210023294427FF6BD
:101F5800CEAB510808EB81008900D0ED007A66EE1F
:101F6800A77AF4EEC77AF1EE10FAA3D86046A8E78C
:101F78006046BAE76146E5E76046CEE7224649464D
:101F88006046BB699847FFF7B2BBC7F810B000229C
:101F980098ED0C6A331DDFED726AD7F81CB07869CA
:101FA80056F8221007EE901A53F82210B8EEE77A86
:101FB80007EE901A51080232F8EEE77A27EE267AF1
:101FC8000AEB810E94420BEB810167EEA67A27EEAD
:101FD800067A67EE867A8EED007AC1ED007ADFD850
:101FE8008300D7F810B07B614DE61A46C7F810B0E9
:101FF80098ED0C6A331DDFED5B6AD7F81CB0786981
:1020080036F9221007EE101A33F9221007EE901A4B
:10201800B8EEC77A51080232F8EEE77A27EE267A48
:102028000AEB810E94420BEB810167EEA67A27EE4C
:10203800067A67EE867A8EED007AC1ED007ADFD8EF
:102048008300D7F810B07B6134E5F0EE675AFEEEF6
:10205800E45A15EE900A34E7F0EE675AFEEEE45AB9
:1020680015EE901A6EE7F0EE675AFEEEE45A15EE9A
:10207800900A3AE7F0EE675AFEEEE45A15EE900A37
:102088004BE767EEA57AFDEEE77A17EE900A00B205
:1020980032E567EEA57AFDEEE77A17EE900A00B210
:1020A8003FE5F0EE675AFEEEE05A15EE901A4CE660
:1020B800F0EE675AFEEEE05A15EE900A30E6F0EEC2
:1020C800675AFEEEE05A15EE900AFDE5F0EE675A03
:1020D800FEEEE05A15EE900A0AE667EEA57AFDEEE6
:1020E800E77A17EE901A09B24AE567EEA57AFDEE8F
:1020F800E77A17EE900A00B22CE5F0EE675AFEEE8A
:10210800E45A15EE902A1FE467EEA57AFDEEE77A09
:1021180017EE902A12B2FFF731BBF0EE675AFEEEC7
:10212800E45A15EE902AFFF7FDBBF0EE675AFEEE73
:10213800E05A15EE902AFFF79BBBF0EE675AFEEEC9
:10214800E05A15EE902AFFF780BB67EEA57AFDEE00
:10215800E77A17EE902A12B2FFF724BB82FF7F00BE
:1021680000000030000000387E0080FF30B5184CB9
:10217800154685B0046004F1080EEC460FC98EE8D8
:102188000F00D4ED047AF5EEC07A8CE80F00F1EE7A
:1021980010FA1ADDB7EE006A94ED057A27EE277A71
:1021A800C6EE276A84ED0D7AC4ED0C6A6DB120463F
:1021B80040F8185F01F09CFD064903690020064AB3
:1021C8002162A262E36005B030BD012005B030BDD8
:1021D8006806002400200030000000300068083045
:1021E800704700BF0068183001F0E2BD30B50468E0
:1021F80083B008480D46A368A26A216A9B00009034
:1022080004F1180001F076FD0020C4E9000503B0D0
:1022180030BD00BFB915000810B4074B4FF07E5110
:1022280030240022032019619C60D8605DF8044BBB
:102238005961C3E9062270476806002400B583B0D7
:102248004FF0000E4FF0030C4274ADF80410BDF8C7
:10225800043080F810E0A0F802C0038003B05DF8F5
:1022680004FB00BF2DE9F04FDFF81C8300258DB07B
:10227800C04C037008F140034260074601920E46C5
:10228800202229464046C4F86831C4F86481CDE963
:102298000255CDE90455CDE90655CDE90855CDE9F6
:1022A8000A550FF0B1FE2022294604F5A170C4F8A2
:1022B8003151C4F83551C4F83951C4F83D510FF0C3
:1022C800A3FE019B84F8485284F830317A68002ACA
:1022D8006AD02B4604F59871454606F1100A9E46C9
:1022E800F01856F803B0E2180EF1010ED0F80CC041
:1022F800D0F80490D0F8088044F803B0C2F80CC0B5
:102308004FF0000CC2F80490C2F80880008A25F843
:1023180002CB10821AF8032001F8012F002A70D08E
:102328007A684FF001001233724584F84802D7D812
:102338004FF4802290489DF8043008214FF000089F
:102348004FF00009C4F884310023C4E95B0201227C
:10235800C4F8743184F88031C4E95E2194F84812D5
:10236800C4E96489A9B3C4F89821002284F88131AA
:1023780084F888313B78C4E96722002B38D00122E1
:1023880000200121013B84F8A421C4E96C01082B39
:1023980030D8DFE813F0BD00C200C700CC00D10080
:1023A800D600DB00E100E8009DF804300121C4F804
:1023B8007421C4F884314FF4802384F880216E4A54
:1023C800C4E95B2308230022C4E95E130023C4E99F
:1023D80064230123002284F88131002384F88831A2
:1023E8000323C4F898313B78C4E96722002BC6D18F
:1023F80084F8A431614802F01BFE034638B1FFBEE1
:10240800FEE77A68123372453FF66AAF90E702A991
:102418005A48029302F06AFF8246002876D10422C5
:1024280040F2FF710A90CDE9081294F83021002A91
:1024380000F0F3804FF006080AEBCA034FEACA0916
:1024480004EB43035B7C072B07D8DFE803F0595CF8
:102458005653504D4A04072307930FFA8AF6D1447E
:1024680006EBC60604EB490904EB46077500384637
:1024780000F020FB99F81030042B00F3AA80022BFF
:1024880000F3BD8000F0B98004EB0A03002283F852
:10249800202114F81630002B78D0022B00F08A8007
:1024A800012B40F0B2807B78012B00F0B080002B2C
:1024B800334B18BF002305A93048CDE9053802F091
:1024C800E3F9002840F0AC800AF1010A94F83031B1
:1024D8005FFA8AFA534540F2A0802A4B53F82A80C3
:1024E800AAE706230793B8E705230793B5E704236C
:1024F8000793B2E703230793AFE702230793ACE7F9
:1025080000230793A9E701230793A6E7FFBEFEE789
:1025180003224023C4E96A236CE707226023C4E945
:102528006A2367E70F228023C4E96A2362E71F2230
:10253800A023C4E96A235DE73F22C023C4E96A23D4
:1025480058E77F22E023C4E96A2353E7FF224FF4C8
:102558008073C4E96A234DE740F2FF124FF4907389
:10256800C4E96A2346E740F2FF324FF4A073C4E996
:102578006A233FE7A0060024002002400C0800243C
:102588000002B02598200108004000307B78062B17
:1025980037D0072B3DD0022B4AD0032B4AD0002B33
:1025A8004CD0012B48D0042B4AD0052B254B18BF03
:1025B800002380E77B78042B25D0052B2BD08BB309
:1025C800012B31D0022B31D0032B1F4B18BF002316
:1025D80071E70323043504EB0A0B4FF00009254487
:1025E8008BF82031284609F1010900F063FA9BF8BD
:1025F800203104354B45F5DC4BE70123EAE702239C
:10260800E8E7124B57E7124B55E7002353E7114B06
:1026180051E7114B4FE7114B4DE70DB0BDE8F08F77
:10262800FFBEFEE70E4B46E70E4B44E70E4B42E774
:102638000E4B40E70E4B3EE70E4B3CE70E4B3AE79E
:102648000E4B38E70000B84F002090360800900C79
:102658001000C0102000F0148000501D00018021DF
:102668000004002A0008302E001060320040C03AF2
:102678000080F03E00005247000021430000844BD8
:1026880038B5094C40F2FF724FF0011104F5B675E8
:10269800284602F0D9FD94F83021D4F86411284670
:1026A800BDE8384002F044BBA0060024064B0F29C1
:1026B800D3F8643198BF03EB41031B8800EE103A4E
:1026C800BBEEC80A704700BFA0060024214B026871
:1026D8009A4200D07047204A00232048D2F8D810E8
:1026E80030B51F4C41F0200183B0C4F8D001092057
:1026F80004F5E875C4E975034FF48060C2F8D81092
:10270800D2F8D8204FF40061C4E9773094F8480231
:1027180002F02002C4F8E4114FF4005198420192EB
:102728002846C4F8E811C4E97C33019B14BF002390
:102738004FF48073C4F8EC3102F0FEFF08B1FFBE1D
:10274800FEE704F5B673C4F8B851C4F8083203B00C
:1027580030BD00BF00200240004402584000024043
:10276800A0060024014803F05FBB00BF70080024E6
:1027780002682DE9F84F4B4B9A4201D0BDE8F88F1B
:10278800494D95F84832002BF8D095F83031002B98
:1027980077D0002405F10C0905F5A17605F59877A1
:1027A800A04613E003F0010117F811BCA9F10800D5
:1027B80000F05CFABBF1010F25D895F830310134EF
:1027C80009F112090236A2B293422BD917F8012F48
:1027D800002AF4D0D5F864310021327833F8140097
:1027E800D5F8683103EB041323F81200338801335A
:1027F8009BB233805FFA83FA3A789A42D2D88A46F3
:10280800A6F80080D0E7CAF34001A9F1040000F05F
:102818002DFABBF1020FCAF38001CED0484600F072
:1028280025FACAE7002395F8480220490922984268
:10283800C5F8D8314FF48060C5F8D011C5F8D42157
:102848004FF400614FF40052C5F8DC3108BF4FF473
:102858008073C5F8E821C5E9780100221448C5E964
:102868007B32C5F8F42102F067FF08B1FFBEFEE72E
:1028780095F83021D5F864110E48BDE8F84F02F0FC
:1028880057BA0A4909224FF48060C5F8D831C5E91A
:1028980074124FF400614FF40052C5E97730C5E96E
:1028A8007912DAE700200240A00600244000024026
:1028B800700800240C080024704700BF10B592B0BF
:1028C800ADF804100180C9B2149C0B29C460C0E99A
:1028D80001233FD090F801C0BCF10F0F3AD8022A6B
:1028E8003FD0032A02D0012A00D000220E92012BE9
:1028F80002D0022B18BF0023022C0F932CD0032CDC
:102908002AD0012C28D000230A29109327D85C4A02
:1029180002EB812202610A2914D8DFE801F0A395AD
:1029280087796B5D4F4133250600564BD3F8E0108D
:1029380041F48061C3F8E010D3F8E03003F4806319
:102948000C930C9B01230DA9104603FA0CF30D936D
:1029580003F0BCFD12B010BD0A291094D7D900228B
:10296800D8E711220E92C2E7464BD3F8E01041F4A3
:102978000071C3F8E010D3F8E03003F400730B9350
:102988000B9BDFE73F4BD3F8E01041F48071C3F8AD
:10299800E010D3F8E03003F480730A930A9BD1E780
:1029A800384BD3F8E01041F08001C3F8E010D3F8B9
:1029B800E03003F080030993099BC3E7314BD3F858
:1029C800E01041F04001C3F8E010D3F8E03003F024
:1029D80040030893089BB5E72A4BD3F8E01041F071
:1029E8002001C3F8E010D3F8E03003F02003079388
:1029F800079BA7E7234BD3F8E01041F01001C3F879
:102A0800E010D3F8E03003F010030693069B99E733
:102A18001C4BD3F8E01041F00801C3F8E010D3F8DC
:102A2800E03003F008030593059B8BE7154BD3F8BB
:102A3800E01041F00401C3F8E010D3F8E03003F0EF
:102A480004030493049B7DE70E4BD3F8E01041F098
:102A58000201C3F8E010D3F8E03003F00203039357
:102A6800039B6FE7074BD3F8E01041F00101C3F86F
:102A7800E010D3F8E03003F001030293029B61E712
:102A8800000002580044025808B501214378006943
:102A9800994089B203F022FF003818BF012008BD11
:102AA80001230A464178006903FA01F189B203F06B
:102AB8001BBF00BF8378022B30B504468FB037D0D8
:102AC800032B33D0012B31D000230A93E378012B59
:102AD8002AD0022B28D000230B93002320460C93E6
:102AE80001F04CFD0546204601F050FD2378099081
:102AF800082B13D8DFE803F01F3245586B7E91A4EA
:102B08000500594BD3F8E02042F48072C3F8E02066
:102B1800D3F8E03003F480730893089B09A928468A
:102B280003F0D4FC0FB030BD0B93D6E70A93CDE782
:102B380011230A93CAE74C4B09A92846D3F8E02089
:102B480042F00102C3F8E020D3F8E03003F00103BB
:102B58000093009B03F0BAFC0FB030BD424B09A9AB
:102B68002846D3F8E02042F00202C3F8E020D3F868
:102B7800E03003F002030193019B03F0A7FC0FB0C0
:102B880030BD394B09A92846D3F8E02042F00402A9
:102B9800C3F8E020D3F8E03003F004030293029B6B
:102BA80003F094FC0FB030BD2F4B09A92846D3F889
:102BB800E02042F00802C3F8E020D3F8E03003F048
:102BC80008030393039B03F081FC0FB030BD264B31
:102BD80009A92846D3F8E02042F01002C3F8E02003
:102BE800D3F8E03003F010030493049B03F06EFC69
:102BF8000FB030BD1C4B09A92846D3F8E02042F09D
:102C08002002C3F8E020D3F8E03003F02003059356
:102C1800059B03F05BFC0FB030BD134B09A9284698
:102C2800D3F8E02042F04002C3F8E020D3F8E030C7
:102C380003F040030693069B03F048FC0FB030BD39
:102C4800094B09A92846D3F8E02042F08002C3F8CE
:102C5800E020D3F8E03003F080030793079B03F0EC
:102C680035FC0FB030BD00BF0044025870B50646B1
:102C78000D4601F083FC0446304601F087FC2A1E0D
:102C88000146204618BF0122BDE8704003F02CBE63
:102C98000023122270B586B0CDE90223049303689D
:102CA800032B01D804230593061D841D304601F02B
:102CB80065FC0546304601F069FC034601A9284633
:102CC800019303F003FC204601F058FC034620461C
:102CD8001C4601F05BFC01A903462046019303F062
:102CE800F5FB06B070BD00BF634A0368934210B598
:102CF8008CB028D0614A934258D0614A934200F080
:102D08009480604A934201D00CB010BD5E4C5F487D
:102D1800D4F8E03043F00203C4F8E030D4F8E030EF
:102D280003F002030A930A9BFFF7B2FFD4F8F430CA
:102D380043F08003C4F8F430D4F8F43003F080038F
:102D48000B930B9BE0E7504C5148D4F8E03043F02C
:102D58000203C4F8E030D4F8E03003F00203019332
:102D6800019BFFF795FFD4F8E83000221F2043F4B9
:102D780000131146C4F8E830D4F8E83003F400131F
:102D88000293029BD4F8D83043F00103C4F8D8303A
:102D9800D4F8D83003F001030393039B02F01AFB25
:102DA8001F200CB0BDE8104002F052BB364C394829
:102DB800D4F8E03043F08003C4F8E030D4F8E030D1
:102DC80003F080030493049BD4F8E03043F002033B
:102DD800C4F8E030D4F8E03003F002030593059B13
:102DE800FFF756FFD4F8E8300022212043F480038F
:102DF8001146C4F8E830D4F8E83003F480030693A9
:102E0800069BD4F8D83043F00103C4F8D830D4F87E
:102E1800D83003F001030793079B02F0DBFA212067
:102E28000CB0BDE8104002F013BB1B48FFF730FFA1
:102E3800154B00224820D3F8E840114644F400041A
:102E4800C3F8E840D3F8E84004F400040894089C68
:102E5800D3F8D84044F00104C3F8D840D3F8D830A8
:102E680003F001030993099B02F0B4FA48200CB05F
:102E7800BDE8104002F0ECBA005400400058004091
:102E8800005C0040001C005800440258780B0024E5
:102E9800F0080024C8090024A00A00242DE9F04302
:102EA8001A4B87B000254FF010099E46EC46184B88
:102EB800FF22E04667461A700EF118060EF130043C
:102EC800CDE90055CDE90255ADF80090BCE80F00FA
:102ED800CDE90455AEE80F009CE803000095ADF875
:102EE80000908EE80300B8E80F000FC69CE80300C6
:102EF8000095ADF8009086E803000FCF0FC49CE85A
:102F0800030084E8030007B0BDE8F083080100244B
:102F1800EC08002410B5EFF3108472B6084B1A7849
:102F2800120602D504B962B610BD1B78D82205482E
:102F38005BB202FB0300143002F076FFF2E700BF39
:102F4800EC080024F0080024014804F065BB00BF29
:102F58007C090024014804F05FBB00BF540A002428
:102F6800014804F059BB00BF2C0B00242DE9F043A5
:102F78000F68D8243F4D85B007FB04F4032F05EBF9
:102F88000403036040DCCB680E46012B3CD84DD0CF
:102F98004FF0D808B646DFF8FC9008FB0758BEE8A3
:102FA8000F00C446ACE80F00DEF800300DF1100E3B
:102FB800CCF80030D8F808C099E80F000EE90F00E7
:102FC8000EEB8703BCF1010F53F8103CC8F88C30A6
:102FD80031D0BCF1020F42D0BCF1000F35D0317CAA
:102FE8008C34D823002201202C4403FB07534900CA
:102FF800C3E92602C3F894102046C3E92822C3E98E
:103008002A2204F0FBF818B1012005B0BDE8F083CE
:103018000146204604F00CFB0028F5D10146204665
:1030280004F030FB003818BF0120EEE70B7C103BA2
:10303800672BADD9E8E701F01BF90F4B98420CBF9D
:103048000E4B0F4BC8F89030C9E701F011F90A4B45
:1030580098420CBF0B4B0C4BC8F89030BFE701F0FF
:1030680007F9054B98420CBF084B094BC8F890303C
:10307800B5E700BFF0080024000E27072D0FB03079
:103088003211D0205F4390608A62E030200BA0109C
:103098001A098010202001082DE9F041D0F800809D
:1030A80082B00D4617461E4608F18C04204604F0EF
:1030B800BBFA2028FAD1D8F80C3073B96D00204635
:1030C800089C33463A46A9B2009404F0EDF800385B
:1030D80018BF012002B0BDE8F081089B324639468E
:1030E800204604F0B5F9F2E7044B10221A7483F86D
:1030F800E82083F8C02183F898227047F00800245C
:1031080030B5002395B04FF48071062204460B9326
:1031180006921393CDE90C13CDE90E33CDE91133A3
:1031280001F0A8F807282BD004F1100541F28832E5
:1031380006A9284605F0B8F828B10123184684F8EE
:103148005C3015B030BD0222022306A92846CDE91D
:10315800002310220123CDE9022300224FF480032B
:10316800CDE9042305224FF0807306926A460F9337
:1031780041F2883305F004FA0028DED115B030BDDD
:103188000323012084F85C3015B030BD0000000036
:1031980070B50023A4B04FF080724FF480750446D8
:1031A800ADF806300D93CDE910320122CDE90E536A
:1031B800CDE91223CDE91433002943D0F02300F1DF
:1031C800100508AEADF80630C02341F2883231460A
:1031D8002846089305F068F828B10123184684F8B2
:1031E8005C3024B070BD41F288320DF106012846EA
:1031F80005F0C4F803460028EFD105224FF480718A
:103208001E93284616924FF080721B9321931F92AB
:1032180002AA9FED1F7BCDE91C13CDE922338DED6A
:10322800027B9FED1D7B41F2883316A98DED047B4F
:103238009FED1B7B8DED067B05F0A2F90028CCD114
:1032480024B070BD00F1100508AE612341F2883248
:1032580031462846089305F027F80028BDD141F2E9
:1032680088320DF10601284605F006F90028B4D188
:10327800BDF80630204623F0780343F04003ADF84C
:103288000630FFF73DFF00289ED0A6E7AFF3008089
:103298000000000001000000100000000100000014
:1032A80000000000000040002DE9F04F00234FF41B
:1032B800807501264FF0807804462DED028BABB067
:1032C8008DF8073013932193299314950E96CDF812
:1032D8005C80CDE91533CDE91863CDE91A33CDE922
:1032E8002253CDE92433CDE9273306231C9300F07C
:1032F800C1FF072808D004F1100741F288321CA941
:10330800384604F0D1FF40B10123184684F85C30F8
:103318002BB0BDEC028BBDE8F08F4FF0020A4FF0E6
:10332800020B4FF0050941F2883308AA1CA9384658
:10333800CDF89480CDF870909FED2D8BCDE908AB3A
:103348004FF0000A4FF4800B8DED0A8BCDE90CABE2
:1033580005F016F90028D7D141F2883238460EA96F
:1033680004F0A2FF0028CFD1402341F288320DF1AA
:10337800070138468DF8073005F000F80028C3D15A
:1033880041F288330EA902AA3846CDF83890CDF814
:103398005C809FED197B8DED048BCDE906AB8DED3F
:1033A800027B05F0EDF803460028ADD1CDF870900A
:1033B8004FF00109CDF894804FF00008219308AA36
:1033C80029931CA938462295CDE92333CDE9273323
:1033D80041F288338DED0A8BCDE90CABCDE9088934
:1033E80005F0CEF8002893D0304684F85C608FE76B
:1033F8001000000001000000400000004000000034
:103408002DE9F043624CA3B00D46046000F032FF92
:10341800072800F0A980286823466968AA6807C3B6
:103428001E46AB8926F8043B3046257B677B04F0B3
:103438001DFFE0B9574B012D4FF00108E0612361F2
:1034480014BF4FF480134FF40003C4E9058893FABE
:10345800A3F3B3FA83F34FF48079013BC4F82490C3
:10346800C4E90B003046236204F094FE38B101220F
:10347800134684F85C20184623B0BDE8F083662321
:103488000B90139041F2883206A90693CDE90C906F
:10349800CDE90E00CDE91100304604F005FF002803
:1034A800E5D1992341F2883206A93046069304F003
:1034B800FBFE0028DBD105231C9019906A46149363
:1034C8004FF08073219014A91D9341F288339FED2A
:1034D8002A7BCDE91A90CDE91F008DED007B9FED89
:1034E800287B30468DED027B9FED277B8DED047B9D
:1034F80005F046F80028BAD129462046FFF748FECD
:103508000028B4D12046FFF7CFFE03460028AED1ED
:10351800002FB0D1189330460027002606AA14A918
:10352800CDF86890CDE91F33EB2314934FF4406333
:103538001B934FF4005317934FF440431C93A0235D
:103548001693062319934FF0805321934FF040733D
:10355800CDE906671D9305F08BF8034600288AD04D
:10356800434684F85C8086E701230322184684F8E2
:103578005C2023B0BDE8F0830000000001000000DB
:1035880010000000010000000000000000004000E2
:10359800500C0024005000522DE9F04F8FB0414BE1
:1035A8000024026800AF9A427C63C7E90944C7E96E
:1035B8000B4403D03C37BD46BDE8F08F3A4B40F68C
:1035C80009213A48EB46D3F8D42007F11C0607F145
:1035D800220A4FF0020942F480424FF00308C3F870
:1035E800D420D3F8D42002F48042BA60BA68D3F861
:1035F800E02042F04002C3F8E020D3F8E02002F0D7
:103608004002FA60FA68D3F8E02042F02002C3F8DA
:10361800E020D3F8E02002F020023A613A69D3F8BA
:10362800E02042F01002C3F8E020D3F8E02002F0D6
:1036380010027A617A69D3F8E02042F00202C3F8F6
:10364800E020D3F8E030F86103F002033984BB616D
:10365800174B7B60BB697B6853F8040F7B6000F0F5
:103668008DFF7B680546186800F090FF16F8013B4F
:10367800786207F124012846C7F830807B63C7E9E0
:103688000A9402F023FF5645E5D100225C2011463A
:1036980001F0A0FE5C2001F0DBFE3C37DD46BD46B4
:1036A800BDE8F08F00500052004402580A0A090988
:1036B800AC0C0024114B02689A4200D07047104AA3
:1036C80070B5D2F8D4300F4C23F4804304F11806B7
:1036D800C2F8D43054F8040F00F050FF05462068B3
:1036E80000F054FF0146284603F030F8B442F1D107
:1036F8005C20BDE8704001F0B9BE00BF0050005228
:1037080000440258AC0C0024014805F03DB800BF45
:10371800600C0024084B1A1D981D03F1080110B411
:103728009C1C9A6603F10A02C3E91834C3E91B0119
:103738005DF8044B5A677047500C002438B503688D
:1037480071B9026A00F1280500F5AC74012A0CBFB2
:10375800002140218BBB1D4B5722C0F858310DE08A
:10376800426A00F1C00500F5E874012A0CBF002187
:103778004021EBB1164B5A22C0F8D0310023204625
:10378800C4E901214FF480524FF4806163626261A1
:103798004FF48042C4E903314FF48073C4E906232F
:1037A8004FF40033236201F0C7FF58B1FFBEFEE7B4
:1037B800084B5822C0F8D031E0E7074B5922C0F82F
:1037C8005831DBE7C5E92044A56338BD1000024045
:1037D8007000024028000240580002402DE9F043E2
:1037E800821D05468BB0031D05F10A010830CDE99D
:1037F800052305F10C02AB69CDE907010992002BFD
:103808003DD0EB69B3FA83F84FEA58180123022236
:1038180005AE0AAF4FF006090393CDE9012356F828
:10382800044B2B792278934216D02B68F3B1012BE5
:1038380002D1F2B10A230493204600F0A7FE034602
:103848002046009300F09AFE694602F03FFEBE4211
:10385800E5D10BB0BDE8F083697963789942E4D18A
:10386800B8F1000FF3D02B68002BE0D1CDF8109001
:10387800E2E76378022B14BF0A230823DBE74FF043
:103888000108C3E7534A0368934230B505468BB035
:1038980055D02032934252D04F4A934204D020321E
:1038A800934201D00BB030BD4C4C4D48D4F8E030B9
:1038B80043F00103C4F8E030D4F8E03003F001032A
:1038C8000593059BD4F8E03043F00803C4F8E030D2
:1038D800D4F8E03003F008030693069BD4F8E030F0
:1038E80043F04003C4F8E030D4F8E03003F040037C
:1038F8000793079BD4F8F03043F40003C4F8F03082
:10390800D4F8F03003F400030893089BFFF766FF30
:10391800D4F8D830296843F001032F4A3048C4F856
:10392800D830891AD4F8D83018BF012103F0010320
:103938000993099B0BB0BDE83040FFF7FFBE274C49
:103948002848D4F8E03043F00103C4F8E030D4F854
:10395800E03003F001030093009BD4F8E03043F01B
:103968001003C4F8E030D4F8E03003F010030193FA
:10397800019BD4F8E03043F04003C4F8E030D4F8B9
:10398800E03003F040030293029BD4F8F03043F494
:103998008003C4F8F030D4F8F03003F480030393C4
:1039A800039BFFF71BFFD4F8D830296843F00103C5
:1039B800084A0C48C4F8D830891AD4F8D83018BF47
:1039C800012103F001030493049B0BB0BDE83040D0
:1039D800FFF7B4BE04580140045C0140004402589B
:1039E800240F0024C80C0024014802F01DBA00BFAF
:1039F800200E0024014802F017BA00BF980E0024D8
:103A0800014802F011BA00BF7C100024014802F0FE
:103A18000BBA00BFF41000241A4A0368934210B48A
:103A28000BD02032934208D0174A934216D0203246
:103A3800934213D05DF8044B7047144B0022D3F81F
:103A48005442C3F85822002CF4D0D3F84802D3E9E2
:103A5800931223465DF8044B520818470B4B00227B
:103A6800D3F8B044C3F8B424002CE3D0D3F8AC2482
:103A7800D3F8A814D3F8A404520823465DF8044BDD
:103A8800184700BF04580140045C0140C80C0024DA
:103A9800184A0368934210B40BD02032934208D0DE
:103AA800154A934217D02032934214D05DF8044B44
:103AB8007047124BD3E994245208C3F85822002CBB
:103AC800F4D0D3E99201234601EB820100EB820096
:103AD8005DF8044B1847094BD3F8AC24D3F8B0442D
:103AE8005208C3F8B424002CE0D0D3F8A814D3F8B3
:103AF800A404E8E704580140045C0140C80C002411
:103B08002DE9F04F0C684FF41776754F87B004FB1A
:103B180006F6012C07EB060AC0F800A000F3A08007
:103B28000D468E464FF00008D44669A3D3E900231A
:103B380069A1D1E90001CDE9022306ABCAF8508298
:103B480003EB8403CDE9040153F810BC53F8083C97
:103B5800CAE992880193BEE80F00ACE80F00BEE8FE
:103B68000F00ACE80F00019B9EE80300CAF828B0DC
:103B7800CAF8C0308CE803002B69042B0CD8DFE8A6
:103B880003F0737D879103004FF41773554A03FBC5
:103B980004739A64C3F8E020AA692B6A002A43D008
:103BA800002B4FF4177308BF022203FB047318BFDE
:103BB8000322DA6201221A63EA696B6A002A40D199
:103BC800191E4FF4177318BF012103FB0473C3E9CF
:103BD80031126B69022B05D8434A12F80380434A15
:103BE80052F823904FF4177306F1280042464946CD
:103BF80003FB04740023384463646363E365C4F817
:103C0800DC30C4F8CC30C4F8F430C4E90F33C4E96C
:103C18001533C4E93533C4E93B33022306F056FEB5
:103C2800002849D0FFBEFEE7191E4FF4177318BFCE
:103C3800012103FB0473C3E90B12EA696B6A002ACA
:103C4800BED0002B4FF4177308BF022203FB047386
:103C580018BF0322C3F8C4200122C3F8C820B8E75C
:103C6800012007B0BDE8F08F4FF417734FF4FA52F4
:103C780003FB04739A64C3F8E0208DE74FF41773CD
:103C88004FF47A5203FB04739A64C3F8E02083E785
:103C98004FF417734FF4FA4203FB04739A64C3F8A2
:103CA800E02079E74FF417734BF6803203FB047377
:103CB8009A64C3F8E0206FE706F1C0000223424689
:103CC8004946384406F002FE0028CAD0FFBEFEE787
:103CD80004580140045C014024580140245C014020
:103CE800C80C002400770100D8200108DC20010856
:103CF8000068704770B5046882B015460E46C4F86F
:103D08005032C4E99212069AC4F85422A269012AD0
:103D180026D0626A012A9AB211D0294604F1C0005D
:103D2800019206F08FFE236A019A012B10D02946D2
:103D380004F1280006F086FE002002B070BD04F1F0
:103D4800C000019206F010FF236A019A012BEED100
:103D5800314604F1280006F007FF002002B070BDCC
:103D6800226A012A9AB211D0294604F12800019248
:103D780006F068FE636A019A012B10D0294604F107
:103D8800C00006F05FFE002002B070BD04F12800FC
:103D9800019206F0E9FE636A019A012BEED13146E1
:103DA80004F1C00006F0E0FE002002B070BD00BFC4
:103DB80003681B69042B05D8044A02EB830393EDBF
:103DC800000A70479FED020A704700BFE82001080B
:103DD80000803B470368D3F858027047704700BF1C
:103DE80008B500F0DBFCBDE8084001F0BBBB00BF34
:103DF800064808B503680BB102F07AFD0448036869
:103E08001BB1BDE8084003F069BC08BD901500244B
:103E180088110024064808B503680BB102F068FD54
:103E2800044803681BB1BDE8084003F057BC08BD4F
:103E38009015002488110024064808B503680BB1C2
:103E480002F056FD044803681BB1BDE8084003F0C2
:103E580045BC08BD9015002488110024364BDA6A49
:103E6800520062D59A6A9A6A9A6A9B6A180600D5BD
:103E780000BE314B9B6A990600D500BE2E4B9B6A4B
:103E8800DA0600D500BE2C4B9B6A1B0700D500BE86
:103E9800294B9B6A980700D500BE274B9B6AD90718
:103EA80000D500BE244B9B6A1A0400D500BE224BE5
:103EB8009B6A9B0400D500BE1F4B9B6AD80400D5A3
:103EC80000BE1D4B9B6A190500D500BE1A4B9B6AA4
:103ED8005A0500D500BE184B9B6A9B0500D500BE4D
:103EE800154B9B6AD80500D500BE134B9B6A9901F8
:103EF80000D500BE104B9B6ADA0100D500BE0E4B00
:103F08009B6A1B0300D500BE0B4B9B6A580300D568
:103F180000BE094B9B6A990300D500BE064B9B6AFD
:103F2800DA0306D400BE00BEFEE7DB6A9B07FAD5BB
:103F3800F8E700BEF6E700BF00ED00E000F040BC87
:103F48000A4B9B6803F17843B3F5003F0BD3084B4A
:103F5800986848B19868012806D09868022803D064
:103F68009B68032070470120704700BF00ED00E008
:103F7800000080382DE9F041CEB004464C220021E3
:103F88000AA80EF041F82022002102A80EF03CF801
:103F9800BC2200211EA80EF037F8022004F012F807
:103FA8002368012B4FF0000354D0534A0225019394
:103FB800C820D16A514B21F00101D162D26A02F0C6
:103FC800010201929A6942F440429A619B6903F4A2
:103FD80040430193019B494A93699B04FCD5484996
:103FE8000224002201268B6A04274FF0080823F0D8
:103FF800030323438B62052316900AA818934FF4F2
:1040080080331096179419941597CDF86880CDE9E8
:104018001B222122CDE91344CDE90A2304F0BCFC7C
:1040280000B1FEE73F220323294602A8CDE9022377
:1040380000220823CDE9042340224023CDE90623AA
:1040480040234FF48062CDE9082304F0D3FF0346F0
:10405800B8B1FEE7294A04250093F0209169264B60
:1040680041F440419161926902F440420092DA6A57
:1040780042F00102DA62DB6A03F001030093009B5D
:10408800A9E720224FF4805125934FF440152B9235
:1040980080222D931EA83093269135914FF480717C
:1040A800249234920C223394439140F227112092A7
:1040B8001022CDF884802A971F96CDE92E34CDE9B9
:1040C8003B334FF48033CDE92246319300244693A5
:1040D8000623CDE93E4527934FF48063094C2C9382
:1040E8001E94CDE9281205F0E1F900B1FEE703F0CE
:1040F8008FFF4EB0BDE8F081000400580048025818
:10410800004402580F130F0370B584B0012401F066
:10411800D7F94FF480764FF04052194B6846002586
:10412800ADF800400396CDE9012301F0E7F9192223
:104138004FF0404368468DF8082001938DF80F40F2
:10414800ADF80D608DF801408DF80A5001F0D6F9F0
:1041580002230B2268468DF80F508DF801304FF07E
:1041680062538DF808200193ADF80D408DF80A4090
:1041780001F0C4F9042001F0B1F904B070BD00BF2A
:104188000E00010330B50D46044685B0D1E90001A3
:1041980084E8030000F0D2FAAB79A3B30AF08EF8F2
:1041A800FEF77CFE08F0F4FC09F080FD2B798BBB50
:1041B8006B799BB1BFF34F8FBFF36F8F2A4B0022F0
:1041C800C3F85022BFF34F8FBFF36F8F5A6942F481
:1041D80000325A61BFF34F8FBFF36F8F4FF0FF323A
:1041E8000023002400256946204802928DF80C30EF
:1041F800CDE9004509F0ECF81C4809F051F908F040
:10420800F7F805B030BD2046FFF7B4FE2046FFF7AB
:104218007BFFC3E7144C0023C4F88430BFF34F8FEF
:10422800D4F8801043F6E07EC1F34E3CC1F3C901D7
:104238004FEA4C1C0CEA0E000B4640EA8372013B25
:10424800C4F860225A1CF8D1ACF1200C1CF1200FE4
:10425800F0D1BFF34F8F636943F480336361BFF3D9
:104268004F8FBFF36F8FA3E700ED00E080110024AC
:1042780004F0F0BF1C4B9B6803F17842B2F5003F95
:1042880025D3B3F5803F20D303F16042B2F5003F58
:104298001FD303F15C42B2F5002F1CD303F1704227
:1042A800B2F5902F19D303F14842B2F5803F16D3E7
:1042B80003F18042B2F1806F13D303F1E043B3F509
:1042C800000F2CBF082007207047012070470020EE
:1042D800704702207047032070470420704705206C
:1042E80070470620704700BF00ED00E00348002338
:1042F800034A044903600DF079BA00BF8011002415
:1043080000000024E53D000810B4204C0022204B9A
:1043180083B0D4F888101F4841F47001C4F888109D
:1043280019681D4C41F0010119601A6119680840AB
:104338001A4918609A61DA611A629A62DA621A6333
:104348005A639A63DA631A645A64186820F48020FE
:1043580018601A66D3F8DC2042F06042C3F8DC200B
:10436800D3F8DC300193019B23681940B1F1005F59
:1043780003D20B4B0122C3F80821044B4FF0006213
:104388009A6003B05DF8044B704700BF00ED00E091
:10439800004402587FEDF6EA0010005C0000FFFFC1
:1043A8000080005100F57171D0F8040407F008BCD2
:1043B800C1EBC10300EB8303D0F80404D3F808224F
:1043C80007F02CBCC1EBC10300EB8303D0F8040455
:1043D8009A6C07F061BC00BFD0F8040407F000BD78
:1043E800C16810B5044619B1022900D0FEE70121C1
:1043F800D4F8040407F0DEFCD4F80404BDE8104047
:1044080007F0B0BC10B50446D0F8040407F0D6FC99
:104418002268D2F8003E43F00103C2F8003E236A46
:1044280023B1034A136943F00603136110BD00BFAB
:1044380000ED00E0D0F8040407F0CABCD0F804048A
:1044480007F0DEBCD0F8040407F0D8BCD0F80404A8
:1044580007F0D8BCD0F8040407F0D6BC9446D0F8CE
:1044680098021A4608B5634603F09CFC032802D854
:10447800024B185C08BD022008BD00BF0C210108D2
:10448800D0F8980208B503F01BFD032802D8024BA8
:10449800185C08BD022008BD0C210108D0F898025C
:1044A80008B503F051FD032802D8024B185C08BD7B
:1044B800022008BD0C2101080A06D0F8983206D45B
:1044C800C1EBC10103EB810191F8FE01704701F0D6
:1044D8007F01C1EBC10103EB810191F83E007047F8
:1044E800D0F8980208B503F047FC032802D8024B1D
:1044F800185C08BD022008BD0C210108D0F89802FC
:1045080008B503F0B5FC032802D8024B185C08BDB7
:10451800022008BD0C210108D0F8980208B503F064
:104528007FFC032802D8024B185C08BD022008BD96
:104538000C210108D0F8C00207F014BFD0F8C0025F
:1045480007F028BFD0F8C00207F030BF704700BF9F
:10455800D0F8C00207F016BFD0F8C00207F016BFA7
:10456800D0F8D00308B502F083FD032802D8024B27
:10457800185C08BD022008BD10210108024B027812
:1045880053F82200704700BF34210108024B4278DB
:1045980033F81200704700BF142101088CB00A28B4
:1045A80014D8DFE800F01523313F4D5B6977859318
:1045B80006004D4BD3F8E02042F48062C3F8E020B7
:1045C800D3F8E03003F480630B930B9B0CB0704777
:1045D800454BD3F8E02042F00102C3F8E020D3F8BD
:1045E800E03003F001030193019BEFE73E4BD3F862
:1045F800E02042F00202C3F8E020D3F8E03003F0F4
:1046080002030293029BE1E7374BD3F8E02042F024
:104618000402C3F8E020D3F8E03003F00403039366
:10462800039BD3E7304BD3F8E02042F00802C3F8ED
:10463800E020D3F8E03003F008030493049BC5E7B7
:10464800294BD3F8E02042F01002C3F8E020D3F859
:10465800E03003F010030593059BB7E7224BD3F82E
:10466800E02042F02002C3F8E020D3F8E03003F065
:1046780020030693069BA9E71B4BD3F8E02042F0E2
:104688004002C3F8E020D3F8E03003F0400307937A
:10469800079B9BE7144BD3F8E02042F08002C3F855
:1046A800E020D3F8E03003F080030893089B8DE7FF
:1046B8000D4BD3F8E02042F48072C3F8E020D3F821
:1046C800E03003F480730993099B7FE7064BD3F826
:1046D800E02042F40072C3F8E020D3F8E03003F49D
:1046E80000730A930A9B71E700440258704700BFA1
:1046F8000F4B1B780BB90120704710B504464FF4D7
:104708007A700C4AB0FBF3F31068B0FBF3F000F0DA
:10471800C1FE0F2C00D808B1012010BD002221468F
:104728004FF0FF3000F056FE034B00201C6010BD18
:1047380058010024500100245C01002438B50320EE
:10474800124D00F035FE124C04F0B4FB114A124928
:104758009369C3F30323CB5C03F01F0320FA03F32D
:104768000E202B60926902F00F028A5C02F01F0291
:10477800D3402360FFF7BCFF10B10124204638BDA9
:104788000446FFF7B3FF204638BD00BF50010024A0
:104798005401002400440258FC200108034A044B39
:1047A80011681B780B441360704700BF541800242D
:1047B80058010024014B1868704700BF54180024A2
:1047C80038B50446FFF7F6FF0546631C02D0044BD4
:1047D8001B781C44FFF7EEFF431BA342FAD338BDF6
:1047E80058010024014B1868000C70470010005C49
:1047F800704700BF806B08B5FFF7FAFF08BD00BF20
:10480800836B5A6D12F0500F5A6D10B51DD119688F
:1048180042F400725A650A6812F0080FCA681BD081
:1048280012F4406F0DD1CA6894040AD45A6D22F468
:1048380080725A655A6DD10403D45A6D42F0010250
:104848005A651846FDF794FF10BDD2060AD4DB6CF2
:10485800BDE81040DB6C18479007E7D01846FDF715
:1048680087FFF1E71846FEF727F810BD806B08B5FB
:10487800436D43F040034365836D43F00403836550
:10488800FEF71AF808BD00BFF0B5002283B0019208
:1048980090F85020012A00F01C81034601201A6874
:1048A80083F850009468640700F18A800C68C4F3A8
:1048B8001305002D40F08F80C4F38464A0404D6838
:1048C8004FF01F0ED6694FEA951C30430CF00C0CC4
:1048D800D06105F01F0002F1300584400EFA00FE99
:1048E8005CF8050020EA0E0004434CF80540906887
:1048F80040076ED4956815F0080547D10C68072065
:1049080002F11406B94F4FEAD45CC4F304540CF016
:10491800040C00FA04FE886800FA04F45CF8060047
:1049280020EA0E0020434CF80600386800F070407A
:10493800B0F1805F00F0C580D068D668C70600F186
:10494800E880C6F382064869760000FA06F60F6921
:10495800042F00F0C18002F16004086854F827C0F1
:1049680000F0F8400CF0004C40EA0C00304344F8EA
:104978002700487E0E69012854F8260008BF4FF02A
:10498800004520F00040054344F826509068C407CD
:1049980014D4CE68086806F01807954CD2F8C050B1
:1049A800FC40C0F31307044025EA07052C43C2F86E
:1049B800C040904CA64246D0002816DB002003E0F9
:1049C8005A6D42F020025A65002283F8502003B045
:1049D800F0BD9068DAE794FAA4F5B5FA85F5C4F362
:1049E800846405F01F05A84069E783498A4200F0FE
:1049F800B68001F580718A4200F0B1807F4D804C0D
:104A0800A968A46801F0E076E44304F00104002CEE
:104A180000F0B4807B4CA04200F0FC807A4CA042AD
:104A280000F01A81794CA042C8D14902C6D4744911
:104A38008A42C3D1AA68002022F0E072324342F4CD
:104A48008002AA60C0E7002F6AD090FAA0F4B4FAF6
:104A580084F4013404F01F04092C00F2A48090FAB5
:104A6800A0F4B4FA84F490FAA0F5B5FA85F5013407
:104A780001260135A40605F01F0504F0F84406FADE
:104A880005F52C4390FAA0F0B0FA80F0304400F01D
:104A98001F0000EB400000052043C60D02F114057D
:104AA800C0F30450072406F0040604FA00F774590A
:104AB80024EA07048F6807FA00F020437051086859
:104AC8007AE7D6684869C6F38206760000FA06F6E1
:104AD8003DE7022003B0F0BD106E0C6800F0F8400E
:104AE800A506B0EB846F30D0506E00F0F8408542D8
:104AF80026D0906E00F0F84085422BD0D06E00F0A2
:104B0800F84085427FF442AFD06E20F00040D06676
:104B18003CE77608486906F0080600FA06F616E744
:104B2800800E441C04F01F06092E2DD8A40601206F
:104B380004F0F844B040044306EB46000005ABE738
:104B4800506E20F000405066D3E7106E20F0004011
:104B58001066C9E7906E20F000409066CEE7264CBC
:104B68002B4D04F58074A96854F8F86CA468344394
:104B780001F0E076E44304F0010448E75A6D0120AF
:104B880042F020025A651FE706EB4600A5060124FD
:104B98001E3805F0F84504FA06F60005354340F0DE
:104BA8000070284379E790FAA0F5B5FA85F590FAF0
:104BB800A0F4B4FA84F4013501260134AD0604F0FA
:104BC8001F0405F0F84506FA04F4254390FAA0F40A
:104BD800B4FA84F4344404F01F0404EB4404A4F14C
:104BE8001E00000540F00070DBE700BF0010005C0D
:104BF800FFFF0F000000FF4700200240006302583B
:104C080000600258000084CB000052C70000B8CFF3
:104C18000023024008023FF5D1AE17498A427FF4CB
:104C2800CDAE164AA9681268154821F0E0719209BC
:104C38003143A0FB020241F400019209A96052002D
:104C48000192019A002A3FF4B9AE019A013A019201
:104C5800019A002AF9D1B1E611F080707FF4AEAE66
:104C680005498A427FF4AAAEAA6822F0E07232436C
:104C780042F08072AA60A7E6006002585001002442
:104C8800632D3E0503689A68D20701D50020704756
:104C98009968214A114270B5044608D0636D012015
:104CA80043F010036365A36D0343A36570BD996862
:104CB8001A4A0A4042F001029A60FFF77BFD236816
:104CC800174A054693421ED002F5807293421AD0C5
:104CD800144A9268114E0AE09A68324042F0010282
:104CE8009A60FFF767FD401B0228D7D823681A6827
:104CF800D2070FD49A68D107EED5FFF75BFD401BAA
:104D08000228F3D9CAE7084A9268D006E2D0074ACF
:104D18009342DFD1002070BD3F000080C0FFFF7FBD
:104D28000020024000630258002302400021024094
:104D38002DE9F0413A4D044600680F461646A84250
:104D480019D0384B984216D0374DAB688068420767
:104D580016D494F85020012A12D003F01F0801221B
:104D6800B8F1090F84F850200DD90023012084F8E8
:104D78005030BDE8F0812D4DAB6880684207E8D51A
:104D88000220BDE8F08140F2212323FA08F3DB4337
:104D980013EA0205E9D12046FFF774FF002839D14C
:104DA800626D234B2168134043F480736365B8F147
:104DB800000F02D01B4B994203D0636D23F480137C
:104DC8006365636D13F4805328D0A36D23F0060345
:104DD800A365E06C3346174D3A464031C563164D1E
:104DE8000564164DC5641C2541F8405C002584F80F
:104DF800505051F83C5C45F0100541F83C5C00F01F
:104E080059FE22680E4B91680B4043F004039360EF
:104E1800BDE8F08184F85050BDE8F081A365D8E77B
:104E28000020024000210240006302580023024093
:104E3800FEF0FFFF09480008FD4700087548000814
:104E4800C0FFFF7F38B503689A68910702D59B6851
:104E5800002038BD9A68D20723D59A68044602F024
:104E68000D02012A08D0636D012043F01003636529
:104E7800A36D0343A36538BD986803210A4A02401D
:104E880042F002029A601960FFF794FC054604E0BC
:104E9800FFF790FC401B0228E5D823689B68DB07D6
:104EA800F6D4002038BD00BFC0FFFF7F38B5574A91
:104EB80004460368934226D002F58072934222D0BA
:104EC800534B9B6813F4403F22D004F0ADF963685C
:104ED8000546B3F5003F00F08880B3F5403F70D039
:104EE800B3F5803F00F08180FFF77CFC41F20303BB
:104EF80098422DD8474B9D425DD92268936843F468
:104F08008073936038BD444B9B6813F4403FDCD1F9
:104F18004FF4002005F054FA63680546B3F5101FF6
:104F28006DD008D8B3F5E01F55D01AD9B3F5001FD6
:104F3800DAD14509D8E7B3F5201F4AD0B3F5301FB9
:104F4800D2D1FFF74FFC41F20303984233D92D0A1F
:104F5800324B9D421DD82268936823F440739360B6
:104F680038BDB3F5801F06D00AD9B3F5A01F02D00B
:104F7800B3F5C01FB8D19B0C5B00B5FBF3F5B3E7E5
:104F8800B3F5002FF7D023F40022B2F5802FF2D02A
:104F9800AAE7234B234A2B4493421ED9224B234A88
:104FA8002B449342226893682BD823F4407343F42C
:104FB8000073936038BD2268936823F4807393600C
:104FC80038BD8508FFF70EFC41F203039842BFD8AD
:104FD80090E7C50988E7050986E72268936823F4FE
:104FE800407343F48073936038BD1B0CB5FBF3F535
:104FF800FFF7F8FB41F203039842A9D87AE785093D
:1050080072E743F44073936038BD00BF002002404C
:1050180000630258002D310100230240105E5F003A
:10502800EFA1A0FF0F5E5F00DF4341FF1FBCBE0082
:1050380030B5002383B00193002800F0D080456D7F
:105048000446002D00F0BA80226893689B0003D5BF
:105058009168714B0B4093609368DD0015D46F4BDA
:1050680090686F491B6801406E489B0941F0805168
:10507800A0FB030391609B090193019B2BB1019B4A
:10508800013B0193019B002BF9D19368D80024D4EC
:10509800636D012543F010036365A36D2B43A3657E
:1050A800936813F0040F636D1DD1D9061BD4636D8B
:1050B80023F4817343F0020363659368DB0728D404
:1050C800594B9A4217D003F580739A4213D0574B25
:1050D8009B68D9071DD4564A15E09368002513F03C
:1050E800040F636DE1D0636D012543F0100328467A
:1050F800636503B030BD4C4A4E4B92689B681343BE
:10510800D80706D44C4A9368616823F47C130B4390
:105118009360FFF767FB41F20303A1689842237F7E
:1051280052D894F815C01A04206B42EA4C32024354
:105138000A43012B03D1236A013B42EA4342636AD3
:1051480023B103F47873A16A0B431A4323683B49DC
:10515800D86801400A43DA609A6812F0040F9A6826
:105168001CD112071AD4D868354A217D024042EA78
:105178008132E16A0A43DA6094F83820012A3AD089
:105188001A6922F001021A611A692046616B22F03D
:1051980070420A431A61FFF789FE2368E268012A10
:1051A80021D01A6B22F00F021A63636D284623F090
:1051B800030343F00103636503B030BDFDF786FACE
:1051C800A56584F850503FE71029AAD1617D1A04DB
:1051D80042EA4132216B0A4342F01C02A9E7012549
:1051E800284603B030BD196BA26921F00F01013ABE
:1051F8000A431A63D9E7D4E9102118690A43114907
:1052080001400A43A16C0A43E16B42EA014242F0C1
:1052180001021A61B8E700BFC0FFFF5F5001002418
:10522800C0FFFF6F632D3E0500200240006002585A
:1052380000630258002102400023024003C0F0FF2F
:10524800FCBFFFFF1EF800FCF0B5002383B00193FC
:1052580090F85030012B40D0012304460E461546E5
:1052680080F85030FFF7EEFDE8B9676D05F0804231
:105278001B4B06F480311B4D3B401B4F43F0020390
:10528800636523689E68354015430D4345F0004526
:105298009D609A68002A0FDB636D23F0030343F0D7
:1052A8000103636503E0636D43F010036365002346
:1052B80084F8503003B0F0BD019A01320192019A8E
:1052C800BA42E6D9636D0022012023F0120384F864
:1052D800502043F010036365ECE7022003B0F0BDF3
:1052E800FDEEFFFFC0FFFE3FFF955A55F0B490F862
:1052F80050200E68012A49D00346294A01201C681B
:1053080083F85000944208D05A6D002142F02002E0
:1053180083F850105A65F0BC7047224DAA685207AE
:105328000AD5A2685A6D012042F020025A6500226F
:1053380083F85020F0BC7047A06810F00400F1D149
:10534800C6B1DFF868C04F68DCF8082022F4404294
:105358003A43CCF80820A468AA682243D40713D497
:105368008A68DCF8081016430F4A0A401643CCF83E
:105378000860DCE70D498A6822F440428A60A06828
:10538800AA680243D00704D50020D0E70220F0BC69
:1053980070478C683046044A22408A60C7E700BFDD
:1053A8000020024000210240E0F0FFFF00230240FD
:1053B80006494FF6FF0C0002054BCA6800F4E0608E
:1053C80002EA0C0210430343CB60704700ED00E093
:1053D8000000FA051B4BDB68C3F3022300B5C3F1D9
:1053E800070E03F1040CBEF1040F28BF4FF0040EA2
:1053F800BCF1060F1AD9033B4FF0FF3C0CFA03FC33
:1054080022EA0C024FF0FF3C00280CFA0EFC21EABD
:105418000C0101FA03F141EA02010ADB09010A4B16
:10542800C9B2034483F800135DF804FB0022134655
:10543800E8E700F00F000901044BC9B203441976EC
:105448005DF804FB00ED00E000E100E0FCEC00E0AA
:10545800002807DB00F01F0101234009024A8B40A6
:1054680042F82030704700BF00E100E000280DDB63
:105478004309012200F01F000549203302FA00F019
:1054880041F82300BFF34F8FBFF36F8F704700BF02
:1054980000E100E0431EB3F1807F0CD24FF0E02220
:1054A800002006494FF0F00C5361072381F823C010
:1054B8009061136170470120704700BF00ED00E064
:1054C800BFF35F8F044B00215A6A22F480325A627C
:1054D800C3F89410704700BF00ED00E0064B40F0A1
:1054E8000100C3F894005A6A42F480325A62BFF34A
:1054F8004F8FBFF36F8F704700ED00E0174A437876
:10550800C2F89830017821B3436800B5C2F89C30DE
:10551800C37A90F80CC01B0690F80FE043EA0C73AE
:1055280090F80AC00B43817B43EACC4390F80DC046
:1055380043EA8C4390F809C043EA4143017A43EABD
:105548000E4343EA0C2343EA4103C2F8A0305DF856
:1055580004FBC2F89C10C2F8A010704700ED00E0F0
:10556800704700BF08B5FFF7FBFF08BD0268344B62
:10557800344930B4344D354CAA4218BF9A420CBF56
:10558800012300238A4208BF43F001033031A242BD
:1055980008BF43F0010330348A4208BF43F00103D7
:1055A8003031A24208BF43F0010330348A4208BFB9
:1055B80043F0010301F55C71A24208BF43F0010307
:1055C80004F55C748A4208BF43F001033031A242FB
:1055D80008BF43F0010330348A4208BF43F0010397
:1055E8003031A24208BF43F0010330348A4208BF79
:1055F80043F001033031A24208BF43F001038A425D
:1056080008BF43F0010313B9114B9A4213D1D3B227
:105618001049114C103BA1FB03515F2B0F4BC1F3F9
:10562800021103EA0203615C88BF0433C165836524
:10563800184630BC704722F0FF038365F8E700BFC7
:10564800100002404000024028000240580002407A
:10565800B8040240ABAAAAAA6421010800FCFFFF13
:105668000368294A294930B4294D2A4CAB4218BF4E
:1056780093420CBF012200228B4208BF42F0010274
:105688002831A34208BF42F0010228348B4208BFE8
:1056980042F001022831A34208BF42F001028B42C6
:1056A80008BF42F0010212B91B4A934213D1DBB280
:1056B8001A4C1B4A0121083B1A4DA4FB03434566BB
:1056C80002EB1312C3F30413920001FA03F3026608
:1056D800836630BC7047DAB21349144C1944103A47
:1056E800A829A4FB02234FEA131300D80833104A51
:1056F80003F01F0501210F4C1A44A940446692008B
:1057080081660266E5E700BF085402583054025823
:105718001C5402584454025894540258CDCCCCCC52
:105728000096001680580258F0FBFDBFABAAAAAA43
:10573800008200108008024070B50446FFF73AF86E
:10574800002C00F0C68023680546954A934248D04D
:105758001832934245D0303292498B4218BF934257
:1057680001F130010CBF012200228B4208BF42F038
:10577800010218318B4208BF42F0010218318B42F6
:1057880008BF42F0010218318B4208BF42F0010203
:1057980001F556718B4208BF42F0010218318B4265
:1057A80008BF42F0010218318B4208BF42F00102E3
:1057B80018318B4208BF42F0010218318B4208BFF2
:1057C80042F0010218318B4208BF42F00102183141
:1057D8008B4208BF42F001021AB9734A934240F063
:1057E800F5800222002184F8352084F834101A68E4
:1057F80022F001021A6005E0FEF7DCFF431B052BCF
:1058080040D823681A68D107F6D4D4E9022521695B
:105818002A43A0691D680A4361690A43E169024392
:105828000A4362492940256A2A430A43616A0429CE
:105838002FD01A605A6922F0070211435961204695
:10584800FFF794FEE26D3F2302F01F02934083604E
:105858002046FFF705FFA368802B3CD06368A06E45
:10586800DAB2013BD4E91851072B2A60486026D9DF
:105878000023C4E91B33636700200123606584F8B3
:10588800353070BD202203230120626584F835304D
:1058980070BDD4E90B5129430A431A605969A26AB9
:1058A80021F00701114341F00401002DC6D0002862
:1058B8004FD1012A6ED032F00202BFD151E0501E02
:1058C800072810D9626FD4E91B31002018604A609C
:1058D800D2E7012070BD0023A16ED4E918026360ED
:1058E80003605160C4E72168314B324DA94218BFAB
:1058F800994205F114050CBF01230023A94208BFF2
:1059080043F001031435A94208BF43F001031435DD
:10591800A94208BF43F001031435A94208BF43F068
:1059280001031435A94208BF43F001033BB9224BD8
:10593800994204D0214B224913449B0003E0214B98
:10594800214913449B0001228240C4E91B3162674C
:10595800BBE7B0F5005F0ED0022A05D9032A7FF411
:105968006DAFEA017FF56AAF0123402218466265F0
:1059780084F8353070BD032A3FF660AF01A050F8B7
:1059880022F000BF715900086B59000871590008CE
:105998009D590008B5F1C07F7FF450AFE4E700BF20
:1059A8001000024040000240B80402403F8010FE50
:1059B800085402581C540258945402583F8200104C
:1059C800400902403F96001640590258324A33486F
:1059D8003349834218BF934200F128000CBF0122CB
:1059E80000228B4208BF42F001022831834208BFDF
:1059F80042F0010228308B4208BF42F001022831F0
:105A0800834208BF42F001028B4208BF42F0010204
:105A180012B9244A934238D102220021224D84F837
:105A2800341084F835201A681540A268402A2AD014
:105A3800802A0CBF4FF480400846266AD4E9031236
:105A4800D20842EAD102616942EAD102A16942EA76
:105A5800D102E16942EAD102144942EA1612194414
:105A68002A4302431248A0FB010120461A600B0991
:105A78009B00E365FFF77AFDE26D012302F01F0248
:105A880093404360E4E61020D7E740220323012037
:105A9800626584F8353070BD085402581C540258A9
:105AA80030540258945402580F00FEFFF8ABFDA77B
:105AB800CDCCCCCC002800F0BC80844690F83400D3
:105AC800012800F0B88001202DE9F0419CF835400C
:105AD8008CF83400844208D000224FF400638CF81C
:105AE8003420CCF85430BDE8F0810220DCF80050B6
:105AF8007A4C8CF835000020794ECCF8540079485F
:105B0800854218BFA54200F118000CBF01240024EB
:105B1800854208BF44F001041830854208BF44F0AC
:105B280001041830854208BF44F00104183085424A
:105B380008BF44F0010400F55670854208BF44F0E0
:105B480001041830854208BF44F00104183085422A
:105B580008BF44F001041830854208BF44F001042E
:105B68001830854208BF44F001041830854208BF48
:105B780044F001041830854208BF44F0010418308D
:105B8800854208BF44F00104A0F59560B54218BFEE
:105B98008542DCF86C600CBF0120002054EA000844
:105BA800286820F001002860DCF86400DCF8684010
:105BB800DCF85870446040D016B1DCE91C0444603D
:105BC800DCF85C004FF03F0E00F01F000EFA00F00A
:105BD800B860286820F4802028606B60DCF8083002
:105BE800402B23D0A960EA602B6823F01E0343F002
:105BF80016032B60DCF840301BB12B6843F0080318
:105C08002B60DCF860301A68D20303D51A6842F4B6
:105C180080721A601EB1336843F4807333602B6856
:105C2800002043F001032B60BDE8F081AA60E96021
:105C3800DAE7012070470220704716B1DCE91C043E
:105C480044602948DFF8A8E0754518BF85420EF181
:105C5800140E0CBF01200020754508BF40F001005C
:105C68000EF1140E754508BF40F001000EF1140E38
:105C7800754508BF40F001000EF1140E754508BFC8
:105C880040F001000EF1140E754508BF40F0010008
:105C980010B9164885420ED1DCF85C0000F01F0EE2
:105CA800012000FA0EF078606B60DCF80830402BB9
:105CB80010D0A960EA602B6823F00E0343F00A03B2
:105CC8002B60DCF84030002B9BD02B6843F004039A
:105CD8002B6096E7AA60E960EDE700BF400002404C
:105CE80028000240580002400854025894540258B0
:105CF8001C54025800285FD038B590F83520034668
:105D0800022A55D10168444A914248D0183291423A
:105D180045D03032414C4248A14218BF914204F16B
:105D280048040CBF01220022814208BF42F0010250
:105D38003030A14208BF42F001023034814208BF2E
:105D480042F0010200F55C70A14208BF42F0010276
:105D580004F55C74814208BF42F001023030A14270
:105D680008BF42F001023034814208BF42F001020C
:105D78003030A14208BF42F001023034814208BFEE
:105D880042F001023030A14208BF42F001028142D4
:105D980008BF42F0010212B9224A91420ED10422F0
:105DA800002083F835200B6823F001030B6038BD11
:105DB800802201205A6538BD012070470A681C6E90
:105DC80022F00E02D86D9D6D0A6000F01F000A686F
:105DD80022F001020A6001222168824021F48071C8
:105DE80021606A60DA6ED3E91910486032B111682F
:105DF800D3E91C0421F4807111604460002401215E
:105E08001A6D83F8344083F835101AB11846904754
:105E1800204638BD104638BD100002404000024000
:105E280070000240B80402402DE9F04300229C4B68
:105E380083B09C4E1D688146019203689A4A846D1E
:105E4800934218BFB342276808BF0126216818BFCC
:105E5800002645D018329548834218BF934200F176
:105E680018000CBF01220022834208BF42F0010241
:105E78001830834208BF42F001021830834208BF3D
:105E880042F001021830834208BF42F0010200F5D7
:105E98005670834208BF42F001021830834208BF9F
:105EA80042F001021830834208BF42F00102183064
:105EB800834208BF42F001021830834208BF42F013
:105EC80001021830834208BF42F0010218308342B1
:105ED80008BF42F001021AB9754A934240F0508255
:105EE800D9F85C10082201F01F0C02FA0CF21742D4
:105EF80040F0888127FA0CF2D2070CD55A691006AF
:105F080009D5012202FA0CF2A260D9F8542042F015
:105F18000202C9F854204FF0040E0EFA0CF0384271
:105F28005BD0002E4FD1634ADFF88081434518BF0C
:105F3800934208F118080CBF01220022434508BF0C
:105F480042F0010208F11808434508BF42F0010277
:105F580008F11808434508BF42F0010208F1180883
:105F6800434508BF42F0010208F55678434508BF8B
:105F780042F0010208F11808434508BF42F0010247
:105F880008F11808434508BF42F0010208F1180853
:105F9800434508BF42F0010208F11808434508BF0D
:105FA80042F0010208F11808434508BF42F0010217
:105FB80008F11808434508BF42F001021AB93C4AE3
:105FC800934240F019821A68920706D5A060D9F862
:105FD800542042F00402C9F85420102202FA0CFCA2
:105FE8001CEA070F6CD0002E45D1324A2F4EB3421F
:105FF80018BF934206F118060CBF01220022B342D3
:1060080008BF42F001021836B34208BF42F001024D
:106018001836B34208BF42F001021836B34208BF2F
:1060280042F0010206F55676B34208BF42F001027B
:106038001836B34208BF42F001021836B34208BF0F
:1060480042F001021836B34208BF42F00102183686
:10605800B34208BF42F001021836B34208BF42F00B
:1060680001021836B34208BF42F001021AB9104AB9
:10607800934240F0C9811A68100721D5C4F808C0B6
:106088001A68560300F14C811A68D20503D41A68BD
:1060980022F008021A60D9F840308BB10CE000BF3A
:1060A800500100241000024028000240580002401D
:1060B800B80402404000024048469847D9F85C10AE
:1060C80001F01F0120268E403E4268D0D9F80020FA
:1060D800A54BA64FBA4218BF9A4207F118070CBF42
:1060E80001230023BA4208BF43F001031837BA421C
:1060F80008BF43F001031837BA4208BF43F0010351
:106108001837BA4208BF43F001031837BA4208BF2C
:1061180043F001031837BA4208BF43F0010307F5FB
:106128005677BA4208BF43F001031837BA4208BF8E
:1061380043F001031837BA4208BF43F00103183788
:10614800BA4208BF43F001031837BA4208BF43F008
:1061580001031837BA4208BF43F001031837BA429F
:1061680008BF43F001031BB9814B9A4240F062819A
:106178001368DB0613D5A66099F83530042B13682D
:1061880000F0AE8013F4802F136800F0D3801C0356
:1061980040F1DE80D9F83C300BB148469847D9F831
:1061A8005430002B00F0B980D9F85430D8071FD5E7
:1061B800D9F80020042189F83510136823F0010369
:1061C80013606C4BA3FB0535AD0A02E01368D907D1
:1061D80004D5019B0133AB420193F7D9002389F819
:1061E80034301368DB074CBF0323012389F83530AB
:1061F800D9F84C30002B00F09080484603B0BDE839
:10620800F0431847186840070AD5186820F00400BA
:106218001860A260D9F8542042F00102C9F854204D
:1062280027FA0CF2D2077FF576AE534A53488342D9
:1062380018BF934200F130000CBF012200228342B4
:1062480008BF42F001021830834208BF42F0010241
:106258001830834208BF42F001021830834208BF59
:1062680042F0010200F55670834208BF42F0010275
:106278001830834208BF42F001021830834208BF39
:1062880042F001021830834208BF42F00102183080
:10629800834208BF42F001021830834208BF42F02F
:1062A80001021830834208BF42F0010218308342CD
:1062B80008BF42F00102002A7FF420AE002E7FF4CE
:1062C8001DAE1A68042202FA0CF23A4240F0948099
:1062D800102202FA0CFC17EA0C0F3FF4F1AE84E628
:1062E80023F016031360536923F080035361D9F830
:1062F80040309BB3136823F0080313603F23002545
:10630800012203FA01F1D9F85030A16089F834501C
:1063180089F83520002B7FF470AF03B0BDE8F08317
:106328001B6818037FF5B7AED9F84830002B7FF407
:10633800C3AEC5E613F480737FF42CAF116821F067
:1063480010011160012289F8343089F8352021E7DD
:10635800D9F84430002B7FF420AF20E7D9F8483033
:10636800002BC7D1CAE700BF100002402800024036
:10637800B8040240B5814E1B58000240400002405C
:106388004E4A4F4DAB4218BF934205F114050CBF5E
:1063980001220022AB4208BF42F001021435AB4291
:1063A80008BF42F001021435AB4208BF42F00102B7
:1063B8001435AB4208BF42F001021435AB4208BFA6
:1063C80042F0010212B93F4A9342A6D1D9F85C5073
:1063D80004261A6805F01F05AE400E4219D057076B
:1063E80017D5100466604BD5D1034FD4D9F848307F
:1063F800002B7FF402AF90E71A68102202FA0CFC17
:1064080017EA0C0F3FF45CAE1A6852077FF558AED6
:1064180034E60226AE400E4211D097070FD56660CB
:10642800140439D5D00343D4D9F84430002B7FF471
:10643800E4AE72E713689F077FF5B1AE9BE60826C6
:10644800AE400E423FF469AF11077FF566AF1A6898
:10645800002122F00E021A600123D9F84C2003FA19
:1064680005F56560C9F8543089F8341089F8353075
:10647800002A3FF452AF484603B0BDE8F043104746
:10648800920603D41A6822F004021A60D9F8403040
:10649800002B7FF4B2AE40E712F0200208D1196851
:1064A800012421F00A01196089F8342089F835405F
:1064B800D9F83C30002B7FF4A0AE2EE708540258E0
:1064C8001C54025894540258406D70472DE9F04FFF
:1064D8000D6883B0002D00F0D5800023DFF86882B6
:1064E80001229A4012EA050C00F0C7804E6826F097
:1064F8001009B9F1020F40F0C88003F007044FEA11
:10650800D30E4FF00F0A4FEA840900EB8E0E0AFAF9
:1065180009FADEF8204024EA0A0A0C6904FA09F4A8
:1065280006F0030944EA0A04CEF820404FEA430E75
:106538000324D0F800A009FA0EF904FA0EF42AEAA6
:10654800040AE44349EA0A09C0F80090D0F808A010
:10655800CF6804EA0A0A07FA0EF949EA0A09C0F8F4
:106568000890C6F30019D0F804A009FA03F92AEA3A
:10657800020249EA02024260C268F70004EA020421
:106588008A6802FA0EF242EA0402C26075D5644CC7
:1065980023F0030E03F00309D4F8F420C6444FEAAD
:1065A800890942F00202C4F8F420D4F8F42002F079
:1065B80002020192019A0F22DEF8084002FA09F25B
:1065C80024EA0202574CA04225D004F58064A04278
:1065D8007BD0554CA0427ED0544CA0426FD0544C36
:1065E800A04200F08480534CA04200F08680524CB8
:1065F800A04276D0514CA04200F08580504CA04279
:1066080000F087804F4CA0420CBF09240A2404FAEA
:1066180009F942EA0902CEF808204FF0B0426FEAC1
:106628000C0EF403D2F880204FF0B04454BF0EEAA9
:1066380002024CEA0202C4F88020B203D4F8844073
:106648004FF0B04254BF0EEA04044CEA0404F702C7
:10665800C2F8844014684FF0B04254BF0EEA0404F4
:106668004CEA04041460B40252684FF0B04454BFBA
:106678000EEA02024CEA02026260013335FA03F2C2
:106688007FF42EAF03B0BDE8F08F4FEA430E03242A
:10669800D0F800B006F0030A04FA0EF409F1FF3945
:1066A8000AFA0EFA2BEA040BB9F1010F6FEA040497
:1066B8004AEA0B0AC0F800A03FF65EAF46E703249B
:1066C80004FA09F942EA0902A5E7012404FA09F9DA
:1066D80042EA09029FE7022404FA09F942EA090298
:1066E80099E7062404FA09F942EA090293E704241F
:1066F80004FA09F942EA09028DE7052404FA09F9BE
:1067080042EA090287E7072404FA09F942EA09027A
:1067180081E7082404FA09F942EA09027BE700BF85
:10672800004402580000025800080258000C0258A1
:10673800001002580014025800180258001C025891
:10674800002002580024025800040058002900F0D4
:10675800A88000232DE9F04FDFF8689183B0DFF8B7
:106768006881DFF868A1DFF868B14FF0010E0EFA12
:1067780003F212EA010C6FD023F0030503F00304BF
:106788000F2640454D444FEAC404AF6806FA04F6A4
:1067980007EA0607019721D0504566D0584567D0CB
:1067A800434FB8426ED0434FB84270D0424FB842C0
:1067B80063D0424FB84256D0414FB84272D0DFF84A
:1067C80014E1704568D0DFF810E1704514BF4FF050
:1067D8000A0E4FF0090E0EFA04F400E00024019F9F
:1067E800A74219D1AC6824EA06064FF0B044AE605F
:1067F800D4F8805025EA0C05C4F88050D4F88450A9
:1068080025EA0C05C4F88450256825EA0C0525609E
:10681800656825EA0C05656003255C0003F0070739
:106828000F2605FA04F40568BF00254306FA07F7A2
:106838000560DD0800EB85052E6A26EA07062E624C
:10684800856825EA04058560456825EA02024260F4
:10685800C26822EA0404C460013331FA03F284D125
:1068680003B0BDE8F08F4FF0060E0EFA04F4B6E759
:106878004FF0020E0EFA04F4B1E74FF0050E0EFACF
:1068880004F4ACE74FF0030E0EFA04F4A7E74FF058
:10689800040E0EFA04F4A2E74FF0080E0EFA04F400
:1068A8009DE770474FF0070E0EFA04F497E700BF14
:1068B800000C025800100258001402580018025820
:1068C800001C025800040058000002580004025836
:1068D800000802580020025800240258036919428F
:1068E80014BF01200020704702B909048161704774
:1068F8002DE9F04F056885B00446284604F006FFE8
:10690800012802D005B0BDE8F08F206804F0AEFE83
:106918000028F7D0206804F0A9FE10F4001F2068B2
:1069280002D04FF40013436104F0A0FE10F4801F5E
:10693800206802D04FF48013436104F097FE10F0F2
:10694800806F206802D04FF08063436104F08EFEB0
:1069580010F0020F20682FD104F088FE870000F1A4
:106968001381206804F082FEC60100F1CF80206800
:1069780004F07CFE000700F1BE80206804F076FE7B
:1069880010F0007F20681AD104F070FEC306B9D554
:106998002568AB6923F01003AB612E6AC6F3434147
:1069A800C6F30A17022902D1002F40F0C681AB694D
:1069B80043F01003AB61A5E702234361CCE704F081
:1069C80013FFD4F808E080462068BEF1000F00F0FD
:1069D800998005F5A06500264FF0280B4FF0020AB4
:1069E8004AE000F5A0694A0109EB4117BB685B075B
:1069F8005DD50423BB60FB6843F00203FB60BB6802
:106A0800980500F1FD80BB68DB0740F1CF80236962
:106A180053B101EB81003B6904EBC000C3F3120CD6
:106A2800836CA3EB0C03C3648B004FF0010C4FF095
:106A3800000E581804EBC000C0F858E080F85DC09C
:106A4800C7F808C090F83FE01EF0FD0F00F0648121
:106A5800BEF1030F00F040820B4404EBC30393F82C
:106A6800502082F0010283F85020D4F808E0206812
:106A780001362035764545D206F00F0328FA03F390
:106A8800D907F5D52B68F1B21A04AAD400F5A0628B
:106A98004FEA411C02EB4117BB6813F004090DD003
:106AA8000423BB60FB6843F00203FB60E0E7BB68BC
:106AB8009B0640F1B3802023BB60A0E7BB6813F0BE
:106AC800200300F0CA8001EB8103202204EBC303FA
:106AD800BA6093F83D20012ACAD183F83D9083F823
:106AE8005CA0FB6843F00203FB6004F081FED4F86D
:106AF80008E02068BCE72046FDF71CFD2068082355
:106B080043613BE74FF0007343613DE72668D6F8E1
:106B180040340293D6F840340393039B23F02E03AA
:106B28000393029B980707D5029BD90700F163815D
:106B3800039B43F002030393029B1A0718D5039B98
:106B480043F008030393029B5B0740F15C81A16952
:106B5800022900F09A81E368012B03D14EF66022E6
:106B6800C6F804242046FDF7F3FC2046FDF7E6FCB2
:106B78002068029B9F0603D5039B43F020030393E1
:106B8800039BC6F84034F3E6D5F84034204623F09A
:106B98002E03C5F84034FDF7D5FC0121206804F028
:106BA80001FE20684FF000534361DBE6BB6898079D
:106BB80040F18E80FB6801EB810C23F0020304EBAB
:106BC800CC0CFB608B009CF85D00012800F0B280C3
:106BD800052800F0AF80062800F0A381082800F0FF
:106BE800A081032800F0DC819CF85C000246C7F80D
:106BF80008A02046FDF7AAFCD4F808E0206837E78B
:106C0800FB68206843F00203FB6004F0F1FD4FF4D9
:106C180000732068BB60D4F808E029E7BB681B074D
:106C280000F1BB80BB685B057FF5E9AEFB680192AC
:106C380043F002030091FB6004F0DAFD0099102094
:106C4800019A01EB8103B860082004EBC30383F8C1
:106C58005D004FF48063BB60D1E6D7F8089019F067
:106C6800400F40F0B180BB6813F4007340F02F81EF
:106C7800D7F8089019F0010F40F03F81BB6813F076
:106C8800080340F06881D7F8089019F0100F00F059
:106C9800C98001EB810204EBC2029365032382F8E9
:106CA8005D3092F83D303BB90BFB014393F83C2033
:106CB80012B9012283F83D20FB6843F00203FB6010
:106CC80004F096FD10232068BB60D4F808E0CFE6F6
:106CD800BB6813F0800340F0E380BA68D20640F145
:106CE800D08001EB810004EBC00090F83F20032A1C
:106CF80000F04B8112F0FD02E4D123698265002B7C
:106D0800E0D10BFB0143032283F85D20FB68206878
:106D180043F00203FB60D3E7FA68206842F00202FE
:106D280001930091FA6004F063FD1022DDE900137D
:106D3800BA6091E68CF85C0058E706F00F0606EB9F
:106D4800860804EBC808D8F8441000293FF42FAE91
:106D5800284605F5A0653A4604F006FCD8F8443004
:106D680005EB46123B441169D8F84C20C8F844306A
:106D780073013A44C8F84C20BC4A0A405AB1EA5850
:106D880022F0804242F00042EA5098F8503083F0F6
:106D9800010388F85030256809E6FB684FF0050CB8
:106DA800019243F002030091FB6001EB810304EBC5
:106DB800C30383F85DC01023BB600823BB6004F0E5
:106DC80017FDDDE900121AE601EB810204EBC202AD
:106DD8009365042382F85D30012382F83D30FB6817
:106DE80043F00203FB6004F003FD40232068BB600E
:106DF800D4F808E03CE6B369204623F00053B361B9
:106E0800FDF79CFB94E62046FDF7A6FBD6F8403438
:106E1800206823F02E03C6F84034836943F00053FA
:106E28008361A6E6BB681B0600F1C880BB685B05EA
:106E380000F1D780BB689B077FF51AAEFB680BFB98
:106E4800014023F00203FB6090F85D30012B00F055
:106E5800E180032B00F0DB80042B00F0D880052BA9
:106E680000F0FC80062B00F0E480082B00F0E180A5
:106E78000BFB01432046C7F808A093F85C20FDF7F8
:106E880065FBD4F808E02068F2E5029B206803F46B
:106E9800C023B3F5802F18BF012104F083FC61E6FD
:106EA800FB6801EB810243F0020304EBC202FB60C2
:106EB800936D01339365062382F85D30206804F0F2
:106EC80097FC80232068BB60D4F808E0D0E5FB6815
:106ED80043F00203FB6098E652F80970019347F00B
:106EE8000057009142F80970624680F85CC020465D
:106EF800FDF72CFBDDE90013AEE5FA6801EB81092B
:106F080042F0020204EBC909C9F85830FA6004F0EB
:106F18006FFC0123BB6089F85D30D4F808E0206875
:106F2800A6E503EB010C04EBCC0CDCF858000130AF
:106F3800032825D8CCF8580002200B4404EBC303DF
:106F480083F85C0052F8093023F0804343F0004393
:106F580042F809304AE608230091BB60FB6843F019
:106F68000203FB6004F044FC0099052201EB810157
:106F780004EBC10383F85D20D4F808E0206877E5C6
:106F88000020CCF858000420D7E7FA680BFB014032
:106F980042F0020283652068FA6004F029FC91E659
:106FA8000BFB0143022083F85CA052F8093023F060
:106FB800804343F0004342F8093017E6FB6800912C
:106FC80043F00203FB6004F013FC009906230BFB5B
:106FD800014181F85D3080232068BB60D4F808E067
:106FE80046E5FB68009143F00203FB6004F000FCF7
:106FF80010230099BB604FF480630BFB0141BB6019
:10700800082381F85D30D4F808E0206830E580F87E
:107018005CA02DE780F85C3090F83F30023B012BF4
:107028003FF626AF90F8513083F0010380F85130D5
:107038001EE70BFB0140836D0133032B11D88365D9
:1070480002230BFB014080F85C3052F80C3023F02F
:10705800804343F0004342F80C3009E780F85C3085
:1070680006E7002383650423EBE700BF0000F81F51
:1070780090F8B832012B0CD0012310B504460068F3
:1070880084F8B83204F014FC0023184684F8B832A7
:1070980010BD0220704700BFF8B505460E461746DA
:1070A800701C2C682CD1A369990727D4A369DA0628
:1070B800F9D5A3699A06FCD520231022E261E36181
:1070C800A3699F0701D50023A362A369DE0703D440
:1070D800A36943F00103A361636800221B482021D0
:1070E8000340012063606B6C85F8402043F0040383
:1070F8006B6485F8411085F84220F8BD0020F8BD82
:10710800A3699B07FAD4A369D9061BD4FDF752FBE0
:10711800C01BB04201D8002EC2D16B6C20210022C6
:1071280001200B4385F840206B6485F8411085F8F1
:107138004220F8BDFDF73EFBC01B8642EDD3002E72
:10714800EBD02C68A3699B06F4D5B5E700E800FEF0
:10715800F8B505460E4617462C68A3699B0649D420
:10716800A369DA0626D5731C38D1A3699E06FCD517
:1071780020231022E261E361A369990701D5002366
:10718800A362A369DA0703D4A36943F00103A361E7
:1071980063680022184820210340012063606B6C5B
:1071A80085F8402043F004036B6485F8411085F8A6
:1071B8004220F8BDFDF7FEFAC01BB04201D8002EF0
:1071C800CAD16B6C2021002201200B4385F8402096
:1071D8006B6485F8411085F84220F8BDA3699806CC
:1071E800C6D4FDF7E7FAC01B8642EAD3002EE8D0E2
:1071F8002C68B8E70020F8BD00E800FE00284ED053
:1072080010B590F84130044603F0FF02002B41D03E
:1072180023682421626884F84110196822F070629A
:10722800E06821F00101012819601A619A6822F4C6
:1072380000429A60A26829D042F4044202289A6067
:1072480002D14FF400625A6058684FF0200C15497B
:10725800226901435960D96821F40041D960D4E911
:107268000501024342EA0122D4E90710DA6000224C
:10727800014310461960196841F001011960626400
:1072880084F841C0226384F8422010BD42F40042D1
:107298009A60D9E780F84020FBF726FDB8E701207F
:1072A800704700BF008000022DE9F047984690F82B
:1072B8004130089E202B40F0878090F840300446EB
:1072C800012B00F0818001238946174680F8403061
:1072D800FDF770FA054604E0FDF76CFA401B192823
:1072E80075D82368986910F40040F5D121226762A7
:1072F8006063C9F3090784F84120102284F842200A
:107308006064A4F82A80628D92B2FF2A6DD8628DDB
:10731800494892B2D1B222855A6802403A4342EAB9
:107328000142464911435960DFF81C814FF0FF0ABA
:10733800DFF81891638D2A46314620469BB2002B10
:1073480030D0FFF7A9FE002873D1606A216810F8D1
:10735800012B238D8A62628D013B6062013A9BB2E8
:1073680092B223856285628D92B2002BE2D1002A07
:10737800E0D0701C43D18B691A06FCD5638D9BB293
:10738800FF2B48D94B682A46A4F828A0204603EAD0
:1073980008033B4343EA09034B603146638D9BB2C4
:1073A800002BCED1FFF7D4FE002842D1236820213C
:1073B800234DD9615A682A405A6084F8411084F8EC
:1073C800400084F8420000E00220BDE8F087636CCA
:1073D8002021002201200B4384F84020636484F8B4
:1073E800411084F84220BDE8F0875A6812490A40E3
:1073F80014493A431143FF222285596094E78B6967
:107408001B06BBD4FDF7D6F9401B8642DFD3002EFE
:10741800DDD02168ADE7638D9BB2DAB223854B6876
:1074280003EA080343EA02433B4343F000734B601B
:1074380080E70120BDE8F087009800FC002000826A
:1074480000E800FE0020FF81009C00FC0000FF0116
:107458002DE9F0471F4690F84130202B40F08E80F0
:1074680004460D46002900F08380B2FA82F91646D8
:107478004FEA5919002A7BD05FFA83FA90F8403016
:10748800012B7BD0012380F84030FDF793F92123AD
:1074980065628046256884F8413084F842A0C4F8C3
:1074A800449066856B68C4F8349023F400436B609D
:1074B8007B1C66D1AE693607FCD50823EB61E3680F
:1074C800022B06D0AE69F60328D4AE69F603F9D5C7
:1074D80024E0AB691907FCD50823EB617B1CF1D0CC
:1074E800AB69DD031AD4FDF765F9A0EB0800874204
:1074F80053D3002F51D02568F0E74246394620463D
:10750800FFF7CAFD00285BD1636A226813F8011BE4
:107518009162658D6362013DADB26585638D9BB2F5
:10752800002BEAD1424639462046FFF711FE0028D3
:107538004DD02268536843F400435360636C042BB6
:1075480054D1002363642023D361781C41D193690B
:107558001904FCD451680023202041F400415160F3
:1075680084F84100184684F8423084F8403003E03B
:107578004FF4007301206364BDE8F0870220BDE882
:10758800F087AB69180733D4FDF714F9A0EB0800AE
:10759800874202D30FB125688AE7636C2020002157
:1075A8002268034384F84010636484F84100012092
:1075B80084F84210536843F400435360BDE8F087F1
:1075C80022680120536843F400435360D4E72268DB
:1075D800B9E793691B04BDD5FDF7ECF8A0EB0800EB
:1075E8008742DAD3002FD8D02268AEE70120C3E75C
:1075F8000823EB61E368022B7FF470AF08E0FDF726
:10760800D9F8A0EB08008742C7D3002FC5D025685A
:10761800AB691A07F3D55FE70268436B9169126893
:1076280003B11847704700BF90F84100704700BF8A
:1076380090F84120202A23D15FFA82FC90F840205C
:107648000346012A1CD00268242000B583F84100B3
:107658004FF0000E106820F001001060106820F450
:10766800805010601068014370461160116841F045
:107678000101116083F841C083F840E05DF804FB24
:107688000220704790F84120202A22D1034600B5F5
:107698005FFA82FE90F84020012A1CD0026824205C
:1076A8004FF0000C83F84100106820F001001060D2
:1076B800106820F4706040EA01216046116011688A
:1076C80041F00101116083F841E083F840C05DF8A2
:1076D80004FB0220704702205DF804FB2DE9F04FFF
:1076E800076889B00446384604F010F810B109B0AC
:1076F800BDE8F08F8246206803F0B8FF0028F6D076
:10770800206803F0B3FF10F0020F206803D043692C
:1077180003F00203436103F0A9FF10F4002B206873
:1077280040F0508103F0A2FF10F4802F206840F051
:10773800EB8003F09BFF002874DB206803F096FFC2
:10774800000564D4206803F091FF020114D5226873
:10775800536903F00063536194F8F433002B40F04D
:1077680095810121204684F8F413536DC3F38303F4
:10777800C4F8F83300F024FC206803F077FFC30452
:107788007BD4206803F072FF10F4005F20685DD19D
:1077980003F06CFF10F0100F206812D0836923F0FB
:1077A800100383613D6AC5F3434305F00F06022BBE
:1077B80000F03182062B00F07F81836943F01003CB
:1077C800836103F053FF070700F15781206803F036
:1077D8004DFFC60200F14681206803F047FF85028D
:1077E80000F13581206803F041FF400000F1268157
:1077F800206803F03BFF41077FF579AF23685D6898
:107808006A0700F129825A682A435A606FE7D7F855
:107818000838D90700F11C822068436903F4006323
:10782800436190E7D7F8043823F00103C7F8043818
:1078380094F8F433012B00F038812046FCF7FAFD68
:107848002068436903F00043436177E703F062FF70
:10785800206803F047FC2568E06001F0E5FC227B26
:107868000146284603F0A2FB2046FCF7B9FD206834
:10787800436903F4005343618AE7D7F804381021B9
:10788800206807F5006523F001036B6003F010FC26
:107898006068B0B107F510634FF67F3199600AF15F
:1078A800010A1A682033824522F4001243F8202C7A
:1078B800C3F8E811D3F8E02122F40012C3F8E0215C
:1078C800ECD1EB6943F00113EB61236B002B40F023
:1078D800E1806A6942F22B0313436B612B6943F021
:1078E8000B032B61D7F8003804F57172217C23F45F
:1078F800FE632068C7F8003803F028FF2068436952
:1079080003F4805343613DE703F0C8FE80462068D6
:10791800B8F1000F00F0E580264607F510694FF032
:10792800000BCDE9037A09E05FEA58080BF1010B77
:1079380006F11C0609F1200900F0D58018F0010FA6
:10794800F2D05FFA8BF7394603F0C4FEC307054649
:107958001FD50BF00F03039901229A40D1F8343850
:1079680023EA0203C1F834380123C9F8083023692F
:10797800012B03D1D6E911231344B36439462046B9
:10798800FCF720FD2369012B03D1BBF1000F00F0A8
:10799800AC81280702D50823C9F80830E90602D5C2
:1079A8001023C9F808306A0602D54023C9F8083000
:1079B800AB0702D50223C9F808302D0600F1C680AE
:1079C8002068B1E703F05CFE05462068002D00F052
:1079D800868007F53066A1464FF0000B049707E054
:1079E8006D080BF1010B06F1200609F11C097DD089
:1079F800EB07F5D55FFA8BF1039103F05DFE10F00C
:107A0800010F8046039973D118F0080F40F0F280F7
:107A1800206818F0100F01D01023B36018F0200F61
:107A280005D02169012900F05A812023B36018F498
:107A3800005FD5D04FF40053B360D1E72046FCF780
:107A480005FD2068436903F080434361D1E6204681
:107A58005FFA8BF1FCF7F2FC2068436903F400132A
:107A68004361C0E620465FFA8BF1FCF7EBFC206827
:107A7800436903F480134361AFE62046FCF7ACFC8E
:107A88002068436903F008034361A0E62046FCF739
:107A9800B9FC71E6D5F8843043F00B03C5F884309F
:107AA8006B6C43F00B036B641CE70021204684F8E1
:107AB800F41300F085FAC3E6C6EBC606082204F5FF
:107AC8007171384603F050FDC5F30A1304EB8602C2
:107AD8002068D2F814120B44C2F814326DE6AB4693
:107AE80020E6C34625E6DDE9037A22E6049F19E687
:107AF800206801232769B36000F53063012FD0F8AF
:107B080040E003EB4B139A6800F0C580984FBE45E0
:107B180040F0BD80170440F1B6804FF4004218F0E1
:107B2800080F9A603FF475AF026C986890498A42D2
:107B380000F0978020460392FCF734FC8D4B039AA3
:107B48009A4200F296800823B36061E7D6E914539D
:107B5800D4F800A0AB4250463FF6E6AE0AF51062F4
:107B6800716CCDF81CA002EB4B120592EA1A8A42FE
:107B780028BF0A4605998969033289B2B1EB920F89
:107B8800C0F0A980CDF81890C146A046059C1AE01F
:107B9800736C3A46B16C50469D4228BF1D4698F812
:107BA80010300093ABB203F0C9FCB36CA1692B444D
:107BB80089B2B364736D2B440335B1EB950F7365CC
:107BC800C0F08180356D9D42A5EB0305E0D84446A1
:107BD800C846DDF81890D4F800A0079B012250464B
:107BE80003F500610BF00F039A404B6B23EA020385
:107BF8004B6399E62268216902F53063126C01290A
:107C080003EB4B13986891D15A498A4229D82046E8
:107C1800FCF7C8FB97E747F6F0731D423FF4CDAD7C
:107C2800C6EBC606C5F30A12384604EB86061546A7
:107C3800D6F8081203F098FCD6F8083220682B44CE
:107C4800C6F80832D6F814322B44C6F81432B4E514
:107C58002046FCF7D7FBDFE52046FCF7FBFB236853
:107C6800D1E5020402D54FF400429A602046FCF7A1
:107C780099FB216901297FF466AF04F571722068C8
:107C880003F064FD5FE7900601D520229A60204644
:107C9800FCF78EFBB8E6170732D536498E4504D96E
:107CA800120402D54FF400429A6020460393FCF771
:107CB80079FB04F571720121206803F047FD082261
:107CC800039B9A60A0E64446356DC846DDF81890D7
:107CD800D4F800A050469D423FF626AE7DE704F555
:107CE800717203F033FD20689FE6236D002B7FF44B
:107CF80050AE04F571720121206803F027FD48E6B3
:107D0800970608D520229A6018F0080F3FF481AE34
:107D1800026C986878E712F0280FF5D1154FBE4528
:107D280005D9120403D54FF400429A60ECE71B69A9
:107D38002046D9F80422C3F31203D31AC9F814321F
:107D4800D9F808321344C9F80832FCF731FBBBF103
:107D5800000F7FF459AED4F81032002B7FF454AEE4
:107D680004F571720121206803F0F0FC4CE600BFB5
:107D78000A31544F0A30544F90F8BC23012A0ED0D0
:107D8800012210B50446006884F8381084F8BC2332
:107D980003F05AFC0023184684F8BC3310BD0220B7
:107DA800704700BF10B501F00F0E0906044627D42E
:107DB8004FF01C0C0CFB0E0C0CF5FE71CEEBCE0C30
:107DC80000EB8C0C00208CF8FD018A604A7881F861
:107DD80000E0CB700AB1A1F806E0022B01D1002324
:107DE8000B7194F8BC33012B18D00123206884F858
:107DF800BC3303F089F90023184684F8BC3310BD5E
:107E08001C204FF0010C00FB0E4000F13C01CEEBB2
:107E1800CE0004EB800080F83DC0D6E7022010BDFC
:107E280010B501F00F041C21C4EBC40C01FB0401C4
:107E380000EB8C0C01F5FE71CCF810320023CCF865
:107E480008228CF8FC41CCF814328CF8FD31036917
:107E58000068012B08BFCCF80C22DAB21CB903F079
:107E6800B3FA002010BD03F097F9002010BD00BF41
:107E780010B501F00F041C21C4EBC40C01FB040174
:107E880000EB8C0C3C31CCF850300023CCF8482067
:107E9800CCF8543001238CF83C408CF83D30036911
:107EA8000068012B08BFCCF84C20DAB21CB903F0EB
:107EB8008BFA002010BD03F06FF9002010BD00BF41
:107EC80038B5436801F00F059D4234D80B060446C7
:107ED8001DD41C22C1EBC10302FB010100EB83038B
:107EE800002201F5FE7183F8FD2101230D708B70CE
:107EF80094F8BC239A421CD0206884F8BC3303F061
:107F080043FBD5B10023184684F8BC3338BD1C2187
:107F1800C5EBC503012201FB050100EB83033C31DE
:107F280083F83D2001230D708B7094F8BC239A428E
:107F3800E2D1022038BD012038BD04F57172217CE0
:107F4800206803F003FCDDE7426838B501F00F0351
:107F5800934232D811F0800F04464FF01C01C3EB56
:107F6800C30219D101FB0341002004EB8202002562
:107F780001F5FE7182F8FD010B708D7094F8BC3329
:107F8800012B18D00123206884F8BC3303F030FBA0
:107F9800284684F8BC5338BD01FB0341012004EB9B
:107FA800820200253C3182F83D000B708D7094F8F8
:107FB800BC33012BE6D1022038BD012038BD00BFFB
:107FC800704700BF38B5114BDA68520704D4DB6834
:107FD80003F00703834214D10C4CE36823F0070332
:107FE8001843E060FCF7E6FB054605E0FCF7E2FB1A
:107FF800401BB0F57A7F06D863689B04F6D500204D
:1080080038BD012038BD032038BD00BF00480258E4
:10801800024AD36843F08073D3607047004802581F
:1080280070B44D6A15B1B2F1406F3AD18B691BB388
:108038000C6A002C4CD08E680068C661CE69002E90
:1080480069D02B4313432343CC6A334323430C6B3C
:1080580023434C6B23430C692343CC6823430C68AC
:1080680023434C69B2F1406F43EA8443436165D0CE
:108078004B6870BC836170470B6ABBB100682B43C7
:108088008C68CE69C461002E6BD01343CC6A33432D
:1080980023430C6B23434C6B23430C692343CC6869
:1080A800DEE78B6A0468013B2361BFE7CB69002BDD
:1080B80066D1002D42D0CB6A0C6B2B43006813436A
:1080C8004A6923434C6B234343EA8243436135E0C7
:1080D800CC6945EA030C002C32D003684CEA020054
:1080E800B2F1406F40EA0400CC6A40EA04000C6B2D
:1080F80040EA04004C6B40EA0400CC6840EA040003
:108108000C6840EA04004C6940EA8440586115D084
:108118004A689A6112E045EA030C0D694CEA0203C9
:10812800CA6A23431343D1E90C4223430C6813431F
:108138004A692B43234343EA8243436170BC704737
:10814800CC6A4CEA020300682343D1E90C4223437A
:108158000C6813434A69234343EA824370BC436172
:108168007047CC6A13432343D1E90C42234313439A
:10817800D1E90442234343EA824370BC4361704718
:108188002B43CD6A0C6B134300682B4323434C6B82
:1081980084E700BF70B50446FCF70CFB002C54D0F4
:1081A80094F84030012B52D00123064684F8403021
:1081B80094F8413003F0FF02002B34D0A56C2268FC
:1081C800A1681368013923F4706343EA012313603B
:1081D80001E06B1C31D1936813F02003F9D1E069F9
:1081E800E16815680143206A0143606841EA00615B
:1081F8001C482840014360691160A1695568014322
:10820800206941EA004118482840012501431846E1
:108218005160116829431160636484F84150002358
:1082280084F8403070BD204684F84020FBF7B4F94C
:1082380041F288331D46A364C1E7FCF7BBFA801BF3
:10824800A84206D82DB12268C5E7012070BD0220DA
:1082580070BD0423012084F84130636C03436364D8
:10826800DDE700BF2FFFFF00FEF8E0FFC8B110B543
:1082780090F840300446012B11D00268012380F8A1
:108288004030136823F001031360FBF713FA00234F
:108298006364184684F8413084F8403010BD0220E9
:1082A80010BD0120704700BF2DE9F04104460E467D
:1082B8001546FCF77FFA94F84030012B3AD0012399
:1082C80084F8403094F84130012BDFB206D0022701
:1082D8000023384684F84030BDE8F081002380460A
:1082E8006364022384F84130681C23680ED19A68BD
:1082F80012F02002FBD131462046FFF791FE736A47
:10830800E3B10123002784F84130E1E79A6812F0CD
:1083180020021ED0FCF74EFAA0EB0800854201D3DC
:10832800002DE1D1042384F84130636C43F001034C
:108338006364CDE702273846BDE8F0812268936878
:108348009B07FCD5022101230027D16084F8413026
:10835800BEE731462046FFF763FE736A43B1D0E7B4
:10836800FCF728FAA0EB08008542DBD3002DD9D012
:10837800226893689907F3D5E4E700BF2DE9F8432D
:10838800044689461546FCF715FA94F840302768E4
:10839800012B67D0012384F8403094F84130012B39
:1083A8005FFA83F807D04FF002080023404684F8AC
:1083B8004030BDE8F88300236364B9F1000F56D05C
:1083C8001223064684F841303B690133E3623B6976
:1083D800C4F824900133A3627B6923F040637B6176
:1083E800E36A002B31D06A1C394611D18B685B07D0
:1083F800FCD5636A1B7887F82030E26A636A013A21
:108408000133E262E26A6362F2B16A1C2168EDD06C
:108418008B685807EDD4FCF7CDF9801B854201D352
:10842800002DF2D1042384F84130636C43F001033A
:10843800636413E0BB689B070CD4FCF7BBF9801B93
:108448008542EFD3002DEDD02768691CF2D1BB68B7
:108458009A07FCD502234FF00008FB60012384F83B
:108468004130A2E74FF002084046BDE8F883636C4C
:1084780043F00803636498E72DE9F843044615467A
:108488008946FCF797F92768BA6994F84030012BB8
:108498006CD0012384F8403094F84130012B5FFA06
:1084A80083F807D04FF002080023404684F8403094
:1084B800BDE8F88300236364B9F1000F5BD0222381
:1084C800064684F841303B690133A3633B69C4F82D
:1084D8003090013363637B6923F0406343F080632A
:1084E8007B61BA61A36B002B33D0681C394612D16B
:1084F8008B6813F0060FFBD097F82020236B1A70B7
:10850800A26B236B013A0133A263A26B2363FAB116
:10851800681C2168ECD08B6813F0060FECD1FCF7CF
:1085280049F9801B854201D3002DF1D1042384F839
:108538004130636C43F00103636413E0BB689B073D
:108548000CD4FCF737F9801B8542EFD3002DEDD012
:108558002768691CF2D1BB689A07FCD502234FF043
:108568000008FB60012384F841309DE74FF00208C2
:108578004046BDE8F883636C43F00803636493E7FF
:108588002DE9F84F04461F4689469046FCF712F934
:1085980094F84030012B52D0012384F8403094F8ED
:1085A8004130012B5FFA83FB07D04FF0020B002309
:1085B800584684F84030BDE8F88F0023824663644B
:1085C800422384F841307A1C26682CD1B568AB0662
:1085D800FCD4D8F8003049462046B362D8F80430B5
:1085E8007362D8F80830F3623268D8F8103022F491
:1085F80040021343D8F80C2043F480033360C9F8D1
:1086080028204FF00062FFF70BFD781C22681BD171
:1086180093681907FCD5082101234FF0000BD1609E
:1086280084F84130C3E7B3689D06D2D5FCF7C2F899
:10863800A0EB0A00874212D3002FC4D10FE04FF0FD
:10864800020B5846BDE8F88F93681B07E3D4FCF784
:10865800B1F8A0EB0A00874201D3002FD5D104233B
:1086680084F84130636C43F0010363649FE700BF03
:108678002DE9F04704460F461646FCF79BF894F898
:108688004030012B45D0012384F8403094F8413024
:10869800012B5FFA83F907D04FF0020900234846FF
:1086A80084F84030BDE8F08700238046D4F848A01D
:1086B8006364822384F84130BAF1FF3F256814D1FE
:1086C800AB689A06FCD42B68726823F00803082A62
:1086D80043EA02032B6021D04FF04062394620461E
:1086E8004FF00009FFF79CFCD8E7AB689B06EAD57A
:1086F800FCF760F8A0EB0800824502D3BAF1000F3E
:10870800DAD1042384F84130636C43F001036364D5
:10871800C4E74FF002094846BDE8F08732681023E5
:108728002A63EB602B6843F480132B60D4E700BF07
:10873800704700BF08B5006C00238363C36290F8DC
:108748004130082B0BD103680222DA601A6842F420
:1087580000321A601A6842F002021A6008BD01234A
:1087680080F84130FFF7E4FF08BD00BF704700BF45
:10877800704700BF704700BF704700BF704700BF19
:10878800704700BF704700BF38B5036804469A6851
:10879800196855070ED548030CD594F84120122ABC
:1087A80075D094F84120222A00F0A1802046FFF7D6
:1087B800E5FF38BD950726D5880324D50222DA605F
:1087C8001A6822F4E0221A6094F84120122A7AD01A
:1087D80094F84120222A00F0A98094F84120022A26
:1087E80000F0D08094F84120082AE2D15A6901218A
:1087F800204622F040625A6184F84110636C3BBB0A
:10880800FFF7B4FF38BD150725D4D50735D5C803FC
:1088180033D50125DD601A6822F470221A60626C73
:1088280042F0020262641A68520779D51A68E06B4E
:1088380022F004021A60574B836505F0D5FD002825
:10884800B7D0636C204643F00403636484F8415056
:10885800FFF76EFF38BD0803D7D50822DA601A681B
:10886800520206D51A68012122F410221A6084F8EF
:1088780041102046FFF784FF38BDD00699D5CA02BB
:1088880097D510222046DA60FFF77CFF38BD9A683A
:1088980050078BD518460EE0626A127883F82020BC
:1088A800E16A20680139626AE162013281686262C4
:1088B8004D077FF57BAFE26A002AEDD1036823F408
:1088C8008023036072E71A68510709D51A68E16BBB
:1088D80022F0040209681A60CB6823F00103CB6018
:1088E8000123204684F84130FFF746FF38BD9A68D7
:1088F80052077FF55BAF18460EE093F82010226B05
:108908001170A16B20680139226BA1630132816863
:10891800226349077FF54AAFA26B002AEDD1CDE764
:10892800204684F84150FFF703FF38BD1A68520704
:108938001DD49A6812F47C5F0FD111E093F82010CF
:10894800226B1170A16B20680139226BA16301327F
:108958008168226311F47C5F02D0A26B002AEDD1FA
:108968000123204684F84130FFF704FF38BD1A6818
:10897800E16B22F0040209681A60CB6823F0010356
:10898800CB60EDE70123204684F84130FFF7F0FE85
:1089980038BD00BF3D870008002800F0DE81F8B52B
:1089A80003680446D80730D59F490A69896A02F0E6
:1089B8003802102A00F00081182A00F0F880636855
:1089C800B3F5803F00F02081002B00F05E81B3F505
:1089D800A02F954B1A6800F02F8222F480321A607B
:1089E8001A6822F480221A60FBF7E4FE8E4E41F2E8
:1089F8008837054605E0FBF7DDFE401BB84200F26C
:108A0800428133689A03F6D523689D0700F1858073
:108A1800D9062FD5844A1369926A03F03803082BC4
:108A280000F0DA80182B00F0D280E3697E4D002B2D
:108A380000F065812B6843F080032B60FBF7BAFEDA
:108A4800064605E0FBF7B6FE801B022800F21B81F4
:108A58002B68DB05F6D5FBF7C5FE41F20303984208
:108A680000F20B826B68226A23F0F84343EA8263C0
:108A78006B6023681D0716D563696B4D002B00F0EA
:108A88001C816B6F43F001036B67FBF793FE06468F
:108A980005E0FBF78FFE801B022800F2F4806B6F65
:108AA8009807F6D523689A0616D5A3695E4D002B5C
:108AB80000F014812B6843F480532B60FBF77AFE97
:108AC800064605E0FBF776FE801B022800F2DB80F5
:108AD8002B689F04F6D52368590700F19B80636AC9
:108AE800CBB1514D2A6902F03802182A6DD0022BF9
:108AF8002B6823F080732B6000F03981FBF75AFE56
:108B0800044605E0FBF756FE001B022800F2BB8076
:108B18002B689B01F6D40020F8BD434A1369926A7A
:108B280013F0380329D1404BE2681B68590701D577
:108B3800002A4AD03C4D2B6823F0190313432B60BD
:108B4800FBF738FE064605E0FBF734FE801B0228DB
:108B580000F299802B685B07F6D5FBF743FE41F2DC
:108B68000303226998426B6800F2F08023F47C3397
:108B780043EA02336B6023684AE7182B00F0E2806F
:108B8800294DE2682B68002A00F0CB8023F01903F6
:108B980013432B60FBF70EFE064604E0FBF70AFEC4
:108BA800801B02286FD82B685F07F7D5D5E701F03F
:108BB800030102297FF403AF1B4A126891037FF572
:108BC80024AF6268002A7FF420AF0120F8BD02F0CC
:108BD8000302012A7FF429AF134B1B68DA0502D57B
:108BE800E369802BF1D1FBF7FDFD41F203030E4A47
:108BF8009842216A00F2B380536823F0F84343EAAD
:108C080081635360236835E7074A136843F4803368
:108C18001360E9E6054D2B6843F480732B60FBF77E
:108C2800C9FD064609E000BF004402580048025842
:108C3800FBF7C0FD801B642825D82B68DA05F7D51B
:108C4800A368012B00F02281002B00F0FD80052B8A
:108C5800954B1A6F00F0208122F001021A671A6FF3
:108C680022F004021A67FBF7A5FD8F4E41F2883700
:108C7800054604E0FBF79EFD401BB84203D8336F5E
:108C88009B07F7D52BE70320F8BD874D41F28837BE
:108C98002B6823F480332B602B6823F480232B600C
:108CA800FBF788FD064604E0FBF784FD801BB8420D
:108CB800E9D82B689B03F7D4A6E66B6F23F0010372
:108CC8006B67FBF777FD064604E0FBF773FD801B37
:108CD8000228D8D86B6F9907F7D4E3E62B6823F4FA
:108CE80080532B60FBF766FD064604E0FBF762FD48
:108CF800801B0228C7D82B689804F7D4EBE62B68AA
:108D080023F080032B60FBF755FD064604E0FBF7D4
:108D180051FD801B0228B6D82B68DF05F7D42368DD
:108D2800A8E623F001032B60FBF744FD064604E0A8
:108D3800FBF740FD801B0228A5D82B685807F7D4FD
:108D4800236865E690077FF41BAFECE623F0FE434B
:108D580043EA02636B6023685AE601207047D368D0
:108D680023F07C5343EA0163D360236882E6FBF770
:108D780021FD064604E0FBF71DFD801B022882D872
:108D88002B689901F7D4A96A484BA26A0B40484955
:108D9800454E1343E26A43EA0213AB62D4E90D324B
:108DA800013B013A5B0212049BB202F4FE02134338
:108DB800226B013AC2F308021343E26B013A12062E
:108DC80002F0FE4213432B63EB6A23F00103EB62CC
:108DD8006A6BA36C114041EAC3016963EB6A226CB8
:108DE80023F00C031343EB62EB6A626C23F002037B
:108DF8001343EB62EB6A43F48033EB62EB6A43F4B0
:108E08000033EB62EB6A43F48023EB62EB6A43F0D6
:108E18000103EB622B6843F080732B60FBF7CAFCFD
:108E2800044605E0FBF7C6FC001B02283FF62BAF03
:108E380033689A01F6D56EE642F480221A601A6801
:108E480042F480321A60CFE5174D41F288372B6F14
:108E580023F001032B672B6F23F004032B67FBF729
:108E6800A9FC064605E0FBF7A5FC801BB8423FF6C7
:108E78000AAF2B6F9807F6D431E6EB68226A23F025
:108E88007C5343EA0263EB602368F3E5064A136FF9
:108E980043F001031367E6E642F004021A671A6F0B
:108EA80042F001021A67DEE6004402580CFCFFFF9C
:108EB8000700FFFF474A136903F03803102B04D05B
:108EC800182B0DD01BB144487047444870471368AD
:108ED80099064AD513684248C3F3C103D84070477E
:108EE800936A30B4946AD56A14F47C7F516BC4F3E6
:108EF800051038D0C1F3CC0105F0010503F00303D8
:108F080005FB01F1012B07EE901AB8EEE77A02D0C3
:108F1800022B2CD093B307EE900A9FED325AF8EE4D
:108F2800E77A136BC5EE276ADFED2F5AC3F3080300
:108F380007EE903AB7EE006AF8EEE77AE7EE257AA0
:108F480077EE867A66EEA76A224B1B6BC3F346233D
:108F5800013307EE903AB8EEE77AC6EE877AFCEE70
:108F6800E77A17EE900A30BC70471D48704707EE45
:108F7800900A9FED1E5AF8EEE77AD2E713689B062F
:108F880020D5146807EE900A1549F7EE005A136BBE
:108F9800C4F3C104F8EEE77A9FED135AC3F308034C
:108FA800E14006EE903A06EE101AF8EEE66AB8EEE0
:108FB800C66AE7EE056A86EE277A76EEA56A66EE59
:108FC800876AC1E707EE900A9FED095AF8EEE77A3B
:108FD800A7E700BF0044025800093D000024F40040
:108FE8000090D0030024744A000000390024744B18
:108FF8000024744C002800F00281874A136803F0AB
:109008000F038B422DE9F04104460D460CD213683C
:1090180023F00F030B431360136803F00F038B4215
:1090280002D00120BDE8F08123685F070BD57B499A
:1090380020698A6902F07002904204D98A6922F094
:10904800700202438A611E070BD574496069CA69B8
:1090580002F07002904204D9CA6922F070020243F9
:10906800CA61D8060BD56D49A069CA6902F4E062E5
:10907800904204D9CA6922F4E0620243CA6199069F
:109088000BD56649E0690A6A02F07002904204D979
:109098000A6A22F0700202430A629A0740F1A1802C
:1090A8005E48E168826902F00F02914204D9826940
:1090B80022F00F020A438261D80730D5574AA168C7
:1090C800936923F470630B43936161681368022901
:1090D80000F09780032900F08E80012900F0978026
:1090E80058079ED54D4E41F28838336923F007035F
:1090F8000B433361FBF75EFB074605E0FBF75AFBC2
:10910800C01B404500F281803369626803F0380370
:10911800B3EBC20FF2D12368990706D5E1683F483F
:10912800826902F00F028A425FD83B490A6802F05E
:109138000F02AA420AD90A6822F00F022A430A60DB
:109148000A6802F00F02AA427FF46BAF5A070BD5E8
:10915800324920698A6902F07002904204D28A6911
:1091680022F0700202438A611F070BD52B49606900
:10917800CA6902F07002904204D2CA6922F07002F1
:109188000243CA61DE060BD52449A069CA6902F404
:10919800E062904204D2CA6922F4E0620243CA61E2
:1091A8009D060BD51D4AE169136A03F070039942C5
:1091B80004D2136A23F070030B431362FFF77AFE9D
:1091C800164A0346164892691649C2F30322825C7E
:1091D8000E2002F01F02D340BDE8F0410B60FBF700
:1091E80087BADA073FF56AAF9FE7826922F00F0274
:1091F8001143816199E79F013FF574AF11E70120A1
:1092080070479B033FF56EAF0BE703200AE7DE05C7
:109218003FF568AF05E700BF002000520044025840
:10922800FC2001085001002408B501F095F9064B0F
:1092380006499B69064A03F00F03CB5C03F01F0342
:10924800D840106008BD00BF00440258FC20010847
:109258005401002410B501F07FF90949094A8B69C6
:10926800094C03F00F03D35C03F01F03D8402060C0
:10927800CB69C3F30213D35C03F01F03D84010BDBE
:1092880000440258FC2001085401002410B501F0E4
:1092980063F90949094A8B69094C03F00F03D35C48
:1092A80003F01F03D8402060CB69C3F30223D35CCB
:1092B80003F01F03D84010BD00440258FC200108E9
:1092C80054010024F8B53A4CA36A03F00303032BB6
:1092D80067D0236806460F4623F080632360FBF7B8
:1092E80069FA054604E0FBF765FA431B022B56D8DA
:1092F80023681A01F7D4A36A326823F47C3343EA5B
:109308000233A362D6E90232013B013A5B0212043E
:109318009BB202F4FE0213437268013AC2F30802D8
:1093280013433269013A120602F0FE421343A36363
:10933800E36A726923F0C0031343E362E26AB36924
:1093480022F020021A431B4BE262E26A22F010026A
:10935800E262E16BF2690B4043EAC203E363E36A4A
:1093680043F01003E362E36AEFB1012F0CBF43F44B
:10937800801343F40013E3620D4C236843F08063C9
:109388002360FBF717FA054604E0FBF713FA401BC6
:10939800022804D823681B01F7D50020F8BD032054
:1093A800F8BD0120F8BD43F40023E362E4E700BF01
:1093B800004402580700FFFFF8B53A4CA36A03F0CF
:1093C8000303032B67D0236806460F4623F0805318
:1093D8002360FBF7EFF9054604E0FBF7EBF9431BC5
:1093E800022B56D823689A00F7D4A36A326823F070
:1093F8007C7343EA0253A362D6E90232013B013A85
:109408005B0212049BB202F4FE0213437268013A33
:10941800C2F3080213433269013A120602F0FE420F
:1094280013432364E36A726923F440631343E362DA
:10943800E26AB36922F400721A431B4BE262E26AE1
:1094480022F48072E262616CF2690B4043EAC20363
:109458006364E36A43F48073E362E36AEFB1012F64
:109468000CBF43F4000343F08073E3620D4C2368A0
:1094780043F080532360FBF79DF9054604E0FBF7B2
:1094880099F9401B022804D823689B00F7D50020CF
:10949800F8BD0320F8BD0120F8BD43F48003E36262
:1094A800E4E700BF004402580700FFFF2DE9F84336
:1094B8000368044613F0006622D0426EB2F5001F1E
:1094C80000F0CE8411D8002A00F0F884B2F5801F8D
:1094D80040F0F18402210430FFF7F4FE0646002E26
:1094E80040F08684626E236803E0B2F5401F40F0C6
:1094F800E284A8480026016D21F440110A43026560
:10950800DD050AD5626D042A06D8DFE812F0A20448
:1095180093049A04DF02DF020126354698051BD51D
:10952800A26D802A00F05B8400F2EC80002A00F033
:109538008B83402A40F0ED800021201DFFF7C2FEFA
:1095480023680546002D40F067839249A06D0A6D97
:1095580022F4E07202430A6559051FD5D4F8A42005
:10956800B2F5800F00F0478400F2D680002A00F0A0
:109578007183B2F5001F40F0D7800021201DFFF74E
:10958800A1FE23680546002D40F044838149D4F8A4
:10959800A4008A6D22F4600202438A651A051FD569
:1095A800D4F8A820B2F1007F00F02E8400F2BF802A
:1095B800002A00F05583B2F1807F40F0C08000217E
:1095C800201DFFF77FFE23680546002D40F02A8303
:1095D8007049D4F8A8008A6D22F0E06202438A65D7
:1095E8009F0118D5A26C202A00F0DA8300F2AA8025
:1095F8003AB1102A40F0A9806649CA6A42F400329A
:10960800CA62002D40F059836249A06CCA6C22F0EE
:1096180030020243CA64D8041DD5E26DB2F5005F7A
:1096280000F0FB8300F29480002A00F01F83B2F55B
:10963800805F40F095800021201DFFF743FE2368DE
:109648000546002D40F0EC825249E06D0A6D22F487
:10965800E04202430A6599041AD5226EB2F5003F2A
:1096680000F074837FD84AB1B2F5803F40F0838020
:109678000121201DFFF726FE23680546002D40F036
:109688001E834449206E0A6D22F4E02202430A65D3
:109698005A041BD5D4F8AC20B2F1005F00F0608307
:1096A8006CD842B1B2F1805F70D10121201DFFF763
:1096B80009FE23680546002D40F003833549D4F898
:1096C800AC008A6D22F0E04202438A651F040DD582
:1096D800E26EB2F1805F00F03183B2F1005F00F01A
:1096E8000182002A00F0048201263546D8015DD5A2
:1096F800626C032A00F20A84DFE812F054001703B0
:109708004E005400C02A3FF41DAFB2F5807F3FF4ED
:1097180019AF012635461FE7B2F5C00F3FF433AF46
:10972800B2F5000F3FF42FAF0126354636E7B2F108
:10973800407F3FF44AAFB2F1806F3FF446AF012655
:1097480035464DE7302A3FF45CAF0126354662E7DF
:10975800B2F5405F3FF475AFB2F5804F3FF471AF9B
:109768000126354677E722F48031B1F5802F85D080
:10977800B2F5403F82D00126354689E722F0805174
:10978800B1F1804F97D0B2F1405F94D001263546B1
:109798009CE700BF004402580221201DFFF792FDFC
:1097A80023680546002D00F06B822E46590200F111
:1097B800F081DF072FD5A26F282A2AD8DFE812F018
:1097C800D30129002900290029002900290029009E
:1097D8006D032900290029002900290029002900F2
:1097E800CC01290029002900290029002900290085
:1097F800D30129002900290029002900290029006E
:10980800D30129002900290029002900290029005D
:10981800D30101263546980716D5626F052A00F24E
:109828007883DFE812F00D00300306000D000D000C
:109838000D00012104F12400FFF7BEFD2368054651
:10984800002D00F025822E46590717D5D4F8902010
:10985800052A00F26183DFE812F00D000C03060010
:109868000D000D000D00012104F12400FFF7A4FDF7
:1098780023680546002D00F013822E469A061DD552
:10988800D4F88C20B2F1005F00F0458200F2DC8051
:109898004AB1B2F1805F40F0E1800021201DFFF75E
:1098A80011FD23680546002D40F00582A949D4F82A
:1098B8008C004A6D22F0E04202434A655F061DD5DE
:1098C800D4F89820B2F5006F00F0548200F2C980F5
:1098D8004AB1B2F5806F40F0CE800021201DFFF71D
:1098E800F1FC23680546002D40F0C8819949D4F859
:1098F80098008A6D22F4E05202438A6518061DD545
:10990800D4F89C20B2F5804F00F03F8200F2B68078
:109918004AB1B2F5005F40F0BB800021201DFFF77F
:10992800D1FC23680546002D40F0A6818949D4F86A
:109938009C008A6D22F4604202438A6519070BD5A0
:10994800D4F88010B1F5805F00F03E828148426D06
:1099580022F440520A434265DA060BD5D4F8941033
:10996800B1F5807F00F025827A48826D22F440723A
:109978000A4382651F030ED5D4F8A010B1F5803FC5
:1099880000F0D480B1F5003F00F0D780002900F046
:10999800BA810126354658030FD5D4F88420B2F58C
:1099A800001F00F0B080B2F5401F00F0B380B2F5A0
:1099B800801F00F0A08101263546D90309D5E26C45
:1099C800002A00F08681B2F5803F00F02D81012643
:1099D80035469A0000F1D2809F035CD4301E18BF30
:1099E8000120DE0206D55B49256F0A6D22F0004290
:1099F8002A430A65DD0007D55649D4F8B4500A69E8
:109A080022F480422A430A61990206D55149A56E7B
:109A18000A6D22F080722A430A655A0009D54D4A18
:109A2800116921F4004111611169D4F8B850294332
:109A38001161002B06DA474A216DD36C23F040539D
:109A48000B43D364BDE8F88322F08051B1F1804F15
:109A58003FF429AFB2F1405F3FF425AF0126354608
:109A68002CE722F48061B1F5805F3FF43CAFB2F59A
:109A7800406F3FF438AF012635463FE722F40051E6
:109A8800B1F5004F3FF44FAFB2F5C04F3FF44BAFC5
:109A98000126354652E7E26FB2F5807F00F0228159
:109AA80006D922F48071B1F5007F03D0012098E730
:109AB800002AFBD1002DF9D1264D301E696D18BF43
:109AC800012021F440710A436A658AE73546002D72
:109AD80040F0A4801F49606D0A6D22F0070202431E
:109AE8000A651BE50121201DFFF7ECFB23680546ED
:109AF800002D40F0DE801749E06E0A6D22F04052DA
:109B080002430A65F2E5012104F12400FFF754FC41
:109B180023680546002D40F0DA800E49D4F8840009
:109B28004A6D22F4401202434A6546E7022104F1D5
:109B38002400FFF741FC23680546002D40F0C5804E
:109B48000449D4F8A0008A6D22F4403202438A65A1
:109B580021E700BF00440258012104F12400FFF767
:109B68002BFC23680546002D40F0AD80AF49A06F5F
:109B78004A6D22F0380202434A654CE6022104F19C
:109B88002400FFF719FC236800283FF425AF0126BD
:109B980022E7A74F3B6843F480733B60FAF70AFE5D
:109BA800804606E0FAF706FEA0EB0800642800F2FB
:109BB8007E813B68DA05F5D5002D40F0A4819B4AEB
:109BC800D4F8B030116F594011F4407F0BD0116FA9
:109BD800106F21F4407140F480301067106F20F44A
:109BE800803010671167B3F5807F00F06E8103F451
:109BF8004072B2F5407F00F07C818C490A6922F4FA
:109C08007C520A61894AC3F30B03116F0B43136734
:109C18002368CEE52E46C1E42E469DE42E467DE41B
:109C28002E4618E52E46DBE40221201DFFF74AFBED
:109C380005462368002D53D17C49E06CCA6C22F498
:109C480080320243CA64C4E67849CA6A42F40032E0
:109C5800CA6277E47549CA6A42F40032CA6292E479
:109C68007249CA6A42F40032CA62AEE46F49CA6AEB
:109C780042F40032CA62E4E42E465FE62E463DE630
:109C88006A49606CCA6C22F003020243CA648DE51B
:109C98006649606F4A6D22F0070202434A65D3E5C0
:109CA8006249D4F890008A6D22F0070202438A655F
:109CB800E4E52E461AE52E4600E62E46ABE42E468F
:109CC800E6E42E4602E52E46A5E52E4663E62E4638
:109CD80073E65649CA6A42F40032CA62002DABD014
:109CE8002E4676E65148C16A41F40031C162002D22
:109CF8007FF4DCAEE0E64D49CA6A42F40032CA623B
:109D0800002DE4D109E7201DFFF7DCFA054623689A
:109D1800002DDAD114E7022104F12400FFF74CFBEF
:109D280005462368002DC6D1C0E54049CA6A42F4F9
:109D38000032CA62002D7FF438ADA1E73B49CA6AF8
:109D480042F40032CA62002DB3D1D4E6012104F1F5
:109D58002400FFF731FB05462368002DAFD190E4BE
:109D6800012104F12400FFF727FB05462368002D95
:109D7800A7D1A3E4022104F12400FFF71DFB054647
:109D88002368002D7FF47AAFB0E5022104F12400A6
:109D9800FFF712FB05462368002D7FF46DAFC5E57C
:109DA8000221201DFFF78EFA05462368002D84D175
:109DB8002AE4022104F12400FFF7FEFA23680028B0
:109DC8003FF4D8AD0126D5E5022104F12400FFF7C0
:109DD800F3FA236800283FF4BFAD0126BCE5002153
:109DE80004F12400FFF7E8FA23680546FFF7AABB49
:109DF8002368FFF785BB002104F12400FFF7DCFA94
:109E080023680546FFF7BFBB002104F12400FFF7D4
:109E1800D3FA23680546FFF7D8BB002104F12400D4
:109E2800FFF7CAFA236805460BE400BF004402584E
:109E3800004802580021201DFFF744FA2368054610
:109E480045E6002104F12400FFF7B6FA2368054629
:109E58003DE633493546CA6A42F40032CA6236E6FC
:109E680002212430FFF7A8FA0646002E3FF43AAB49
:109E7800BEE70121201DFFF725FA05462368002DBE
:109E88007FF4FBAC0CE70121201DFFF71BFA054608
:109E98002368002D7FF4D7ACFAE60121201DFFF7D7
:109EA80011FA05462368002D7FF40DAF5EE6032600
:109EB800236835467DE40126FFF722BB1848C16AAE
:109EC80041F40031C162FFF714BBFAF773FCDFF805
:109ED8005080074641F2883904E0FAF76BFCC01B52
:109EE8004845E4D8D8F870309B07F6D5D4F8B03098
:109EF8007DE60B480B4A016902EA131221F47C51F2
:109F08000A4302617EE623682E4652E4012635465E
:109F18004CE40126354697E401263546AEE400BFF9
:109F280000440258CFFFFF0008B5FFF77DF9054B45
:109F3800054A1B6AC3F30213D35C03F01F03D8401E
:109F480008BD00BF00440258FC200108584B70B4FB
:109F5800996A9D6ADE6A15F47C3FC5F30532DC6BAD
:109F68005CD0C4F3CC0406F0100601F0030106FB34
:109F780004F4012907EE904AB8EEE77A03D00229E3
:109F880075D000294FD007EE902ADFED4A6AF8EE27
:109F9800E77A9B6B86EEA76A9FED475AC3F30803DF
:109FA80006EE903AF7EE005AF8EEE66AE7EE056A32
:109FB80076EEA56A66EE266A3D4AB7EE006A936BAE
:109FC800C3F3462307EE103AB8EEC77A70BC37EEF3
:109FD800067AC6EE877AFCEEE77AC0ED007A936BD4
:109FE800C3F3064307EE103AB8EEC77A37EE067A9F
:109FF800C6EE877AFCEEE77AC0ED017A936BC3F37D
:10A00800066307EE903AF8EEE77A77EE867A86EE00
:10A01800A77ABCEEC77A80ED027A704770BCC0E9B7
:10A028000022826070471968890627D51C6807EEE8
:10A03800902A2249F7EE005A9B6BC4F3C102F8EE4E
:10A04800E77A9FED1D5AC3F30803D14006EE903A14
:10A0580006EE101AF8EEE66AB8EEC66AE7EE056A8A
:10A0680086EE277A76EEA56A66EE876AA4E707EE9B
:10A07800902ADFED136AF8EEE77A8AE707EE902A6E
:10A088009FED105A9B6BB7EE006AF8EEE77ADFEDAA
:10A098000A5AC3F30803C5EE276A07EE903AF8EEAA
:10A0A800E77AE7EE257A77EE867A66EEA76A83E79F
:10A0B800004402580024744A000000390090D0037C
:10A0C8000024744B0024744C584B70B4996A9D6AF0
:10A0D800DE6A15F07C7FC5F305525C6C5CD0C4F376
:10A0E800CC0406F4807601F0030106FB04F4012990
:10A0F80007EE904AB8EEE77A03D0022975D0002916
:10A108004FD007EE902ADFED4A6AF8EEE77A1B6C2B
:10A1180086EEA76A9FED475AC3F3080306EE903A06
:10A12800F7EE005AF8EEE66AE7EE056A76EEA56AFB
:10A1380066EE266A3D4AB7EE006A136CC3F34623FF
:10A1480007EE103AB8EEC77A70BC37EE067AC6EE5C
:10A15800877AFCEEE77AC0ED007A136CC3F3064306
:10A1680007EE103AB8EEC77A37EE067AC6EE877A67
:10A17800FCEEE77AC0ED017A136CC3F3066307EED1
:10A18800903AF8EEE77A77EE867A86EEA77ABCEE12
:10A19800C77A80ED027A704770BCC0E900228260FD
:10A1A80070471968890627D51C6807EE902A224946
:10A1B800F7EE005A1B6CC4F3C102F8EEE77A9FED84
:10A1C8001D5AC3F30803D14006EE903A06EE101A62
:10A1D800F8EEE66AB8EEC66AE7EE056A86EE277A12
:10A1E80076EEA56A66EE876AA4E707EE902ADFEDA9
:10A1F800136AF8EEE77A8AE707EE902A9FED105A7D
:10A208001B6CB7EE006AF8EEE77ADFED0A5AC3F383
:10A218000803C5EE276A07EE903AF8EEE77AE7EE0C
:10A22800257A77EE867A66EEA76A83E700440258B5
:10A238000024744A000000390090D0030024744BB5
:10A248000024744C584B70B4996A9D6ADE6A15F400
:10A258007C7FC5F305125C6B5CD0C4F3CC0406F0BC
:10A26800010601F0030106FB04F4012907EE904AF8
:10A27800B8EEE77A03D0022975D000294FD007EE4F
:10A28800902ADFED4A6AF8EEE77A1B6B86EEA76A3A
:10A298009FED475AC3F3080306EE903AF7EE005ACB
:10A2A800F8EEE66AE7EE056A76EEA56A66EE266AD5
:10A2B8003D4AB7EE006A136BC3F3462307EE103A24
:10A2C800B8EEC77A70BC37EE067AC6EE877AFCEE2F
:10A2D800E77AC0ED007A136BC3F3064307EE103A32
:10A2E800B8EEC77A37EE067AC6EE877AFCEEE77ADA
:10A2F800C0ED017A136BC3F3066307EE903AF8EEEC
:10A30800E77A77EE867A86EEA77ABCEEC77A80ED92
:10A31800027A704770BCC0E90022826070471968F1
:10A32800890627D51C6807EE902A2249F7EE005ABD
:10A338001B6BC4F3C102F8EEE77A9FED1D5AC3F315
:10A348000803D14006EE903A06EE101AF8EEE66AD7
:10A35800B8EEC66AE7EE056A86EE277A76EEA56A53
:10A3680066EE876AA4E707EE902ADFED136AF8EE37
:10A37800E77A8AE707EE902A9FED105A1B6BB7EE33
:10A38800006AF8EEE77ADFED0A5AC3F30803C5EE70
:10A39800276A07EE903AF8EEE77AE7EE257A77EE45
:10A3A800867A66EEA76A83E7004402580024744A56
:10A3B800000000390090D0030024744B0024744C32
:10A3C800B0F5807F00B585B048D0B0F5007F11D0DA
:10A3D800B0F5806F00F08280B0F5006F52D0B0F514
:10A3E800805F2CD0B0F5002F00F09680002005B0DB
:10A3F8005DF804FB534A136D03F4E073802B59D0C6
:10A4080012D9C02B26D0B3F5807FEFD1D36C13F0CF
:10A4180040535BD0B3F1805F00F08D80B3F1005FF3
:10A42800494818BF0020E2E7002B3CD0402BDDD183
:10A4380001A8FFF78BFD019805B05DF804FB414AC0
:10A44800136D03F4E043B3F5005F33D029D9B3F5B6
:10A45800405F58D13D4805B05DF804FB394B1B6D92
:10A4680003F00703042BC1D801A252F823F000BF60
:10A47800AFA4000839A40008BDA400085DA4000822
:10A48800CBA400082F4A936D03F0E063B3F1007F7B
:10A4980010D01DD9B3F1407FDCD0B3F1806FB5D0B7
:10A4A800A4E7002B34D101A8FFF7CCFE029805B031
:10A4B8005DF804FB01A8FFF707FE019805B05DF8F9
:10A4C80004FB204BDB6C13F04053A3D120488EE7EC
:10A4D800002BE8D0B3F1807FAAD087E7194A936DA3
:10A4E80003F46003B3F5800FE4D005D8002BDAD06D
:10A4F800B3F5001F9CD079E7B3F5C00FAAD0B3F528
:10A50800000F83D072E7B3F5804F3FF47FAF6DE75C
:10A51800B3F5805F8CD069E70A4A936D03F4403342
:10A52800B3F5803F09D0B3F5003F3FF46FAF002B80
:10A538007FF45CAF7CE7074859E701A8FFF7C4FD43
:10A54800039854E7004402580024F4000080BB003C
:10A558000090D00300093D0008B5FEF7ABFC064BA0
:10A5680006499B69064AC3F30323CB5C03F01F0328
:10A57800D840106008BD00BF00440258FC20010804
:10A5880050010024F8B501680546AC4B99421FD02C
:10A59800203399421CD003F57873994258D0203360
:10A5A800994255D003F57873994200F01E81203303
:10A5B800994200F01A8195F89130A14E03F0FF02FC
:10A5C8006BB9284685F89020F9F75CF9296806E008
:10A5D8009C4E95F8913003F0FF02002BF1D09A4B76
:10A5E8009A4A1B68A2FB03230A681B0B22F48032D9
:10A5F8009B000A6023B30C68013B14F48034F9D142
:10A60800022385F89130EB68012B00F01081022BB2
:10A6180015BF032023200227222715BF4FF0010C66
:10A628004FF0210C00222022AB68013B042B00F2E2
:10A638004B81DFE813F0CF001000D6000F00D200E6
:10A64800D5F89430012043F04003C5F89430F8BDA4
:10A658007F4EBEE73A464FF400672B6A3260002B04
:10A6680044D0764B994200F01E817A48081AB0FA15
:10A6780080F04009002840F01681774B994200F09D
:10A688000C812033994200F00881744B994200F004
:10A69800FE802033994200F0FA80714B994200F015
:10A6A8000881704B994200F00A81AB6900EB800089
:10A6B800B3F5002F4FEA400300F0E280AA6A296A46
:10A6C800B2F1806F0CBF0222012201FB02F21202DA
:10A6D800B3FBF2F3644AA2FB0312D20802EB820135
:10A6E800A3EB4103092B08BF01326A626B6833F0A0
:10A6F80002032B6D40F09680012B14BF4FF40074B9
:10A708000024FAF76FF8696CB0F5005FD5E90032FC
:10A7180042EA0102A96C42EA0102E96C42EA01023A
:10A72800E96A42EA0102696942EA010272D3A96947
:10A7380018680A43A96A0A434C4901401960296903
:10A748000A4319680A43696A42EA015248493A4386
:10A7580022431A605A68286B1140EA690243686B01
:10A768005960024359680A4342495A609A6811403D
:10A778006A6E9960E96D98680A43296E0A43696DA3
:10A7880001390A43A96D013942EA012202434FF215
:10A7980020009A60D968AA6E0140D960E96ED8682D
:10A7A8000A43696F42EA0142296F013942EA0122EC
:10A7B800224902438B42DA6019D0294A934216D0C3
:10A7C80000230122C5F89430184685F8903085F8A2
:10A7D8009120F8BD4FF480673FE702464FF40067C9
:10A7E8003BE762464FF4006737E7234EF1E6736CA8
:10A7F80023F00103736495F83830012BE0D1D5E9D3
:10A808000F23013A43EA02137364736C43F00103A4
:10A818007364D5E7A96918680A43184901401960A3
:10A82800A96A8DE7012B08BF4FF4007469E713206C
:10A8380012274FF0110C1022F6E600BF0458014011
:10A848000054005800580140500100241BECCB95DF
:10A85800005C014024580140045C01400460014050
:10A868000454005824540058CDCCCCCC10C005F06A
:10A87800F01FFFFF0080F8FF0060014010C005F8DE
:10A888002A6A696D01FB02F2B3FBF2F322E74FF487
:10A898000070FFF795FD2968FFE64FF40070FFF799
:10A8A8008FFD2968F1E64FF48070FFF789FD29686C
:10A8B800E3E64FF48060FFF783FD2968F1E64FF483
:10A8C8000060FFF77DFDF0E60027C6E6022938B5EF
:10A8D800044635D9C81E012830D800202367606493
:10A8E800E064E065A0664FF6FF706067606830F06E
:10A8F80002000CBF0125002504294FF4003125650D
:10A908000CBF01200D2021664FF48021A0656166EF
:10A91800032A13D8DFE802F0474E54362368484A22
:10A92800934205D002F1C052A2F58232934205D17A
:10A938006368012B02D1636C002B2FD0012038BD36
:10A94800002023676064E064A066606830F002005D
:10A9580014BF0120002020654FF48030E0654FF6D9
:10A96800FF70606713F00100E8D14D1E012D29D852
:10A9780060664FF400302066032ADFD8DFE802F073
:10A988005546362CE0215B018022A1646365E266AE
:10A99800F9F728FF94F83830012BBFD02046BDE8DE
:10A9A8003840FFF7EFBD80211B014022A164636599
:10A9B800E266EDE780225B01A2646365E266E7E791
:10A9C800C021E0E720664FF480206066032AB5D8EE
:10A9D800DFE802F02B1C0C025B08E02080219A01C2
:10A9E800A0645B01E166C4E91523D1E75B08C022D6
:10A9F800802502294FEA8310A2644FEA4313E566D3
:10AA08006065A365C4D10823A366C1E75B088022FB
:10AA180002294FEA8310A2644FEA4313E266C4E9AD
:10AA28001503B5D11023A366B2E75B088020402147
:10AA38005A01A0641B01E166C4E91523A8E700BF19
:10AA4800045801402DE9F8430F4604461546F9F726
:10AA5800B1FE002F61D0B5FA85F84FEA5818002DDD
:10AA68005BD094F89130012B5FFA83F950D194F8B8
:10AA78009030012B4CD04346C4F894800646D4F855
:10AA8800800065F30F03226884F89090394665F3D7
:10AA98001F43A7671C32E3672B46122584F89150A1
:10AAA8002E4DC0F8508005642D4DC5632D4DC564ED
:10AAB800FBF700F800283ED1636C082B636831D09F
:10AAC80005216122023B012B98BF114622681369B8
:10AAD8000B431361136843F40033136006E0F9F77E
:10AAE80069FE831BB3F57A7F2AD82268556915F465
:10AAF800E025F4D01368DB0303D4136843F48033F0
:10AB080013600023994684F890304846BDE8F883DE
:10AB18004FF002094846BDE8F8834FF0010948465E
:10AB2800BDE8F88323F00202012A0BBF1521052195
:10AB380071226122C6E7484684F89080BDE8F88310
:10AB4800D4F894304FF0030984F8905043F0400350
:10AB58004846C4F89430BDE8F88300BFADAC00089F
:10AB680045AC00082DAD0008F8B500294ED0B2FA62
:10AB780082F513466D09002A48D090F891200446C2
:10AB8800012AD6B23FD190F89020012A3BD08167A4
:10AB98000A462946222780F8906063F30F01C0F81F
:10ABA800945063F31F41C167D0F8840084F8917012
:10ABB8001E4F216807641E4F1C310565C7631D4F72
:10ABC800C764FAF777FF20BB23681A68D20303D457
:10ABD8001A6842F480321A60626C082A62681CD0D3
:10ABE80005216120023A012A98BF01461A6900200E
:10ABF8000A4306461A611A6842F400321A6084F859
:10AC080090003046F8BD02263046F8BD0126304691
:10AC1800F8BD304684F89050F8BD22F002010129B1
:10AC28000BBF1521052171206120DBE71DAD000850
:10AC3800B9AC00082DAD0008704700BF08B5C3695E
:10AC4800806BB3F5807F1BD003684FF0000C416C1C
:10AC58001A680829A0F87EC022F400321A604268F7
:10AC680011D06FF0610C6FF00501023A012A98BF0C
:10AC780061461A694FF0010C0A401A6180F891C0C8
:10AC8800FFF7DAFF08BD22F0020101290BBF6FF0C0
:10AC9800710C6FF0610C6FF015016FF00501E4E7BE
:10ACA800704700BF806B08B5FFF7FAFF08BD00BF0B
:10ACB80008B5C369806BB3F5807F1BD003684FF07C
:10ACC800000C416C1A68082922F400321A604268A4
:10ACD800A0F87EC011D06FF0610C6FF00501023A48
:10ACE800012A98BF61461A694FF0010C0A401A619F
:10ACF80080F891C0F8F7CCFE08BD22F002010129C6
:10AD08000BBF6FF0710C6FF0610C6FF015016FF0F5
:10AD18000501E4E7806B08B5F8F77EFE08BD00BFC3
:10AD2800704700BF10B5846BFBF7CEFB022823D019
:10AD3800D4F89420216842F08002134B1348C4F8D9
:10AD480094201B680A68A0FB030322F400321B0B43
:10AD58000A600A689B0022F480320A606BB10A68B4
:10AD6800013BD203FAD401220023204684F8912023
:10AD7800A4F87E30FFF7D4FF10BDD4F8943043F028
:10AD88004003C4F89430EEE7500100241BECCB9547
:10AD980018B338B590F82C3004460D4603F0FF027E
:10ADA800B3B12146022384F82C3051F8040B00F08B
:10ADB80051F862682946206800F08AF8084A01219B
:10ADC8000020136843F00043136084F82C1038BD4A
:10ADD80080F82D20F6F718FBE3E70120704700BF45
:10ADE8000040005270B590F82C300446022BD8B2BF
:10ADF80004D000F0FB06012E01D0012070BD022313
:10AE08000D46206884F82C3000F0AEF82B68022B31
:10AE180003D0002084F82C6070BD0523002084F83E
:10AE28002C3070BD38B590F82C300446022BD8B2BF
:10AE380005D094F82C30012BDDB201D0012038BDAB
:10AE48000223206884F82C3000F0A2F8002084F84F
:10AE58002C5038BD0B6810B4D3B90468A3F500436F
:10AE68004A6823401343D1E9024223431343D1E9FB
:10AE7800044223431343D1E9064223431343D1E950
:10AE8800084223435DF8044B1343036000207047D6
:10AE98000268D1E9074322F4F84222434C6A1A4374
:10AEA8000A4B2243026042681340D1E9014223431E
:10AEB8001343D1E9034223431343D1E90542234312
:10AEC8005DF8044B13434360002070470080FFFF88
:10AED80030B40ABB8368D1E9002403F07043013C15
:10AEE800013A43EA04131343D1E90224013A013C2D
:10AEF80043EA022343EA0432D1E904348969013B75
:10AF0800013C013942EA034343EA045343EA01633B
:10AF180030BC8360002070478268CC68114B013CCC
:10AF280013404A6943EA0433541E43EA0454D1E9FE
:10AF380000258460C3686C1E013A03F0704343EA3D
:10AF480004130C691A438B68013C8969013B013978
:10AF580042EA032343EA044343EA016330BCC36083
:10AF680000207047FF0F0FFF0246D1E9003010B4F0
:10AF780003431469D1E9021023435DF8044B0139F6
:10AF880043EA4023002043EA41131361704700BF9E
:10AF98000246054B002010B4546923405DF8044B69
:10AFA80043EA41015161704701C0FFFF022A82B0A4
:10AFB800844613D009230193DCF80C30002023F4D5
:10AFC8007053CCF80C30019BDCF80C209B0203F486
:10AFD80070531343CCF80C3002B07047224B234A0D
:10AFE8000B44934207D9224B224A0B44934205D87B
:10AFF8000E230193E0E70F230193DDE71E4B1F4A61
:10B008000B44934207D91E4B1E4A0B44934205D268
:10B018000C230193D0E70D230193CDE71A4B1B4A6C
:10B028000B44934202D80B230193C5E7184B194AE6
:10B038000B44934202D20A230193BDE7164B174AE9
:10B048000B449342B6D3164B164A0B44934202D292
:10B0580008230193B0E7144B144A0B44934234BFBE
:10B06800072306230193A7E7405327FFFF340C006B
:10B07800401E1BFF3F420F0000DC0BFF7F4F1200FA
:10B08800808CF9FE20D6130060B6E5FE5FE316005B
:10B0980000D3CEFE40771B00C05BB3FEC0912100F9
:10B0A80000CA91FE20753800E05459FEE09C41002A
:10B0B800890182B000230A4A41F02001019301610D
:10B0C80003E0036913F0200307D0019B0133934287
:10B0D8000193F6D9032002B07047184602B07047B2
:10B0E800400D0300D0F8083882B003F0060301933E
:10B0F800019838B10198022804D0019B062B0CBF97
:10B1080002200F2002B0704730B44B780A78012B28
:10B1180020D002F00F0C4FF48033D0F81C4800EB1D
:10B12800421203FA0CF32343C0F81C38D2F8003B50
:10B138001B040CD48B68D2F8004BC3F30A03C878FD
:10B148001449234343EA80431943C2F8001B0020F3
:10B1580030BC704700F5006402F00F0500EB4210A8
:10B16800AB40E5692B43E361D0F800391C04EED409
:10B178008B68D0F80059C3F30A03CC7805492B43F0
:10B1880043EA844343EA8252114330BCC0F80019B1
:10B1980000207047008000102DE9F0414B7891F8AD
:10B1A80000C0012B51D000EB4C1C844CDCF8105B28
:10B1B8000CF530632C401C61814C1D692C401C61CE
:10B1C8004C6984B38D68012A7E4E2C4404F1FF3407
:10B1D800B4FBF5F406EAC44EA4B205FB04F41D69F9
:10B1E8004EEA0505C4F312041D611D6944EA05040D
:10B1F8001C6125D0CB78012B0CD1D0F8083813F47A
:10B20800807FDCF8003B0CBF43F0005343F08053D1
:10B21800CCF8003BDCF8003B43F00443CCF8003B9F
:10B228000020BDE8F0818C68012A1D69C4F312046E
:10B2380044EA05041C611C6944F400241C61D9D14A
:10B24800CA68002AD6D05A61D4E74D69002D3DD08E
:10B2580000EB4C14594ED1F808E0D4F81089584F37
:10B2680008EA0606C4F8106905EB0E06013EB6FBAF
:10B27800FEFED4F810693740524EC4F8107906EA39
:10B28800CE46D4F810793E43C4F81069C5F31206C7
:10B29800D4F810793E43C4F8106904F5106691F8A3
:10B2A80003E0BEF1010F57D0012A72D0D4F800296B
:10B2B8000CF00F0C42F0044203FA0CF3C4F8002916
:10B2C800D0F834281343C0F83438A9E700EB4C13FE
:10B2D8003B4E3A4C012AD3F8107906EA0706C3F820
:10B2E8001069D3F8106946F40026C3F81069D3F83A
:10B2F800106904EA060403F51066C3F8104991F8CA
:10B3080003E03AD0D3F80049BEF1010F44F00444F9
:10B31800C3F8004984D1D0F8083813F4807F336823
:10B328000CBF43F0005343F080533360002A7FF48E
:10B3380077AFADB20335AD083FF472AFCB6800EB21
:10B348000C3C03EB85010CF5805C53F8042B8B4215
:10B35800CCF80020F9D163E73369012A23F0C04310
:10B368003361336943F00053336117D0D4F800399F
:10B3780043F00443C4F80039CDE70B6963B9BEF163
:10B38800010F0ED03368002043F004433360BDE85A
:10B39800F0810B69002BF5D07361F0E70B69002B86
:10B3A800FAD1D0F8083813F4807F33680CBF43F023
:10B3B800005343F080533360E4E700BF0000F8FF18
:10B3C800FFFF07E00000F81FF0B54C780B78012C60
:10B3D80026D000EB4310574CD0F8105B00F53063D3
:10B3E8002C401C61544C1D692C401C614C69A4B94B
:10B3F8008C681D69C4F31204012A45F400251D61F7
:10B408001D6944EA05041C6149D0D0F8003B43F0AB
:10B418000443C0F8003B0020F0BD8C684C61E8E7AD
:10B428004C69002C40D000EB4315424FD1F808E09E
:10B43800D5F810C9404E74450CEA070705F5106C9D
:10B44800C5F81079D5F8107906EA0706C5F8106925
:10B4580058D9DCF81040012AC1F814E044F400245B
:10B46800CCF81040CEF31204DCF8106044EA06046D
:10B47800CCF810403AD0D5F8002942F00442C5F87B
:10B488000029BEF1000FC6D003F00F010123D0F848
:10B4980034288B401343C0F834380020F0BDCA6804
:10B4A800002AB2D05A61B0E700EB4310224B012AC0
:10B4B800D0F8104900F5106C03EA0403CCF81030FA
:10B4C800DCF8103043F40023CCF81030194BDCF8CA
:10B4D800104003EA0403CCF8103007D0D0F8003944
:10B4E80043F00443C0F800390020F0BD0B690BB1EC
:10B4F800CCF81430DCF80030002043F00443CCF8DA
:10B508000030F0BDDCF81060C4F31204012A46F4E0
:10B518000026CCF81060DCF8106044EA0604CCF889
:10B528001040E3D0D5F8002942F00442C5F80029BC
:10B53800AAE700BF0000F8FFFFFF07E010B49DF87E
:10B54800044064B903339B0809D0013201EB83033B
:10B5580000EB023051F8042B8B420260FAD1002034
:10B568005DF8044B704700BF033292080AD000F51B
:10B57800805C01EB8200DCF8003041F8043B884233
:10B58800F9D17047084670474A780B78012A00EBD2
:10B5980043100CD0D0F8002B0BB1002A14DAD0F8E5
:10B5A800003B43F40013C0F8003B00207047D0F87C
:10B5B8000029002A00DB73B9D0F8003943F40013DE
:10B5C800C0F8003900207047D0F8003B23F08043D2
:10B5D800C0F8003BE3E7D0F8003923F08043C0F817
:10B5E8000039D0F8003943F40013C0F80039E9E70E
:10B5F8004A780B78012A00EB431013D0D0F8003BAF
:10B6080023F40013C0F8003BCB78023B012B01D98F
:10B6180000207047D0F8003B43F08053C0F8003B4F
:10B6280000207047D0F8003923F40013C0F800391F
:10B63800CB78023B012BEBD8D0F8003943F080538C
:10B64800C0F8003900207047034609010020D3F8EC
:10B65800002801F4FE6122F4FE62C3F80028D3F842
:10B6680000281143C3F80018704700BF82B043692F
:10B6780001938269019B13400193019802B07047BE
:10B6880082B0D0F818380193D0F81C28019B1340D9
:10B6980001930198000C02B0704700BF82B0D0F847
:10B6A80018380193D0F81C28019B13400193019886
:10B6B80080B202B0704700BF00EB411182B0D1F8F0
:10B6C800083B0193D0F81428019B1340019301987B
:10B6D80002B0704784B0D0F8103801F00F0C00EBBE
:10B6E80041110293D0F834380393039B029A23FA4A
:10B6F8000CF3DB01DBB213430293D1F80839029A49
:10B7080013400193019804B0704700BF406900F0EE
:10B7180001007047D0F8001900F500630A4A0A4092
:10B72800C0F800299A6802F00602042A05D1D0F868
:10B73800002942F00302C0F800295A68002042F4A8
:10B7480080725A60704700BF00F8FFFF144B10B4B6
:10B75800046C9C421AD800F530600023012903616B
:10B76800036943F400230361036943F01803036189
:10B77800036943F0C043036104D14261036843F0A5
:10B788008023036000205DF8044B7047D0F8003B2D
:10B7980000F53060002BE0DA00205DF8044B7047BC
:10B7A8000A30544FD0F8002401F00303012900F5B2
:10B7B800806C22F00302C0F80024D0F8002443EA89
:10B7C8000203C0F8003409D0022901D000207047D4
:10B7D80041F270730020CCF8043070474BF6803388
:10B7E8000020CCF804307047D0F8140480B27047B9
:10B7F80000EB4111002382B001F5A0620193D1F85A
:10B80800003513F4802FD1F8003543F08043C1F898
:10B81800003522D1C36A13F47F0FD1F8003523D144
:10B8280023F00043C1F80035D1F8003543F0004358
:10B83800C1F80035D1F8003523F40043C1F80035CC
:10B8480002E01368002B13DA019B0133B3F57A7F0A
:10B858000193F6D9002002B07047D0F8103413F4E1
:10B868007F0FD1F8003506D043F00043C1F800350A
:10B87800002002B0704723F00043C1F80035D1F82A
:10B88800003543F00043C1F80035D1F8003523F402
:10B898000043C1F8003502E01368002BE8DA019B89
:10B8A8000133B3F57A7F0193F6D9002002B07047CF
:10B8B80030B4002484B04FF48465AA4A0094014649
:10B8C800836823F0010383600394056102E00B6938
:10B8D800980604D5039B013393420393F7D90020BC
:10B8E8001023A04A02900B6102E00B69DB0604D525
:10B8F800029B013393420293F7D9D1F8003501F541
:10B90800A06201F5E0600193019B43F0804301933D
:10B91800019B23F000430193019B23F4004301930F
:10B92800019BC1F80035D1F820350193019B43F004
:10B9380080430193019B23F000430193019B23F46F
:10B9480000430193019BC1F82035D1F8403501939C
:10B95800019B43F080430193019B23F00043019333
:10B96800019B23F400430193019BC1F84035D1F8B2
:10B9780060350193019B43F080430193019B23F0C1
:10B9880000430193019B23F400430193019BC1F8F9
:10B998006035D1F880350193019B43F080430193D2
:10B9A800019B23F000430193019B23F4004301937F
:10B9B800019BC1F88035D1F8A0350193019B43F074
:10B9C80080430193019B23F000430193019B23F4DF
:10B9D80000430193019BC1F8A035D1F8C03501930C
:10B9E800019B43F080430193019B23F000430193A3
:10B9F800019B23F400430193019BC1F8C035D1F8A2
:10BA0800E0350193019B43F080430193019B23F0B0
:10BA180000430193019B23F400430193019BC1F868
:10BA2800E035D1F800360193019B43F08043019340
:10BA3800019B23F000430193019B23F400430193EE
:10BA4800019BC1F80036D1F820360193019B43F0E1
:10BA580080430193019B23F000430193019B23F44E
:10BA680000430193019BC1F82036D1F84036019379
:10BA7800019B43F080430193019B23F00043019312
:10BA8800019B23F400430193019BC1F84036D1F890
:10BA980060360193019B43F080430193019B23F09F
:10BAA80000430193019B23F400430193019BC1F8D8
:10BAB8006036D1F880360193019B43F080430193AF
:10BAC800019B23F000430193019B23F4004301935E
:10BAD800019BC1F88036D1F8A0360193019B43F051
:10BAE80080430193019B23F000430193019B23F4BE
:10BAF80000430193019BC1F8A036D1F8C0360193E9
:10BB0800019B43F080430193019B23F00043019381
:10BB1800019B23F400430193019BC1F8C036D1F87F
:10BB2800E0360193019B43F080430193019B23F08E
:10BB380000430193019B23F400430193019BC1F847
:10BB4800E03613680193019B43F080430193019B06
:10BB580043F000430193019B23F400430193019BAD
:10BB6800136004E0400D03001368002B05DA009B06
:10BB78000133B3F57A7F0093F6D920328242E0D1BF
:10BB88004FF0FF330020C1F814344B618B6843F049
:10BB980001038B6004B030BC704700BF08B5D0F813
:10BBA8008C321BB11B68984700B908BD022008BD3C
:10BBB80008B5D0F88C325B689847002008BD00BFF4
:10BBC80038B500F520750446284600F07DFB0122B3
:10BBD800B4F8863294F88012C4E99B2301F01F035D
:10BBE800934209D0022B13D063B101F080012046A3
:10BBF800F8F746FC002038BD2946204600F092FAA6
:10BC0800002038BD2946204600F00AF9002038BD3A
:10BC18002946204600F0BAFA002038BD38B5054656
:10BC280069B91346D0F86C22032A15D0052A0C46A8
:10BC38000ED1C5F86C12F8F723FC204638BDD0F8B1
:10BC48008C329B6933B190F87422032A02D1984749
:10BC5800002038BD022038BDD0E9531291420CD9DA
:10BC6800891A8A42C0F84C1188BF8AB2194698BF0F
:10BC780092B200F055FB002038BDD0F88C321B6919
:10BC88001BB190F87422032A04D0284600F052FB16
:10BC9800002038BD9847F8E770B5044661B9D0F878
:10BCA8006C32022B15D033F0040337D094F8783275
:10BCB800012B2ED0002070BDD0F88C325B6933B1D7
:10BCC80090F87422032A02D19847002070BD022000
:10BCD80070BDD0E908630D469E4223D8C669B6FBFD
:10BCE800F3F203FB12620AB9B34228D9D4F88C32B2
:10BCF800DB681BB194F87422032A30D080212046D7
:10BD0800F8F7BEFB204600F021FB94F87832012BAF
:10BD1800D0D10023184684F8783270BD8021F8F716
:10BD2800AFFBC3E7F31A114603629AB200F0EEFACA
:10BD38002B462A4629462046F8F7EEFBB6E7D0F808
:10BD480070329E42D2D20A4600F0E0FA2B462A46CA
:10BD580029462046C4F87052F8F7DEFBA6E72046CD
:10BD68009847CBE770B500224026044601251146C6
:10BD78003346F8F773FB3346802100222046C4F887
:10BD88004451C4F85061F8F769FB0021D4F89032A7
:10BD9800A561666284F87452C4F86C126160C4F8D4
:10BDA8007C1223B1D4F88C3220465B689847002077
:10BDB80070BD00BF03460020197470470346042174
:10BDC800002093F8742283F8741283F87522704760
:10BDD8000346002093F8752283F87422704700BF49
:10BDE80090F87422032A01D00020704708B5D0F8D3
:10BDF8008C32DB6903B19847002008BD00207047EA
:10BE08000020704700207047D0F88C22012108B527
:10BE180080F87412017953689847002008BD00BF64
:10BE280030B50B7883B00D46044603F06003202B31
:10BE38000DD0402B0BD09BB180212046F8F720FB7A
:10BE480000212046F8F71CFB002003B030BDD4F8D1
:10BE58008C32294620469B689847002003B030BDA5
:10BE68004B78092BE8D801A252F823F0CFBE00087E
:10BE7800FBBE000841BE000819BF000841BE00080B
:10BE880021BF000859BF000841BE000889BF00084B
:10BE98009DBE00088978A24D01292970CCD890F858
:10BEA8007432022B00F01281032B00F000818021F4
:10BEB800F8F7E6FA00212046F8F7E2FA2978204652
:10BEC800FFF776FEC0E790F87432013B022BB3D837
:10BED800CB88022BB0D10122D0F87C32C2600BB1E2
:10BEE8000323C360022204F10C01204600F000FA8B
:10BEF800AAE790F87432013B022B9DD84B88012B9E
:10BF0800A2D100232046C4F87C3200F013FA9BE744
:10BF18004B88012B98D1F5E78B88002B8CD1CB88E7
:10BF2800002B89D14D887F2D86D890F87432032B49
:10BF380082D0E9B280F87612F8F7D2FA204600F0FB
:10BF4800F9F9002D00F0E080022384F874327BE7D1
:10BF58004A88130A013B062B3FF66EAF01A151F840
:10BF680023F000BF1DC0000805C00008F3BF00088B
:10BF780041BE000841BE0008DDBF0008AFBF000891
:10BF8800CA88012A7FF458AF90F87432022B00F265
:10BF98008780002B3FF450AF0146002341F8083F4B
:10BFA80000F0A6F950E7037C002B7FF445AFD0F8EA
:10BFB8008C320DF106001B6B984707234370BDF8C0
:10BFC8000620002A67D0EB88002B5BD1204600F0C2
:10BFD800B1F939E7037C002B7FF42EAFD0F88C320F
:10BFE8000DF106005B6B9847E9E7D1B2052900F22D
:10BFF8008F80DFE801F0271F17372F3F037C002BC6
:10C0080072D1D0F88C320DF106009B6A9847022352
:10C018004370D4E7D0F888320DF10601007C1B6824
:10C028009847CCE7D0F888320DF10601007CDB6830
:10C038009847C4E7D0F888320DF10601007C9B6868
:10C048009847BCE7D0F888320DF10601007C5B68A0
:10C058009847B4E7D0F888320DF10601007C5B6997
:10C068009847ACE7D0F888320DF10601007C1B69CF
:10C078009847A4E7D0F888320DF10601007C9B6947
:10C0880098479CE79A420146204628BF1A46ADF8D1
:10C09800062000F02DF9EB88002B7FF4D5AE95E74C
:10C0A800032B7FF4C9AE011D00F022F9CCE621B3C1
:10C0B800416801298AD0C9B2FFF77AFD297820465C
:10C0C8006160FFF76BFD022880D1B5E600293FF4D7
:10C0D8007DAF01210323416080F87432FFF75EFDD4
:10C0E80002287FF473AFA7E6D0F88C320DF1060072
:10C0F800DB6A98470223437061E70223416080F8B6
:10C108007432FFF755FD61E7012384F874329BE62A
:10C11800D0F88C320DF106029B6B98474FE700BFB1
:10C128005818002438B50B780D46044603F0600211
:10C13800402A0AD05B0608D58021F8F7A1F900212A
:10C148002046F8F79DF9002038BD94F87432013B79
:10C15800022B11D82B79012B0ED8D4F88C32294612
:10C1680020469B689847EB88002BECD10028EAD141
:10C17800204600F0DFF8E6E780212046F8F780F94E
:10C1880000212046F8F77CF9002038BD38B50B7837
:10C19800044603F06003202B0CD0402B0AD083B157
:10C1A80080212046F8F76CF900212046F8F768F955
:10C1B800002038BDD4F88C3220469B689847002070
:10C1C80038BD4B788A88012B5FFA82FC37D0032B65
:10C1D80023D0002BE4D190F87432022B4AD0032BE1
:10C1E800DED10CF00F03120603EB830300EB83038D
:10C1F80051D4D3F84431002BD2D00CF07F0314254E
:10C2080005FB030505F5A075002B4FD12B60022215
:10C218002946204600F06CF8CAE790F87432022BE1
:10C228001DD0032BBCD14B882BB91CF07F0F02D03B
:10C23800CB88002B43D0204600F07CF8B8E790F874
:10C248007432022B0BD0032BAAD14B88002BAFD111
:10C258001CF07F0FEFD06146F8F720F9EBE71CF0F0
:10C268007F0F9DD06146F8F70BF980212046F8F73B
:10C2780007F99DE71CF07F0F92D111064FF00003DC
:10C288004FF002024CBF00F1140100F5A0710B60E1
:10C2980000F02EF88CE79B69002B81D00CF07F030F
:10C2A8005D1C05EB850500EB8505ADE7614620467D
:10C2B800F8F702F908B10123A8E72860A7E7614663
:10C2C800F8F7DEF8B7E700BF0B7803704B784370D8
:10C2D800CA788B7803EB022343804A790B7903EB06
:10C2E80002238380CA798B7903EB0223C3807047CA
:10C2F80010B5134602240A460021C0F86C42C0E972
:10C308000733F8F7FBF8002010BD00BF8C4600216A
:10C3180008B513466246F8F7F1F8002008BD00BFDB
:10C328008C46002108B513466246F8F7F5F8002058
:10C3380008BD00BF08B504210023C0F86C121A46D6
:10C348001946F8F7DBF8002008BD00BF08B505213D
:10C358000023C0F86C121A461946F8F7DDF80020D9
:10C3680008BD00BFD0F8C4230132C0F8C423027846
:10C378000B2A00D07047D0F87C33002BFAD09B6989
:10C38800184700BF012380F823337047002380F843
:10C3980023337047034600220121104683F82013F7
:10C3A80083F8212383F82223704700BF38B501237F
:10C3B8000025044680F8213380F8235380F8205361
:10C3C800F8F7CEF82179204600F006F86179204682
:10C3D80000F002F8284638BD0A2907D800EB81008A
:10C3E800D0F88433C3F30E03C0F8843300207047B9
:10C3F8000C4A82B00C4BD2F8DC1041F04001C2F874
:10C40800DC10D2F8DC2002F040020192019A1A688E
:10C4180022F020021A601A6842F004021A6002B080
:10C42800704700BF004402580018024870B5002346
:10C4380004464FF4806204214FF440353448C4F870
:10C448003821C4F8D410C4F83431C4F84C11314937
:10C45800C4F8B000C4F82811C4E92F32C4E9313354
:10C46800C4E93335C4E93733C4E94F33C4E9513536
:10C47800C4E95533A2680323C4F8D830C4F850314E
:10C48800042A0AD8DFE802F01F262D3403005522BB
:10C498005623C4F8B420C4F82C310022402304F1F8
:10C4A800B005C4F8B8202846C4F83031F9F744F983
:10C4B80008B1FFBEFEE704F594763046F9F73CF97B
:10C4C800E8B1FFBEFEE725222623C4F8B420C4F84D
:10C4D8002C31E2E727222823C4F8B420C4F82C31F1
:10C4E800DBE73D223E23C4F8B420C4F82C31D4E75E
:10C4F80053225423C4F8B420C4F82C31CDE704F1F6
:10C508002803C4E92865C4F8E830C4F8603170BD70
:10C5180040040240580402402DE9F04F814683B0A0
:10C528000E4617461D4600F12804204602F006FD77
:10C5380001288246F9D14846FFF778FF804600284F
:10C5480035D1EFF31083019372B6DFF888B00C9BF6
:10C5580099F90820DFF880A0DFF88090CBF8003048
:10C568000D9B89F80020CAF800300DB11846A8477D
:10C57800BAB23146204602F057F830B9019B03B9E8
:10C5880062B6404603B0BDE8F08F0023CBF8003018
:10C59800CAF80030FF2389F800300C9B8BB10121C9
:10C5A8000D9888469847019B002BEAD1E8E70C9B39
:10C5B80053B1D0460D9851469847404603B0BDE860
:10C5C800F08F4FF00108D9E7D046404603B0BDE8E8
:10C5D800F08F00BF7C2200248422002480220024C3
:10C5E8002DE9F04F814683B00E4617461D4600F1EF
:10C5F8002804204602F0A2FC01288246F9D14846C8
:10C60800FFF714FF8046002835D1EFF3108301931C
:10C6180072B6DFF888B00C9B99F90820DFF880A083
:10C62800DFF88090CBF800300D9B89F80020CAF81D
:10C6380000300DB11846A847BAB23146204602F07C
:10C64800B7F930B9019B03B962B6404603B0BDE8FB
:10C65800F08F0023CBF80030CAF80030FF2389F8A8
:10C6680000300C9B8BB101210D9888469847019B9F
:10C67800002BEAD1E8E70C9B53B1D0460D98514600
:10C688009847404603B0BDE8F08F4FF00108D9E75E
:10C69800D046404603B0BDE8F08F00BF7C2200249E
:10C6A80084220024802200242DE9F04F814683B0A3
:10C6B8000F461646984600F12804204602F03EFC34
:10C6C8000128FAD182464846FFF7B0FE0546002801
:10C6D80038D1EFF31083019372B699F90830DFF877
:10C6E8008890DFF888B089F800300D9BDFF880A0CB
:10C6F800CBF800300E9BCAF800300C9B0BB10E989B
:10C7080098471FFA88F33A463146204602F044F823
:10C7180030B9019B03B962B6284603B0BDE8F08F73
:10C728000023CBF80030CAF80030FF2389F8003026
:10C738000D9B8BB101210E980D469847019B002B4C
:10C74800EAD1E8E70D9B4BB155460E9851469847FC
:10C75800284603B0BDE8F08F0125DAE7554628469C
:10C7680003B0BDE8F08F00BF802200247C220024A3
:10C77800842200242DE9F043002387B002220446D6
:10C7880005690493CDE90223D0E902128E00FAB1BB
:10C79800022D7AD02178B5FA85F54FF00108276A7D
:10C7A8000B294FEA551521D1A2780B2A02D0B8F1EE
:10C7B800000F38D123790B2B01D0002D6CD1A37930
:10C7C80017B10B2B40F09980002007B0BDE8F0832B
:10C7D80035F002032178276A0CBF4FF001084FF0AB
:10C7E8000008023D18BF01250B29DDD07D4B94F8C8
:10C7F80001C053F8262010780B2802D0884200F098
:10C80800AD80D378D01C994202D10B2B40F0BD806B
:10C818009379901D8B4202D10B2B40F0BC800120F4
:10C8280007B0BDE8F083711C6E4BE07853F82130F7
:10C8380019780B2902D08A4200F0B580D97803F123
:10C84800030C0B2902D08A4200F0BB80997903F1CE
:10C85800060C0B29E3D08A42E1D1DB798342DED191
:10C86800634604F102099B7848460593F7F786FE6C
:10C8780080464846F7F78AFE01A901904046F9F735
:10C8880025FE23790B2B98D199E70178076A0B29A4
:10C8980040F0868001258DE7B11C524A607952F834
:10C8A800212011780B2902D08B4200F08180D178A9
:10C8B800D51C0B2902D08B4200F08D809179951DF3
:10C8C8008B42ACD10B29AAD0D3798342A7D12A466F
:10C8D800251D937828460593F7F750FE034628460A
:10C8E8001D46F7F753FE01A901902846F9F7EEFD1A
:10C8F800A379002F7FF465AF66E7F11C394AE07928
:10C9080052F8212011780B2901D08B425FD0D178C1
:10C91800D51C0B2901D08B424FD09179951D8B42A4
:10C928007FF47DAF0B293FF47AAFD37983427FF44C
:10C9380076AF2A46A51D937828460593F7F71EFE7D
:10C9480004462846F7F722FE034601A9204601932C
:10C95800F9F7BCFD002007B0BDE8F08353786345C4
:10C968007FF44FAF937820460593F7F707FE81468B
:10C978002046F7F70BFE01A901904846F9F7A6FDF6
:10C98800A2780B2A7FF413AF14E7137963457FF479
:10C998003FAF0246E6E7D37963457FF440AFF8E757
:10C9A8009846012522E7597881427FF447AF58E736
:10C9B800517881427FF47BAF8AE711798142ACD10B
:10C9C800B7E7197981427FF441AF634649E7517867
:10C9D80081429CD1AEE7117981427FF46FAF2A463C
:10C9E80076E700BF70210108654A0368934200F0AA
:10C9F800B980A2F57842934200F0B68002F58062D1
:10CA0800934200F0B38002F57842934200F0B08080
:10CA180002F5E052934200F0AD805A4A934240F04A
:10CA2800AB8005234FF4D071574A01FB03F310B5CF
:10CA3800D418D05C86B0F7F7B1FDA078F7F7AEFD53
:10CA48002079F7F7ABFDA079F7F7A8FDA368052BC8
:10CA580011D8DFE803F0192F455B71034B4BD3F86E
:10CA6800F42042F02002C3F8F420D3F8F43003F0A5
:10CA780020030593059B2046FFF77CFE012801D083
:10CA880006B010BDFFBEFEE7404B00222320D3F8BE
:10CA9800F01041F48051C3F8F0101146D3F8F0308B
:10CAA80003F480530093009BF8F794FC2320F8F7D5
:10CAB800CFFCE0E7354B00222420D3F8E81041F4FE
:10CAC8008041C3F8E8101146D3F8E83003F48043F6
:10CAD8000193019BF8F77EFC2420F8F7B9FCCAE71C
:10CAE8002A4B00223320D3F8E81041F40041C3F860
:10CAF800E8101146D3F8E83003F400430293029B90
:10CB0800F8F768FC3320F8F7A3FCB4E71F4B0022C2
:10CB18005420D3F8F01041F40051C3F8F010114636
:10CB2800D3F8F03003F400530393039BF8F752FC57
:10CB38005420F8F78DFC9EE7144B00225520D3F8BB
:10CB4800F01041F48011C3F8F0101146D3F8F0301A
:10CB580003F480130493049BF8F73CFC5520F8F782
:10CB680077FC88E700235DE701235BE7022359E7A9
:10CB7800032357E7042355E700231B78FFDE00BF94
:10CB880000300140001400585C180024004402588A
:10CB98002DE9F043002289B01B4B01210DF1040C53
:10CBA8009E461A4B0791E146E04667460EF11C0681
:10CBB8000EF138050EF15404CDE90122CDE9032226
:10CBC800CDE90522FF221A70BCE80F00AEE80F007D
:10CBD8009CE807008EE80700B9E80F000FC69CE83C
:10CBE800070086E80700B8E80F000FC59CE80700B3
:10CBF80085E807000FCF0FC49CE8070084E807000A
:10CC080009B0BDE8F08300BF200200248022002480
:10CC1800014802F067B800BF84180024014802F0F8
:10CC280061B800BF241A0024014802F05BB800BFB5
:10CC3800C41B0024014802F055B800BF641D00243D
:10CC4800014802F04FB800BF041F002410B5EFF3ED
:10CC5800108472B6084B1A78120602D504B962B667
:10CC680010BD1B784FF4D07204485BB202FB03007E
:10CC7800B030F9F7D9F8F1E7802200245C180024D5
:10CC880010B5EFF3108472B6094B1A78120602D564
:10CC980004B962B610BD1B784FF4D07205485BB278
:10CCA80002FB030000F59470F9F7BEF8F0E700BF47
:10CCB800802200245C1800242DE9F04184B0EFF3B1
:10CCC800108772B6284AFF21284C1368217023B1B7
:10CCD80000211160264A1068984723781B061CD546
:10CCE800DFF894800025234E4446216879B16268B4
:10CCF8006AB1A369012B22D0A3B9636930460193B5
:10CD080023690093E3682289FFF76AFC18B30135A9
:10CD18001C3406F5D076042DE7D107B962B604B005
:10CD2800BDE8F081D4E90430CDE90130E068238919
:10CD380000903046FFF7B8FC0028E8D10BE0D4E9B2
:10CD480004301146CDE900303046E3682289FFF708
:10CD5800E3FB0028DBD1C5EBC50508EB850348F8E4
:10CD680025005860D9E700BF7C22002480220024D7
:10CD7800842200245C180024200200242DE9F041BC
:10CD880084B0EFF3108772B6284AFF21284C136845
:10CD9800217023B100211160264A10689847237832
:10CDA8001B061CD5DFF894800025234E44462168D5
:10CDB80079B162686AB1A369012B22D0A3B963690A
:10CDC8003046019323690093E3682289FFF708FC42
:10CDD80018B301351C3406F5D076042DE7D107B910
:10CDE80062B604B0BDE8F081D4E90430CDE9013081
:10CDF800E068238900903046FFF756FC0028E8D108
:10CE08000BE0D4E904301146CDE900303046E36840
:10CE18002289FFF781FB0028DBD1C5EBC50508EBAC
:10CE2800850348F825005860D9E700BF7C22002414
:10CE380080220024842200245C180024200200247C
:10CE48002DE9F04184B0EFF3108772B6284AFF212C
:10CE5800284C1368217023B100211160264A1068FC
:10CE6800984723781B061CD5DFF894800025234EAD
:10CE78004446216879B162686AB1A369012B22D05E
:10CE8800A3B963693046019323690093E368228953
:10CE9800FFF7A6FB18B301351C3406F5D076042D30
:10CEA800E7D107B962B604B0BDE8F081D4E904302F
:10CEB800CDE90130E068238900903046FFF7F4FBA4
:10CEC8000028E8D10BE0D4E904301146CDE9003060
:10CED8003046E3682289FFF71FFB0028DBD1C5EB4A
:10CEE800C50508EB850348F825005860D9E700BF59
:10CEF8007C22002480220024842200245C18002440
:10CF0800200200242DE9F04184B0EFF3108772B6B7
:10CF180001F0DCFA284A294CFF21136821702BB153
:10CF2800002111600121264A1068984723781B06C2
:10CF38001CD5DFF894800025224E4446216879B13B
:10CF480062686AB1A369012B22D0A3B9636930462C
:10CF5800019323690093E3682289FFF741FB18B323
:10CF680001351C3406F5D076042DE7D107B962B631
:10CF780004B0BDE8F081D4E90430CDE90130E068BF
:10CF8800238900903046FFF78FFB0028E8D10BE09B
:10CF9800D4E904301146CDE900303046E3682289EF
:10CFA800FFF7BAFA0028DBD1C5EBC50508EB850306
:10CFB80048F825005860D9E77C2200248022002404
:10CFC800842200245C1800242002002430B4544B2E
:10CFD800002108220220534CD9615862C3F8BC11C1
:10CFE800C3F8C401C3F85C13C3F86403C3F8F4249A
:10CFF800C3F8F814C3F8FC14C3F80405C3F894265E
:10D00800C3F89816C3F89C16C3F8A406C3F83428C6
:10D01800C3F83818C3F83C18C3F84408424D4348CD
:10D02800C3E90521C3E96D21C3E9D5212288A37885
:10D038003F49EA80CA800B723E492B72CA800B7244
:10D048002168A0F803204371C28003723A4C3B4820
:10D05800E2802372A0F80320394C4371C280037226
:10D068003848E2802372A0F80320374C4371C2800D
:10D078000372080C2180A070A4F803206371E28079
:10D088002372324C324D2180A070A4F803206371C2
:10D09800E28023722F4CEA8021802B72A070A4F8C2
:10D0A80003206371E28023722B4C2180A070A4F8C6
:10D0B80003206371E2802372284C2180A070A4F8B9
:10D0C80003206371E2802372254C2180A070A4F8AC
:10D0D80003206371E2802372224C2180A070A4F89F
:10D0E80003206371E28023721F4C21801F49A070C6
:10D0F800A4F803201E486371E2802372A1F803207C
:10D108001C4C4B71CA800B721B49E2802372C2808F
:10D118000372A1F803204B71CA800B7230BC7047B0
:10D128005C1800246C210108A8010024CC0100240B
:10D138009C01002460010024B4010024F0010024B3
:10D14800D8010024780100244C2200243422002431
:10D15800E4010024402200241C2200247022002420
:10D1680058220024642200242822002414020024C7
:10D1780008020024FC01002484010024714A036889
:10D1880011698B4200B587B04BD0916E8B4200F08D
:10D19800B680D2F8C0108B4200F0B380D2F81811D4
:10D1A8008B4200F0B080B3F1804F1ED0664A9342A4
:10D1B8000DD0664A934200F0A880654A934200F079
:10D1C800B280644A93421ED007B05DF804FB624BFC
:10D1D800D3F8E82042F00202C3F8E820D3F8E83098
:10D1E80003F002030293029BEEE75B4BD3F8E820BF
:10D1F80042F00102C3F8E820D3F8E83003F0010355
:10D208000193019BE0E7544BD3F8E82042F0100269
:10D21800C3F8E820D3F8E83003F010030593059B22
:10D22800D2E700205821B3F1804F01FB0022127B86
:10D238001ED045498B4235D044498B4248D0444999
:10D248008B42BED1444BD3F8E81041F00801C3F833
:10D25800E810D3F8E83003F008030493049B002A8D
:10D26800B2D0322000220F21F8F7B4F8322014E0AF
:10D27800394BD3F8E81041F00101C3F8E810D3F8AE
:10D28800E83003F001030193019B002A9CD01C2085
:10D2980000220F21F8F79EF81C2007B05DF804EB78
:10D2A800F8F7D6B82C4BD3F8E81041F00201C3F8D0
:10D2B800E810D3F8E83003F002030293029B002A37
:10D2C80082D01D2000220F21F8F784F81D20E4E702
:10D2D800214BD3F8E81041F00401C3F8E810D3F863
:10D2E800E83003F004030393039B002A3FF46CAF78
:10D2F8001E2000220F21F8F76DF81E20CDE701202F
:10D3080090E702208EE703208CE7134BD3F8E82040
:10D3180042F00402C3F8E820D3F8E83003F004032D
:10D328000393039B50E70C4BD3F8E82042F0080224
:10D33800C3F8E820D3F8E83003F008030493049B0B
:10D3480042E700BF88220024000400400008004093
:10D35800000C004000100040004402580F4B0268C7
:10D3680019698A420BD0996E8A4211D0D3F8C0103D
:10D378008A420FD0D3F818118A420DD07047002185
:10D38800582202FB01331A6D002AF7D0586D104756
:10D398000121F5E70221F3E70321F1E788220024C0
:10D3A800014801F065BF00BF98220024014801F040
:10D3B8005FBF00BFF0220024014801F059BF00BF41
:10D3C80048230024014801F053BF00BFA0230024D4
:10D3D800F0B54FF0580C0F682E4D8DB00CFB07FCC4
:10D3E800032F05EB0C06066047DC0B46086834463D
:10D3F80049689A6807C41B7B237004AC7268264B83
:10D40800002A4FF00002726118BF1022B2610FCBE0
:10D4180084E80F000CAB03EB870353F8203CB3F10F
:10D42800804F336124D01D4A934221D030890CF1BA
:10D43800100458230021802203FB07532C44C3E91E
:10D4480007019A62204601F07DFD034600B1FEE720
:10D458004FF4805208A92046099301930892CDE918
:10D468000A33CDE9023301F03DFE034640B1FEE741
:10D47800582303FB07539868D9E701200DB0F0BD86
:10D4880001A920460193039301F0AAFF0028F5D0D3
:10D49800FEE700BF8822002430200108000C00406D
:10D4A800006808B5037B10302BB101F005FE003889
:10D4B80018BF012008BD01F0E5FD003818BF0120A4
:10D4C80008BD00BF0C4B00224FF0FF311A73996062
:10D4D800196683F86420C3F8B81083F8BC20C3F831
:10D4E800101183F81421C3E90022C3E91622C3E905
:10D4F8002C22C3E942227047882200241F4BC168AE
:10D508000268F0B5D3F88C5083B00369ADB24D1BF7
:10D51800A2B1AB4212D00446866811D2F018E91ABB
:10D52800CDE9001000F04AFF0023DDE90010D4E93E
:10D538000062B047E3682561AB421BD003B0F0BD81
:10D54800F018C91ACDE9000100F038FF0023DDE921
:10D558000001D4E90072B8473046294600F02EFF92
:10D5680000233046626829462668B047E36825618B
:10D57800AB42E3D10023236103B0F0BD00000240B9
:10D588002DE9F84F04460F4690461E4600F1340533
:10D59800284602F073F92028FAD14FF4806300205E
:10D5A800C4F8D030C4F848314FF44033C4F8CC0044
:10D5B800C4F8E030C4F858314E4BC4F8DC00C4F865
:10D5C800C03003F57A73C4F8E400C4F83831402356
:10D5D800C4F8C800C4F84031E369C4F84401C4F889
:10D5E8005401C4F85C01C4E93500C4E95300072BB1
:10D5F8000BD8DFE803F061535A373E454C045123FA
:10D60800C4F8C4305223C4F83C3104F59C79484628
:10D61800F8F792F808B1FFBEFEE7C4F8A890C4F87E
:10D628007051EFF3108972B6DFF8D0B094F91C305E
:10D63800DFF8CCA08BF800300A9B2F4CCAF80030DA
:10D648000B9B23600EB11846B0471FFA88F2394683
:10D65800284601F0FDFEB0BBB9F1000F00D162B65B
:10D66800BDE8F88F3F23C4F8C4304023C4F83C31E8
:10D67800CBE74123C4F8C4304223C4F83C31C4E7A3
:10D688004723C4F8C4304823C4F83C31BDE74F23CE
:10D69800C4F8C4305023C4F83C31B6E72B23C4F88F
:10D6A800C4302C23C4F83C31AFE72D23C4F8C43070
:10D6B8002E23C4F83C31A8E72923C4F8C4302A2310
:10D6C800C4F83C31A1E7FF238BF800300023CAF8E7
:10D6D800003023600A9B3BB10B9801219847012039
:10D6E800B9F1000FBCD1BAE70120B9F1000FB7D1E9
:10D6F800B5E700BF88000240203300241C33002413
:10D70800183300242DE9F84F04460F4690461E466C
:10D7180000F13405284602F0B1F82028FAD14FF478
:10D7280080630020C4F8D030C4F848314FF4403347
:10D73800C4F8CC00C4F8E030C4F858314E4BC4F8F3
:10D74800DC00C4F8C03003F57A73C4F8E400C4F808
:10D7580038314023C4F8C800C4F84031E369C4F83C
:10D768004401C4F85401C4F85C01C4E93500C4E9B3
:10D778005300072B0BD8DFE803F061535A373E45B7
:10D788004C045123C4F8C4305223C4F83C3104F18A
:10D79800C0094846F7F7D0FF08B1FFBEFEE7C4F856
:10D7A800AC90C4F8F850EFF3108972B6DFF8D0B037
:10D7B80094F91C30DFF8CCA08BF800300A9B2F4C72
:10D7C800CAF800300B9B23600EB11846B0471FFA09
:10D7D80088F23946284601F08DFEB0BBB9F1000F3A
:10D7E80000D162B6BDE8F88F3F23C4F8C4304023A7
:10D7F800C4F83C31CBE74123C4F8C4304223C4F811
:10D808003C31C4E74723C4F8C4304823C4F83C314A
:10D81800BDE74F23C4F8C4305023C4F83C31B6E701
:10D828002B23C4F8C4302C23C4F83C31AFE72D2394
:10D83800C4F8C4302E23C4F83C31A8E72923C4F81F
:10D84800C4302A23C4F83C31A1E7FF238BF8003009
:10D858000023CAF8003023600A9B3BB10B980121D2
:10D8680098470120B9F1000FBCD1BAE70120B9F1FE
:10D87800000FB7D1B5E700BF88000240203300246D
:10D888001C330024183300242DE9F0410D4682B0E2
:10D89800EFF3108772B6002948D1FF23254A264C9A
:10D8A800237013682BB1002029461060234A1068A2
:10D8B800984723781B0625D5DFF888800025204E59
:10D8C800444605E001351C3406F5D876092D19D0F3
:10D8D800A369012B1BD0002BF4D121683046002905
:10D8E800F0D06369019323690093E3682289FFF705
:10D8F80009FF0028E6D1C5EBC50508EB850348F804
:10D908002500586007B962B602B0BDE8F0816168C9
:10D918000029D7D063693046019323690093E368EF
:10D928002289FFF72DFE0028CCD1E4E703F0A2FA04
:10D93800B3E700BF183300241C330024203300242D
:10D94800E823002490020024F0B5002387B00222C7
:10D9580004460493CDE90223027EC3690B2A4FEAE9
:10D96800430523D1A27E0B2A02D1002007B0F0BDC7
:10D9780048496B1C484851F8233045780178187895
:10D98800E67E884269D0824277D0D87803F1030CCA
:10D9980081426ED0824278D0987903F1060C884291
:10D9A8006FD0824233D0012007B0F0BD394B3A48DE
:10D9B80053F8253001784678187894F819C08142D0
:10D9C8003DD0824241D0D87803F1030E814240D045
:10D9D80082424AD0987903F1060E884241D08242A9
:10D9E800E1D1DB796345DED1734604F118069B78F3
:10D9F80030460593F6F7C2FD034630461E46F6F755
:10DA0800C5FD01A901903046F8F760FDAAE7DB796A
:10DA1800B342C8D163461A349B7820460593F6F77B
:10DA2800ADFD034620461C46F6F7B0FD034601A9A6
:10DA380020460193F8F74AFD002007B0F0BD93F89F
:10DA480001E0B645BFD08242BDD158786045BAD111
:10DA5800CBE71F79B742BBD1BCE75F78AF4292D121
:10DA680093E7D979B142BAD19DE718796045B1D128
:10DA7800BAE71F79AF428DD18EE75878B04284D18A
:10DA8800C9E7D979A9428CD18DE71879B04283D1F9
:10DA9800C0E700BFA8030024A40300247E4A03684B
:10DAA8009342F0B58FB000F0E380A2F54C42934268
:10DAB80000F0E08002F58062934200F0DD8002F51C
:10DAC8008062934200F0DA8002F58062934200F0AF
:10DAD800D98002F54442934200F0D280A2F51C425C
:10DAE800934200F0D18002F58062934200F0CE802C
:10DAF8006A4A934240F0CC800826694D4FF4D874A6
:10DB080004FB0654A07EF6F749FD207EF6F746FD95
:10DB1800E369082B13D8DFE803F03B4957657381A5
:10DB28008F9D05005F4BD3F8F42042F00802C3F83C
:10DB3800F420D3F8F43003F008030893089B204638
:10DB4800FFF702FF012801D1FFBEFEE74FF4D874AA
:10DB58000EAA554F0DF1240C04FB0654E36902EBA1
:10DB680043050FCFACE80F003B680022ACF800304B
:10DB7800114635F9140CF7F72DFCE3690EAA02EBF0
:10DB8800430333F9140C0FB0BDE8F040F7F760BC5D
:10DB9800444BD3F8F02042F01002C3F8F020D3F839
:10DBA800F03003F010030093009BC8E73D4BD3F817
:10DBB800E82042F40032C3F8E820D3F8E83003F450
:10DBC80000330193019BBAE7364BD3F8E82042F4BF
:10DBD8008022C3F8E820D3F8E83003F480230293C6
:10DBE800029BACE72F4BD3F8E82042F40022C3F89D
:10DBF800E820D3F8E83003F400230393039B9EE75F
:10DC0800284BD3F8E82042F48012C3F8E820D3F870
:10DC1800E83003F480130493049B90E7214BD3F876
:10DC2800F02042F02002C3F8F020D3F8F03003F0DF
:10DC380020030593059B82E71A4BD3F8E82042F0AE
:10DC48008042C3F8E820D3F8E83003F08043069315
:10DC5800069B74E7134BD3F8E82042F00042C3F860
:10DC6800E820D3F8E83003F000430793079B66E702
:10DC7800002642E7012640E702263EE703263CE766
:10DC880005263AE7042638E7062636E7072634E766
:10DC980000239B7EFFDE00BF00100140000C0058EF
:10DCA800E823002400440258402001082DE9F04FE1
:10DCB80091B0002301223F490DF1240A09938B46B4
:10DCC80001F11C09CAF8143001F13808CDF800A098
:10DCD80001F15407CDF804A001F17006CDF808A0B1
:10DCE80001F18C05CDF80CA001F1A804CDF810A025
:10DCF80001F1C40ECDF814A001F1E00CCAE901331A
:10DD0800CAE903330F92FF222B4BCDE906AA1A70FA
:10DD1800BAE80F00ABE80F009AE80700009B8BE811
:10DD280007009B46BBE80F00A9E80F009AE8070028
:10DD3800019B89E807009946B9E80F00A8E80F0099
:10DD48009AE80700029B88E807009846B8E80F00A1
:10DD58000FC79AE80700039B87E807001F460FCF05
:10DD68000FC69AE80700049B86E807001E460FCEF8
:10DD78000FC59AE80700059B85E807001D460FCDEB
:10DD88000FC49AE80700069B84E807001C460FCCDE
:10DD9800AEE80F00079B9AE807001C468EE80700CC
:10DDA8000FCCACE80F009AE807008CE8070011B028
:10DDB800BDE8F08F900200241C33002410B5094CF4
:10DDC80004F1340001F068FC237D1BB1636BDB694F
:10DDD800DB0600D410BD2046FFF790FB636B1022D2
:10DDE8001A6210BDE823002410B50B4C04F5F2703C
:10DDF80001F052FC94F8C43123B1D4F8E431DB6962
:10DE0800DB0600D410BD04F5D870FFF777FBD4F813
:10DE1800E43110221A6210BDE823002410B50B4C1F
:10DE280004F5657001F038FC94F8743323B1D4F824
:10DE38009433DB69DB0600D410BD04F55870FFF796
:10DE48005DFBD4F8943310221A6210BDE823002435
:10DE580010B50B4C04F2445001F01EFC94F8243524
:10DE680023B1D4F84435DB69DB0600D410BD04F5D2
:10DE7800A260FFF743FBD4F8443510221A6210BDA4
:10DE8800E823002410B50B4C04F2F46001F004FC04
:10DE980094F8D43623B1D4F8F436DB69DB0600D421
:10DEA80010BD04F5D860FFF729FBD4F8F43610222A
:10DEB8001A6210BDE823002410B50B4C04F6A40028
:10DEC80001F0EAFB94F8843823B1D4F8A438DB696C
:10DED800DB0600D410BD04F50760FFF70FFBD4F88C
:10DEE800A43810221A6210BDE823002410B50B4C88
:10DEF80004F6542001F0D0FB94F8343A23B1D4F856
:10DF0800543ADB69DB0600D410BD04F52260FFF744
:10DF1800F5FAD4F8543A10221A6210BDE823002406
:10DF280010B50B4C04F6044001F0B6FB94F8E43B42
:10DF380023B1D4F8043CDB69DB0600D410BD04F53A
:10DF48003D60FFF7DBFAD4F8043C10221A6210BDDA
:10DF5800E823002410B50B4C04F6B45001F09CFBE8
:10DF680094F8943D23B1D4F8B43DDB69DB0600D4C2
:10DF780010BD04F55860FFF7C1FAD4F8B43D10227B
:10DF88001A6210BDE823002410B5EFF3108472B6AE
:10DF9800084B1A78120602D504B962B610BD1B7870
:10DFA8004FF4D87204485BB202FB0300C030F7F7A5
:10DFB8003BFFF1E71C330024E823002410B5EFF3FE
:10DFC800108472B6094B1A78120602D504B962B6E3
:10DFD80010BD1B784FF4D87205485BB202FB0300F2
:10DFE80000F59C70F7F720FFF0E700BF1C33002412
:10DFF800E82300240021FFF747BC00BF214A03683B
:10E0080093422BD0A2F54C42934229D002F580626C
:10E01800934227D002F58062934225D002F58062B0
:10E02800934223D002F54442934221D0A2F51C42E8
:10E0380093421FD002F5806293421DD0124A934248
:10E048001CD108224FF4D871104B01FB0233197D03
:10E0580011B11846FFF752BAFFF716BC0022F1E7D4
:10E068000122EFE70222EDE70322EBE70422E9E7CA
:10E078000522E7E70622E5E70722E3E700231B7D01
:10E08800FFDE00BF00100140000C0058E823002408
:10E09800204A0368934229D0A2F54C42934227D0E4
:10E0A80002F58062934225D002F58062934223D024
:10E0B80002F58062934221D002F5444293421FD078
:10E0C800A2F51C4293421DD002F5806293421BD0F8
:10E0D800114A93421AD1082310484FF4D87202FB10
:10E0E8000300037D03B97047FFF708BA0023F3E77D
:10E0F8000123F1E70223EFE70323EDE70423EBE72E
:10E108000523E9E70623E7E70723E5E700231B7D67
:10E11800FFDE00BF00100140000C0058E823002477
:10E128000121FFF7B1BB00BF534B0122002047F686
:10E13800122130B4C3E97420C3E97721C3E9E02090
:10E14800C3E9E3211A62DA6258621963C3F8302519
:10E15800C3F83405C3F83C25C3F84015C3F8E026D6
:10E16800C3F8E406C3F8EC26C3F8F016C3F8902801
:10E17800C3F89408C3F89C28C3F8A018C3F8402A29
:10E18800C3F8440AC3F84C2AC3F8501AC3F8F02B52
:10E19800C3F8F40BC3F8FC2BC3F8001CC3F8A40D98
:10E1A8003648C3F8A02DC3F8AC2DC3F8B01D0288BB
:10E1B800837833490068334CCA804FEA104C0B729D
:10E1C8003149E2802372A1F80320A4F80320637187
:10E1D8004B712E4CCA800B722D492E4DE280237252
:10E1E800A1F80320A4F8032063714B712A4CCA805C
:10E1F8000B722A49EA8008802B7281F802C0E280FB
:10E208002372A1F803204B71CA800B722449A1F82C
:10E2180003204B71CA800B722249A1F803204B716D
:10E22800CA800B722049088081F802C0A1F8032037
:10E238004B71CA800B721D49088081F802C0A1F891
:10E2480003204B71CA800B721949088081F802C0FB
:10E258001848A1F803204B71CA800B721649A0F820
:10E2680003204371C2800372A1F803204B71CA8056
:10E278000B7230BC704700BFE8230024A4030024BD
:10E288002C040024500400244404002468040024BE
:10E298005C040024380400241404002448330024B7
:10E2A8007404002420040024243300243C33002474
:10E2B80030330024980300248C0300243E4B0022B2
:10E2C8000B20114610B5D3F8D84082B044F00104B1
:10E2D800C3F8D840D3F8D84004F001040094009C57
:10E2E800D3F8D84044F00204C3F8D840D3F8D83063
:10E2F80003F002030193019BF7F76CF80B20F7F783
:10E30800A7F800220C201146F7F764F80C20F7F75D
:10E318009FF800220D201146F7F75CF80D20F7F75B
:10E3280097F800220E201146F7F754F80E20F7F759
:10E338008FF800220F201146F7F74CF80F20F7F757
:10E3480087F8002210201146F7F744F81020F7F755
:10E358007FF800223C201146F7F73CF83C20F7F7FD
:10E3680077F8002211201146F7F734F81120F7F753
:10E378006FF8002238201146F7F72CF83820F7F705
:10E3880067F8002239201146F7F724F83920F7F703
:10E398005FF800223A201146F7F71CF83A20F7F701
:10E3A80057F800223B201146F7F714F83B2002B03B
:10E3B800BDE81040F7F74CB80044025820F01F00A1
:10E3C8002031BFF34F8F002907DD064A0144C2F808
:10E3D8005C0220300B1A002BF9DCBFF34F8FBFF320
:10E3E8006F8F704700ED00E0034688B190F83D203C
:10E3F800022A03D0802201209A667047026804210D
:10E40800002083F83D10D36823F00103D3607047E0
:10E418000120704703682C495A6910B49C6944F07C
:10E4280008049C619C6944F010049C611C6824F0F9
:10E4380001041C601C6921401961996821F440415C
:10E44800996090F88110042901D0910630D490F891
:10E458008110032901D054061FD4910509D5D0F89D
:10E46800841041F00101C0F88410996941F40071E9
:10E478009961D20509D5D0F8842042F00802C0F885
:10E4880084209A6942F480729A6100235DF8044BF3
:10E49800A0F86230A0F86A307047D0F8841041F0D4
:10E4A8000401C0F88410996941F040019961D4E7EA
:10E4B800D0F8841041F08001C0F88410996941F0C7
:10E4C80020019961C3E700BF90FCFFFF002800F01E
:10E4D800A48002680021F8B5514B044681629A4233
:10E4E80016D0A3F578439A4212D003F58063C0682A
:10E4F8009A4200F08A800F2808D8E16B00F10803DF
:10E508004D09DB0805FB0333082B15D90120F8BD9D
:10E51800E068E16B00F10803414E4D09DB0805FB9B
:10E528000333404DAA4218BFB24203D005F58065B7
:10E53800AA4201D1102BE9D894F8813003F0FF05E5
:10E54800002B58D0002702236568A66B84F8813019
:10E55800136823F001031360A369B3F1806F3ED001
:10E568003943676B3B43676A3B4327693B436769AA
:10E578003B43276A3B43E76C3B43A7683B43A76C95
:10E588003B43A76D3B432B433343E6693143084381
:10E598009060D360B5B9936823F4C05343F4006323
:10E5A8009360936823F4C06343F480639360136DAE
:10E5B80023F00103136500200123C4F8840084F8C4
:10E5C8008130F8BD136D23F0010313656B02F2D59A
:10E5D800D368616D23F000430B43D360EBE7B5F5D7
:10E5E800800FBDD1002EBBD1D2F800C04CF4805CA6
:10E5F800C2F800C0B4E7204684F88050FEF7F4F96A
:10E608002268A76AE16BE0689DE7E16B00F1080307
:10E618004D09DB0805FB03338CE70120704700BF79
:10E628000030014000380040F8B590F88030012BE8
:10E6380000F08C8090F88130154601220446DEB245
:10E64800934280F880206AD1002963D0B5FA85F317
:10E658005B09002D5ED003224366A0F8683080F87D
:10E668008120C0F88430A0F86250A0F86A30C165F3
:10E67800A0F86050C0E91C338368B3F5C02F04D1FB
:10E688000268136843F400631360E368A06F0F2BFC
:10E698004BD98369B3F5804F3CD122683A4B3B4F45
:10E6A8002032036452F8183CC763394F23F40043FF
:10E6B800C7640027076542F8183CB4F862309BB27B
:10E6C800F7F7F8F9002844D1A36F324ADB69B3F5AC
:10E6D800807F2368596802EA010218BF2A435A60FA
:10E6E8009A68616842F40042B1F5800F9A601A692D
:10E6F80042F448721A611A6842F001021A6003D1A2
:10E708001A6842F400721A6000231E4684F88030AA
:10E718003046F8BD002384F880303046F8BD002329
:10E72800022680F880303046F8BD072B83691AD856
:10E73800B3F5005F20D0B3F5804FAED1B4F86230A6
:10E748009BB203339B08A4F86230A6E70226304642
:10E75800F8BDD4F88430012243F01003C4F88430A3
:10E7680084F88120D9E7B3F5804F05D0B3F5005F71
:10E77800D0D1B3F5804F90D1B4F862309BB2013359
:10E788005B08A4F8623088E7E9EB00086DEB000845
:10E7980015EC00080000FFFF70B51D4690F88030AA
:10E7A800012B00F0B9800123044680F8803090F8EE
:10E7B80081304068DBB2B0F5800F7DD0012B40F08E
:10E7C8008580002D18BF002A71D000296FD094F8D9
:10E7D8008130042B02D0052384F881300023E165C1
:10E7E8002168C4F88430A4F86250A4F86A50A4F8E8
:10E7F80060506266A4F86850C4E91C338B6823F43F
:10E8080040438B60E3680F2B65D9E06F8369B3F5EC
:10E81800804F4CD194F88130042B00F08A805E4BF5
:10E8280003645E4BC3635E4E3031B4F86A30C6642D
:10E8380000269BB20665F7F73DF900286ED12268DD
:10E84800A16F9368203243F4804342F8183CB4F82F
:10E858006230C1E90F00C1E913009BB20846E16DBF
:10E86800F7F728F9002859D1A36FDB69B3F5807F42
:10E87800236863D059684B4A0A402A435A609A6809
:10E88800616842F40042B1F5800F9A601A6942F457
:10E8980058721A611A6842F001021A6003D11A68A4
:10E8A80042F400721A60002384F8803070BD00239F
:10E8B800012084F8803070BDA06800287FF47EAF06
:10E8C800042B3FF47EAF012B3FF47BAF00230220E3
:10E8D80084F8803070BD072B35D8A36F9B69B3F5DA
:10E8E800005F50D0B3F5804F06D1B4F862309BB2C8
:10E8F80003339B08A4F86230E06F8369B3F5005FC7
:10E9080039D0B3F5804F85D1B4F86A309BB2033360
:10E918009B08A4F86A307DE7022070BDD4F88430E3
:10E92800012243F010031046C4F8843084F8812093
:10E9380070BD1D4B03641D4BC36374E75968194AC6
:10E948000A405A609BE7E06F8369B3F5005F02D025
:10E95800B3F5804FABD1A66FB669B6F5804F06D137
:10E96800B4F86260B6B201367608A4F86260B3F50E
:10E97800804F7FF44FAFB4F86A309BB201335B0825
:10E98800A4F86A3046E7B4F862309BB201335B08FA
:10E99800A4F86230B0E700BF09EC0008BDEB00083E
:10E9A80015EC00080000FFFFF9EB000895EB0008E4
:10E9B8002DE9F0411546826804460E4622B943689F
:10E9C800B3F5800F00F0958094F88030012B00F0AB
:10E9D8009980012384F8803094F88130012BDFB2CC
:10E9E80069D1002E61D0B5FA85F35B09002D5CD0A2
:10E9F8000421B2F5C02F666684F88110A4F8685027
:10EA0800C4F88430A4F86030A4F86A50A4F86230DE
:10EA1800C4E91C3304D12268136823F4006313602B
:10EA2800E3680F2B4ED9E06F8369B3F5804F3CD173
:10EA380021688B6823F480438B603246454EB4F8D6
:10EA48006A3030310664444E9BB2C663434EC66496
:10EA580000260665F7F72EF8002857D1E36F404ADD
:10EA6800DB69B3F5807F2368596802EA010218BFA1
:10EA78002A435A609A68616842F48042B1F5800F6F
:10EA88009A601A6942F450721A611A6842F00102D7
:10EA98001A6003D11A6842F400721A6000231F46F4
:10EAA80084F880303846BDE8F081002384F880304F
:10EAB8003846BDE8F0810023022784F880303846C4
:10EAC800BDE8F081072B2BD82168E06F8B6823F411
:10EAD80080438B608369B3F5005F32D0B3F5804F14
:10EAE800ABD1B4F86A309BB203339B08A4F86A3000
:10EAF800A3E72B4604250A4680F88150BDE8F0417B
:10EB0800FFF74ABE02273846BDE8F081D4F88430C2
:10EB1800012243F01003C4F8843084F88120C7E749
:10EB2800E06F8269B2F5804F02D0B2F5005FBCD1C8
:10EB38002168B2F5804F8B6823F480438B607FF4A3
:10EB48007CAFB4F86A309BB201335B08A4F86A3032
:10EB580073E700BFF9EB000895EB000815EC000817
:10EB68000000FFFF806B08B590F88130072B09D0B3
:10EB7800836FDB69B3F5807F05D00268136943F0C2
:10EB88000803136108BDFEF797F808BD806B08B548
:10EB980090F88130072B09D0C36FDB69B3F5807F0C
:10EBA80005D00268136943F00803136108BDFEF736
:10EBB800E5F808BD806B08B590F88130072B09D0BF
:10EBC800836FDB69B3F5807F05D00268136943F072
:10EBD8000803136108BDFEF733F908BD704700BF8D
:10EBE800806B08B5FFF7FAFF08BD00BF704700BF8C
:10EBF800806B08B5FFF7FAFF08BD00BF704700BF7C
:10EC0800806B08B5FFF7FAFF08BD00BF10B5846B2D
:10EC1800F7F75AFC022800D110BD236830495A6919
:10EC2800986940F008009861986940F01000986170
:10EC3800186820F001001860186901401961996886
:10EC480021F44041996094F88110042901D091067B
:10EC58003AD494F88110032901D0500629D491059B
:10EC680009D5D4F8841041F00101C4F884109969D9
:10EC780041F400719961D20509D5D4F8842042F095
:10EC88000802C4F884209A6942F480729A610023C9
:10EC980001222046A4F86230A4F86A30D4F88430FF
:10ECA80043F01003C4F8843084F88120FEF72AF971
:10ECB80010BDD4F8841041F00401C4F88410996997
:10ECC80041F040019961CAE7D4F8841041F080010D
:10ECD800C4F88410996941F020019961B9E700BF2F
:10ECE80090FCFFFF036819695A692DE9F04101EAB0
:10ECF80002059F68044690F8816005F0640CBCF139
:10ED0800040F2FD005F04500012834D005F0260067
:10ED1800022800F0DF80280770D59A6917F4404F61
:10ED2800F6B242F008029A619A6942F010029A61BA
:10ED38009A6942F400629A611A6922F008021A611B
:10ED480023D0042E00F0DE80A26FD269EAB1032E30
:10ED580050D0E26FD269C2B1052E14D12046FEF719
:10ED68006FF810E0436F9847236F2046984705F0E7
:10ED78004503012B02D1236F2046984705F026054D
:10ED8800022D00F0A780BDE8F0819A6812F4404F88
:10ED98001FD1B4F86A2092B2DAB1626E0EE01B6B32
:10EDA80042F8043B6266B4F86A30013B9BB2A4F8AF
:10EDB8006A30B4F86A309BB25BB12368E1680F2906
:10EDC800EDD8072940F292801B8E22F8023B62663A
:10EDD800E9E72046FFF71EFB012384F88130D4F8C9
:10EDE8008430002B7FD1052EB8D0042E00F08F8000
:10EDF800032EC8D12046FDF75FFFC4E7100501D5F3
:10EE08000A077AD415F4587FBDD06E0609D5D4F810
:10EE1800842042F00402C4F884209A6942F0400237
:10EE28009A61A80509D5D4F8842042F00102C4F8F3
:10EE380084209A6942F400729A61E90509D5D4F8E8
:10EE4800842042F00802C4F884209A6942F480724F
:10EE58009A61AA0609D5D4F8842042F08002C4F841
:10EE680084209A6942F020029A61D4F88420002A0A
:10EE780089D0196807F44047274A21F00101B7F5FE
:10EE8800404F1960196902EA01021A6127D19A688C
:10EE9800E06F22F440429A6050B1204B0365F6F7C8
:10EEA80029FF28B1D4F8843043F04003C4F88430F3
:10EEB800A06F00283FF467AF184B0365F6F71AFFF9
:10EEC80000283FF460AFD4F8843043F04003C4F81E
:10EED800843058E7636F2046BDE8F04118470123A6
:10EEE800204684F88130FEF70DF84CE793F830306F
:10EEF8001370626E0132626655E79A6942F40062E5
:10EF08009A6140E7E26FD269002A3FF43EAF20469B
:10EF1800FDF734FF37E700BF94FCFFFF29EF000837
:10EF280008B5806B00230122A0F86A30A0F862308F
:10EF380080F88120FDF7E6FF08BD00BF90F881004A
:10EF4800704700BF002800F08F8038B590F83D303A
:10EF5800044603F0FF02002B60D0226802234349D5
:10EF6800B2F1804F84F83D30A2EB01011368B1FA89
:10EF780081F14FEA511127D031BB3D483D4D8242C6
:10EF880051D000F5806082424DD0551B00F580605D
:10EF9800B5FA85F582424FEA55154DD0002D4BD173
:10EFA800354836498A4218BF82424FD001F5806100
:10EFB8008A424BD0A06923F08003E16803431360C1
:10EFC8006368D162936223E02A4D23F07003A0683E
:10EFD800551B0343B5FA85F56D09206923F4407381
:10EFE8000343A06923F0800303431360E368D362FB
:10EFF8006368936251B94DB91F49204B9A4218BFB3
:10F008008A4203D003F580639A4201D1636913638E
:10F0180001230020536184F83D3038BD80F83C203E
:10F02800FEF7ACF899E7551B23F07003A068B5FA12
:10F0380085F503436D09D0E7A06823F07003034307
:10F048000F488242C9D0002DC7D1A9E7206923F40F
:10F058004073A1690343E06823F080030B436168B0
:10F068001360D0629162C7E7012070470000014039
:10F0780000040040000401400040014000440140F9
:10F08800000C00404FF0020C01680A4A034680F861
:10F098003DC088680240062A06D0B2F5803F03D0FA
:10F0A8000A6842F001020A600122002083F83D202C
:10F0B800704700BF070001000368094AD96841F09A
:10F0C8000101D96099680A40062A06D0B2F5803F46
:10F0D80003D01A6842F001021A600020704700BF8E
:10F0E8000700010090F83C30012B7DD00246022336
:10F0F800006830B4012482F83D3082F83C40544C1A
:10F1080083681C400B68602B84606FD01DD9B3F5F1
:10F11800005F59D042D94F498B4206D038D94E4961
:10F128008B4202D010318B4206D184684B49214072
:10F138000B4343F00703836000230121184682F83C
:10F148003D1082F83C3030BC7047402B67D019D94D
:10F15800502BF1D1036A4C68CD6823F00A03016A89
:10F168001C433E4B21F001010162816921F0F0014D
:10F1780041EA05118161046281680B4043F057033D
:10F188008360D9E7202BD0D01AD9302BD4D1CCE743
:10F1980023F01001B1F5801FCED1C6E7702BCBD17B
:10F1A8008468D1E901532B43CD6824F47F4143EAB5
:10F1B80005230B438360836843F077038360BBE7D1
:10F1C80033F01001B8D1B0E7D1E9015384682B437B
:10F1D800CD6824F47F4143EA05230B4383608368A9
:10F1E80043F480438360A7E702207047046A4D68B0
:10F1F80024F01004C9680462836923F4704343EA65
:10F208000133016A21F0A0018361144B41EA051121
:10F21800016281680B4043F0670383608CE7036AEF
:10F228004C68CD6823F00A03016A1C430B4B21F09C
:10F2380001010162816921F0F00141EA0511816152
:10F24800046281680B4043F04703836074E700BFA2
:10F258008800CEFF20001000300010008FFFCFFF85
:10F26800704700BF704700BF704700BF704700BFBE
:10F2780003681A69910710B5044602D5DA6892073F
:10F2880068D41A69520702D5DA6850074FD41A6948
:10F29800110702D5DA68120737D41A69D00602D5E1
:10F2A800DA68D1061ED41A69D20702D5DA68D007FF
:10F2B80069D41A69110602D5DA6812066BD41A697C
:10F2C800D00502D5DA6811066DD41A69520602D53E
:10F2D800DA6850066FD41A69910602D5DA68920680
:10F2E80049D410BD6FF01001082220461961227719
:10F2F800DB6913F4407F6FD1FFF7B2FF2046FFF7B9
:10F30800B3FF002223682277CDE76FF008010422BB
:10F31800204619612277DB699B075AD1FFF7A0FFC6
:10F328002046FFF7A1FF002223682277B5E76FF098
:10F33800040102222046196122779B6913F4407F59
:10F3480044D1FFF78DFF2046FFF78EFF0022236888
:10F3580022779CE76FF002010122196102779B690D
:10F36800990730D1FFF77CFF2046FFF77DFF002289
:10F378002368227785E76FF0200220461A61BDE8EE
:10F38800104000F05FB86FF0010220461A61FDF7E7
:10F39800E5FF23688DE76FF0800220461A6100F0D0
:10F3A80053F823688BE76FF4807220461A6100F0E7
:10F3B8004DF8236889E76FF0400220461A61FFF78D
:10F3C80055FF236887E7FFF74DFFD0E7FFF74AFFB0
:10F3D800BCE7FFF747FFA6E7FFF744FF91E700BF49
:10F3E80090F83C20012A28D003460068022230B455
:10F3F800134D83F83D20A8424268846818D005F56B
:10F408008065A84214D024F0800C22F070020C68A9
:10F418008968224300244CEA01014FF0010C426044
:10F428008160204683F83DC083F83C4030BC70477B
:10F4380022F470024D682A43E5E70220704700BFB6
:10F4480000000140704700BF704700BF704700BF11
:10F45800F8B5D0F88070202F44D1002940D0B2FAF6
:10F4680082F67609002A3BD0044690F87C000128F1
:10F4780038D001252123606FA4F856202165C4F8EF
:10F488008860A4F8542084F87C50C4F88030D8B13F
:10F49800DFF854C013462268C0F83CC0DFF84CC0FF
:10F4A80028320665C0F840C0DFF844C0C0F84CC038
:10F4B800F6F700FB40B11023284684F87C60C4F8B6
:10F4C8008830C4F88070F8BD2368002240211046B7
:10F4D800196284F87C209A6842F080029A60F8BD2C
:10F4E8000120F8BD0220F8BDA9F50008D9F50008EB
:10F4F80029F60008F8B5D0F88470202F48D10029E3
:10F5080044D0B2FA82F67609002A3FD090F87C30CF
:10F518000446012B3CD001252223C0F88860816570
:10F52800A0F85C2080F87C50C0F88430806FE0B18F
:10F53800DFF860C013460A462168C0F83CC0DFF80F
:10F5480058C024310665C0F840C0DFF850C0C0F884
:10F558004CC0F6F7AFFA40B11023284684F87C6017
:10F56800C4F88830C4F88070F8BD2368002084F897
:10F578007C001A6842F480721A609A6842F00102AC
:10F588009A609A6842F040029A60F8BD0120F8BD7E
:10F598000220F8BDE5F500081DF6000829F6000868
:10F5A80008B5C369806BB3F5807F0CD0036800226F
:10F5B800A0F856209A6822F080029A601A6842F0F1
:10F5C80040021A6008BDFEF715FD08BD704700BF70
:10F5D800806B08B5FFF7FAFF08BD00BF08B5C3691F
:10F5E800806BB3F5807F12D0036800222021A0F839
:10F5F8005E201A6822F480721A609A6822F001026A
:10F608009A609A6822F040029A60C0F88410FEF767
:10F61800F5FC08BD806B08B5FEF73AFD08BD00BFD4
:10F62800806B38B50368D0F88040D0F884109A68A9
:10F63800150601D5212C1DD09A68520601D522291C
:10F6480008D0D0F8883043F01003C0F88830FEF7AF
:10F6580067FD38BD00240F4A2025A0F85E401968D0
:10F6680021F49071196099680A409A60C0F8845032
:10F67800C466E6E700222024A0F856201A6822F083
:10F68800C0021A609A6822F400029A60C0F88040AA
:10F69800D2E700BFFEFFFFEF0268D36970B51E070F
:10F6A80015680446916800F084806C4805F4907CE5
:10F6B80008405CEA00061DD1D80202D54E0200F1CE
:10F6C8009D80180606D501F4000105F0800001436D
:10F6D80040F08C805E0602D5680600F19B80190216
:10F6E80002D56A0000F1A380DB0102D5002DC0F22B
:10F6F800AA8070BDDE0709D5EE0507D5012616627A
:10F70800D4F8886046F00106C4F888609E0760D582
:10F71800CE0709D502261662D4F8886046F004069A
:10F72800C4F888605E0758D41E070CD505F0200C75
:10F738005CEA000007D008201062D4F8880040F086
:10F748000800C4F88800D4F888000028D1D09E06A4
:10F7580006D505F0200501F0805155EA01036BD16B
:10F76800D4F88850936805F0080503F040031D435A
:10F778006ED0116820203A4B21F490711160916885
:10F788000B4000219360C4F884009368E1665D062D
:10F798003CD59368A06F23F040039360002835D0D0
:10F7A800304B0365F6F7A6FA0028A2D0A06F036DC8
:10F7B8000CE09E0680D505F0200C01F0805E5CEA26
:10F7C8000E063FF479AFC36E002B92D0BDE87040AF
:10F7D80018475E07A8D5CE07A6D504261662D4F822
:10F7E800886046F00206C4F888609DE7236F002B06
:10F7F8003FF47FAF2046BDE8704018474FF48013B0
:10F8080020461362BDE8704001F068BB2046FEF751
:10F8180087FC70BD13682020002123F0400313608B
:10F82800C4F8800020462167FEF7E4FB70BD20463F
:10F83800BDE8704001F056BBE36E002B90D0204627
:10F84800984722688CE72046BDE8704001F048BB25
:10F858002046FEF765FCC4F8885070BD0100001012
:10F86800FEFFFFEF71F8000808B5806B0023A0F8D1
:10F878005E30A0F85630FEF753FC08BDD0F8802063
:10F88800D0F8840010437047F0B58268044687B00A
:10F898002368D0E904101D680A43616E0243E069D9
:10F8A80002430A43A8492940A84D0A43E168AB42EC
:10F8B8001A605A6822F4405242EA0102A1695A6069
:10F8C80000F09D80226A9D681143A14A666A2A4019
:10F8D80011439960DA6A22F00F023243DA629D4AD4
:10F8E800934224D09C4A934255D09C4A934200F0BC
:10F8F8002F829B4A934200F09B829A4A934200F0DF
:10F90800E980994A934200F09D82984A934200F018
:10F91800D885974A934200F0D682012500234FF0FC
:10F92800011228462367C4E91A2307B0F0BD914B9A
:10F938005B6D03F03803282BEFD88F4AD55CB0F500
:10F94800004F33D0202D00F2D981202D00F2B6804F
:10F95800DFE815F0A8017B01B400B4007201B4001F
:10F96800B400B4004901B400B400B400B400B40059
:10F97800B400B4001C01B400B400B400B400B40076
:10F98800B400B400B400B400B400B400B400B400CF
:10F99800B400B400CA00774B5B6D03F00703052B76
:10F9A800BBD8764AB0F5004FD55CCBD1202D00F2FC
:10F9B8001482202D00F20082DFE815F08A03580433
:10F9C800FE01FE012804FE01FE01FE018604FE017F
:10F9D800FE01FE01FE01FE01FE01FE01F203FE0131
:10F9E800FE01FE01FE01FE01FE01FE01FE01FE0117
:10F9F800FE01FE01FE01FE01FE01FE01B70398684B
:10FA0800534A02405B480A439A60DA6A616A22F004
:10FA18000F020A43DA62836D03F00703052B3FF6F2
:10FA28007CAF574AD65C202E00F29C81012E7FF6CF
:10FA380074AFB31E1E2B3FF670AF01A252F823F02D
:10FA4800FFFF000823F90008A9FF000823F90008B0
:10FA580023F9000823F900087300010823F90008B6
:10FA680023F9000823F9000823F9000823F90008FE
:10FA780023F9000823F900081300010823F90008F6
:10FA880023F9000823F9000823F9000823F90008DE
:10FA980023F9000823F9000823F9000823F90008CE
:10FAA80023F9000823F9000823F9000823F90008BE
:10FAB80023F9000823F9000889000108012500231B
:10FAC800A3F110014FF6EF7291423FF626AF22687C
:10FAD800D36023E7274B5B6D03F00703052B3FF645
:10FAE8001CAF284AD55C2AE7002E00F0B581012E0C
:10FAF80000F09E85022E00F0B185032E00F0D88517
:10FB0800042E00F0F485052E00F08486062E00F001
:10FB1800BE86072E00F0FD86082E00F05087092EBD
:10FB280000F07B870A2E00F0DC8743F60953164A5B
:10FB38000B2E18BF13466268002503EB5203B3FB74
:10FB4800F2F39BB2BCE700BFF369FFCF000C00588B
:10FB5800FFF4FF110010014000440040004800403D
:10FB6800004C004000500040001401400078004064
:10FB7800007C004000440258D0210108FC21010803
:10FB880004220108FC21010800093D00B34B1A6852
:10FB9800920640F16F811A68B14BC2F3C102D3409B
:10FBA800002EC8D0012E00F0EF81022E00F0C5848F
:10FBB800032E00F0BF84042E00F02B85052E00F0E4
:10FBC8009D86062E00F0DC86072E00F01C86082E87
:10FBD80000F04E86092E00F08E860A2E00F0E3868D
:10FBE8000B2EA8D126E003A8FAF76EFA626A049BE6
:10FBF800002AA0D0012A00F0C781022A00F09D84C3
:10FC0800032A00F09784042A00F00385052A00F0EF
:10FC1800FD84062A00F07E85072A00F0F485082A6C
:10FC280000F02686092A00F066860A2A00F0BB86BC
:10FC38000B2A80D11B0A7EE76846FAF787F9626AC1
:10FC4800019B002A3FF477AFD4E7F9F71FFB636AFB
:10FC580003B3012B00F0F384022B00F0CE84032BB6
:10FC680000F0C884042B00F01785052B00F01185DF
:10FC7800062B00F00686072B00F04886082B00F0BC
:10FC88009B86092B00F0E1860A2B00F03B870B2BA3
:10FC980008BF000A6268002500EB5203B3FBF2F3C9
:10FCA8009BB20DE7F9F7D6FA636A03B3012B00F0AC
:10FCB800C984022B00F0A784032B00F0A184042B35
:10FCC80000F0E484052B00F0DE84062B00F0E685C6
:10FCD800072B00F03686082B00F08786092B00F0EA
:10FCE800B1860A2B00F0FA860B2B08BF000A62685F
:10FCF80000EB5203B3FBF2F39BB2E1E6402D7FF435
:10FD08000CAE002E00F0DC80012E00F09484022E50
:10FD180000F0A784032E00F0C784042E00F0EC84C2
:10FD2800052E00F07A85062E00F0B485072E00F027
:10FD3800FE85082E00F04986092E00F08B860A2ED3
:10FD480000F029870B2E0CBF80234FF40043F2E606
:10FD5800424B5B6D03F00703052B3FF6DEAD414ACE
:10FD6800D55CECE5402E7FF4D8AD002900F0B580D5
:10FD7800012900F06E84022900F08284032900F032
:10FD8800AF84042900F03B85052900F06985062920
:10FD980000F0AD85072900F0EF85082900F03686C8
:10FDA800092900F05B860A2900F0F9860B290CBFA7
:10FDB80080254FF4004592E001250023A3F11001AE
:10FDC8004FF6EF7291423FF6A8AD23F00F02C3F34E
:10FDD800420313432268D360A0E5402D7FF49DAD14
:10FDE800002E00F0D380012E00F0D280022E00F009
:10FDF8006D84032E00F0F484042E00F02585052E72
:10FE080000F06885062E00F0C285072E00F01086E7
:10FE1800082E00F04886092E00F059860A2E00F0B8
:10FE2800EC860B2E0CBF4FF480704FF48030AFE09F
:10FE38000A4B5B6D03F00703052B3FF66EAD0A4ACC
:10FE4800D55C7CE5054B5B6D03F03803282B3FF64A
:10FE580064AD064AD55C72E5054B6CE60044025871
:10FE68000090D003FC210108FC210108D0210108E1
:10FE780000093D00002E00F0BA83012E00F0FD833A
:10FE8800022E00F02A84032E00F0B684042E00F01F
:10FE9800E484052E00F02885062E00F08785072EBD
:10FEA800DAD0082E00F0C483092E00F0D7830A2E7A
:10FEB80000F01D84B44BB54A0B2E18BF13463AE622
:10FEC8004FF4004337E6B24B5B6D03F00703052B95
:10FED8003FF623ADAF4AD55C31E54FF4004567687E
:10FEE80007EB4703AB423FF618ADB5EB073F3FF6CC
:10FEF80014AD202E00F2F082012E7FF60EAD023EE8
:10FF08001E2E3FF60AAD01A353F826F0510401084E
:10FF180023F900082704010823F9000823F9000839
:10FF280023F90008C503010823F9000823F900088C
:10FF380023F9000823F9000823F9000823F9000829
:10FF480023F900085903010823F9000823F90008D8
:10FF580023F9000823F9000823F9000823F9000809
:10FF680023F9000823F9000823F9000823F90008F9
:10FF780023F9000823F9000823F9000823F90008E9
:10FF880023F90008E10201085B08D4E54FF480304A
:10FF98006268002500EB5203B3FBF2F39BB20DE756
:10FFA8006846F9F7D3FF636A019D03B3012B00F09C
:10FFB800CF82022B00F0C782032B00F0C182042BF2
:10FFC80000F02F83052B00F02983062B00F098837F
:10FFD800072B00F02684082B00F04D84092B00F035
:10FFE8009B840A2B00F0FB840B2B00F06582002D0C
:08FFF8003FF494AC73E7F9F744
:020000040801F1
:1000000097FF636A0546002BD4D1002D3FF48AACDC
:1000100069E7614B1A68950640F1A5821B685D4D42
:10002000C3F3C103DD4000293FF45DAF012900F0B7
:100030004D83022900F04683032900F04083042900
:1000400000F04584052900F08384062900F0D4845B
:10005000072900F02085082900F04F85092900F0C4
:10006000F9850A2900F0FD850B297FF43CAF2D0AA4
:1000700039E703A8FAF72CF8636A049D002B99D19D
:10008000002D3FF44FAC2EE7002900F06A820129D1
:1000900000F0DF82022900F0F282032900F02883B9
:1000A000042900F0AA83052900F0D883062900F06E
:1000B0002E84072900F06184082900F0AF84092903
:1000C00000F0EF840A2900F0148543F60955344BFB
:1000D0000B2918BF1D4606E7F9F7C0F8636A03B39A
:1000E000012B00F0CA82022B00F0F782032B00F0F4
:1000F0007F83042B00F0B083052B00F0EB83062BED
:1001000000F05084072B00F09E84082B00F0B98487
:10011000092B00F0E4840A2B00F070850B2B08BF3C
:10012000000A61684A0802EB4003B3FBF1F39BB29B
:1001300048E6002E00F03A82012E00F09A82022E4C
:1001400000F0C682032E00F04D83042E00F07E8363
:10015000052E00F0BA83062E00F02184072E00F051
:100160006F84082E00F08284092E00F0CC840A2EC1
:1001700000F06C8547F612230A4A0B2E18BF13466F
:100180006268002503EB5203B3FBF2F39BB219E65E
:1001900090D003000090D00300440258FC210108D5
:1001A00000093D0000127A00A44B1A68910640F144
:1001B000FF811A68A24BC2F3C10223FA02F206B30E
:1001C000012E00F0B182022E00F03783032E00F0E2
:1001D0006F83042E00F0C683052E00F00084062EE7
:1001E00000F06F84072E00F07184082E00F0038564
:1001F000092E00F03C850A2E00F036850B2E08BF34
:10020000120A616800254B0803EB4203B3FBF1F3CC
:100210009BB2D7E56846F9F79DFE626A019902B381
:10022000012A00F00782022A00F01A82032A00F055
:100230003A82042A00F06282052A00F0EB82062A44
:1002400000F01683072A00F07483082A00F0A183C7
:10025000092A00F001840A2A00F05B840B2A08BFF7
:10026000090A62680025530803EB4103B3FBF2F36C
:100270009BB2A7E5F9F70EF8636A03B3012B00F010
:10028000FA81022B00F02B82032B00F08382042BD7
:1002900000F0DA82052B00F02583062B00F069833D
:1002A000072B00F0C283082B00F0EE83092B00F02F
:1002B0007E840A2B00F08D840B2B08BF000A616836
:1002C00000254A0802EB4003B3FBF1F39BB279E54A
:1002D00003A8F9F7FDFE626A0499002AC1D09FE7DE
:1002E000616A002900F05482012900F01F8302296D
:1002F00000F08B83032900F0BF83042900F0008401
:10030000052900F0AA84062900F08E84072900F050
:100310008784082900F0E584092900F0DE840A2991
:1003200000F0A8844748484B0B2918BF1846002105
:100330007B083A4618184FF0000341F10001F0F72E
:1003400087F9A0F54073414A93423FF6EAAA236831
:100350000025D860FFF7E6BA384A116811F020018D
:1003600000F0E781136800213548C3F3C103D8408A
:10037000636A0BB3012B00F04B83022B00F07F83E9
:10038000032B00F00584042B00F05D84052B00F0A6
:100390002C84062B00F0A984072B00F0B484082BD2
:1003A00000F0AD84092B00F094840A2B00F08D84BA
:1003B0000B2B01D1000A00210902030241EA10615E
:1003C0007808B6E703A8F9F783FE0498636A00216A
:1003D00002460BB3012B00F03582022B00F086821F
:1003E000032B00F0C182042B00F02183052B00F0C9
:1003F0004D83062B00F09083072B00F02184082BFF
:1004000000F00B84092B00F004840A2B00F05284C6
:100410000B2B01D1100A002162680902030241EA94
:100420001061500886E76846F9F794FD0198636A01
:1004300000210246002BEFD0CCE700BF0044025859
:100440000090D00300093D000000093DFFFC0F00B3
:10045000F9F76EFD626A002103460AB3012A00F033
:100460006E82022A00F0B982032A00F02483042A53
:1004700000F09383052A00F0A683062A00F0DA83B1
:10048000072A00F0D583082A00F01C84092A00F00E
:1004900015840A2A00F02F840B2A01D1030A0021B7
:1004A00062680902180241EA13615308C0184FF04C
:1004B000000341F10001F0F7CBF8A0F5407342E7EB
:1004C0002D0A002D3FF42EAA0DE5B54B5B6D03F010
:1004D0000703052B3FF625AAB24AD55CFFF733BACE
:1004E000402E7FF41EAA616A002900F04E81012986
:1004F00000F02782022900F08482032900F0CE82D6
:10050000042900F05783052900F05983062900F0DB
:100510006883072900F06083082900F0B783092960
:1005200000F0AF830A2900F0C0830B294FF00001CF
:100530000CBF4FF400404FF40000F9E69A4AA2FBCA
:1005400003239B08FFF7FBBA974BA3FB0535AD08C8
:10055000002D3FF4E7A9C6E46D08002D3FF4E2A9A1
:10056000C1E4924DBFE400295AD0012900F0AC80CB
:10057000022900F0DB80032900F06181042900F0EA
:10058000A181052900F0EB81062900F016820729D8
:10059000E7D008295DD0092971D00A2900F02D8102
:1005A000834D844B0B2918BF1D469CE4824BE7E525
:1005B000002E50D0012E00F0AF80022E00F03B81C3
:1005C000032E00F07A81042E00F0C781052E00F082
:1005D000FD81062E00F04D82072EE7D0082E48D070
:1005E000092E75D00A2E00F03181744B744A0B2EFF
:1005F00018BF1346C4E56F4BFFF7A1BA6A4BA3FBC4
:1006000000308008FFF74ABB674BA3FB003080082F
:10061000FFF771BB6B4AA2FB0323DB08FFF78FBA1E
:10062000644D60E4674BA3FB0535ED08002D3FF4F6
:1006300079A958E4490814E6634BFFF780BA4FF4F0
:100640008043FFF77CBA4008FFF728BB4008FFF75C
:1006500052BB5D4D47E45A4B92E54FF4804542E46E
:100660008908FEE5594BFFF76ABA4FF40053FFF7CC
:1006700066BA4E4B84E5400821E6400851E5534DEB
:1006800031E4534BFFF75BBA4FF400552BE44D4B6D
:10069000A3FB0030C008FFF72EBB4A4BA3FB003082
:1006A000C008FFF7FBBA404BA3FB01239908D8E52C
:1006B00041F25553FFF743BA464BFFF740BA3A4B66
:1006C000A3FB0535AD080EE4414D0CE46D080AE4CA
:1006D0003D4B55E54FF480405EE4800821E58008FD
:1006E000EDE53D4BFFF72BBA41F25555FFF7FBBB4C
:1006F000384DFFF7F8BB314BFFF721BAC908B0E519
:100700004FF48053FFF71BBA0C23B5FBF3F5002D14
:100710003FF408A9FFF7E7BB264B31E5224AA2FBCD
:100720000323DB08FFF70BBA52086AE52A4DFFF7EF
:10073000DABB626A002A00F0C280012A00F07981E7
:10074000022A00F0B281032A00F0C381042A00F0DB
:100750005E82052A00F05982062A00F09E82072A4E
:1007600000F09982082A00F09D82092A00F0978201
:100770000A2A00F083820B2A184A0E4B0EBF002172
:100780000321134678083A4690E64FF40000CFE57F
:100790001348CDE5044BA3FB002398088FE500BF69
:1007A00000440258FC210108ABAAAAAA00093D0096
:1007B00090D003000090D00300127A0020A107001F
:1007C0000020A107CDCCCCCC80841E0040420F007D
:1007D0000048E8012A2C0A000024F400000090D010
:1007E0000000093DCF4BCBE442F6AA20FFF7D4BB73
:1007F000CD4BA3FB0023980893E4CC4DFFF773BBCC
:10080000CB4BFFF79CB94FF48055FFF76CBB1B092E
:10081000FFF795B90A23B1FBF3F122E5C54BFFF7CA
:100820008EB940F6CC43FFF78AB92D09002D3FF46D
:1008300079A8FFF758BBC04BA2E49208E1E4BC4D95
:10084000FFF751BB4008E7E5C00838E5BB4B97E42C
:100850004FF40050FFF7A0BBC00862E4B54DFFF7AE
:1008600042BBB74BFFF76BB940F6CC45FFF73BBB3C
:100870000C23B1FBF3F1F4E45B09FFF760B96D09F8
:10088000002D3FF44FA8FFF72EBBA74BA3FB003072
:10089000C008FFF703BAAB4BFFF751B940F6AA23E4
:1008A000FFF74DB9A04BA3FB0030C008FFF723BAF8
:1008B0009D4BA3FB02239A08A3E4A34B60E4A34B44
:1008C00003215FE79E4DFFF70EBBA14B58E4ED08F7
:1008D000FFF709BB0A23B0FBF3F022E441F69810BE
:1008E000FFF75ABB0A23B0FBF3F0E8E4800893E576
:1008F000984BFFF724B940F6AA25FFF7F4BA9B09F5
:10090000FFF71DB90A22B3FBF2F3FFF718B98D4DBB
:10091000FFF7E9BA0009FFF7C1B98F4BFFF70FB92D
:10092000AD09002D3EF4FEAFFFF7DDBA8B48002184
:10093000FEE4090995E44FF40063FFF700B94308AA
:10094000AEE54FF480000021F2E40009FFF7D3B9CF
:100950000A23B5FBF3F5FFF7C6BA814B10E47D4DD2
:10096000FFF7C1BAD2084CE406220023EFF770FE6D
:1009700052E50C23B0FBF3F0A1E4774DFFF7B3BAD7
:100980004FF40065FFF7AFBA0C22B3FBF2F3FFF7A9
:10099000D6B8490965E441F25450FFF7FDBA714BEE
:1009A000FFF7EEBB0C23B0FBF3F0FFF7BABBDB099C
:1009B000FFF7C5B86C4BFFF7C2B86B4DFFF793BAA2
:1009C0004009FFF76BB9694BFFF7B9B8684BFFF700
:1009D000D7BB4FF48063FFF7B2B8830860E50A2302
:1009E000B2FBF3F20DE4ED09002D3EF49BAFFFF7EF
:1009F0007ABA4009FFF77FB90C23B5FBF3F5FFF78F
:100A000072BA4FF40010002192E45A4800218FE49A
:100A10004008D1E44FF48065FFF765BA534DFFF706
:100A200062BA4FF22443FFF78AB8000947E4C008CE
:100A3000F2E4514B1146A5E64FF48050FFF7ACBAF3
:100A40003A4BFFF79DBB0009FFF76BBB8009FFF72F
:100A500052B98009FFF722B9890902E44FF4007303
:100A6000FFF76DB84FF40075FFF73DBA3A4BFFF74B
:100A700087BB2F4BFFF784BB4048002158E4800818
:100A80009AE44009FFF74DBB400918E40A2200230D
:100A9000EFF7DEFDC0E42D09FFF725BA3848002145
:100AA00046E44FF22445FFF71EBA364B6AE64FF490
:100AB0000060FFF771BA00230622EFF7C9FD034675
:100AC000EEE40C23B2FBF3F2FFF79BBB1209FFF736
:100AD00098BB2D4B56E64FF48060FFF75DBA800956
:100AE000FFF71FBBC009FFF706B947F61223FFF750
:100AF00026B847F61225FFF7F6B96D09FFF7F3B9E7
:100B00002248002114E4194BFFF73ABBC009FFF754
:100B1000C5B8C909FFF7A5BB0C220023EFF798FD64
:100B20007AE400BF54581400ABAAAAAA20A1070077
:100B3000AAC2A200801A06000048E80140420F0045
:100B400000127A001516050054854501000090D06A
:100B500000350C0000A8610090D003000080841EC6
:100B60000024F4002A2C0A005561510048E80100D5
:100B70000050C3000040420F000048E8002A2C0A41
:100B800000551500000024F400AAC2A20020A1070D
:100B900006220023EFF75CFD0EE4C30880E44FF467
:100BA0008073FEF7CCBF4FF48075FFF79CB98009C6
:100BB000FFF785BB4FF480100021FFF7B9BB534806
:100BC0000021FFF7B5BB00230A22EFF741FD0346E2
:100BD00066E4C009FFF773BB4FF400200021FFF764
:100BE000A7BB4B480021FFF7A3BB0A220023EFF766
:100BF0002FFDFFF7E1BB5209FFF703BBC009FFF769
:100C000090BA4FF40070FFF7C7B9424BBAE5424BB8
:100C1000B8E590090021FFF7FFBB4009FFF7FCBBD7
:100C20003E480021FFF784BB3D480021FFF780BB11
:100C3000030935E400230C22EFF70AFD03462FE4F5
:100C40000009FFF7E9BBC008FFF7B6BB4FF224432A
:100C5000FFF796BAAD09FFF746B932480021FFF712
:100C600067BBED09FFF73FB9D209FFF7CABA92098E
:100C7000FFF7C7BA2C480021FFF75ABB2B4B0021C6
:100C800080E54FF400300021FFF752BB4FF4802085
:100C90000021FFF74DBB264B74E5264B72E5264B32
:100CA00000216FE5254B00216CE54FF480300021D9
:100CB000FFF73EBBD0090021FFF7AEBB830900213F
:100CC000FFF7EEBB4309FFF7EBBBC0090021FFF7BD
:100CD00073BB80090021FFF76FBB19480021FFF7A4
:100CE00027BB18480021FFF723BB0C220023EFF796
:100CF000AFFCFFF761BBC3090021FFF7D1BB40097F
:100D00000021FFF759BB0009FFF756BB00CC0C00D0
:100D100000AA0A000000A8610000127A0090D00327
:100D20000015160500801A0600127A000020A1079F
:100D30000000093D005561510040420F0080841EB3
:100D40000024F4000048E801836ADA0710B406D5ED
:100D50000168C46A4A6822F4003222434A609C0750
:100D600006D50168046B4A6822F4803222434A6047
:100D7000590706D50168446B4A6822F48022224351
:100D80004A601A0706D50168846B4A6822F400425B
:100D900022434A60DC0606D50168C46B8A6822F4E7
:100DA000805222438A60990606D50168046C8A68DD
:100DB00022F4005222438A605A060AD50168446C24
:100DC0004A68B4F5801F22F4801242EA04024A60A5
:100DD0000BD01B0606D50268C16C536823F40023B0
:100DE0000B4353605DF8044B70474A68846C22F4EF
:100DF000C00222434A60ECE7002370B50446C0F805
:100E00008830F3F7DBFC054623681A6811070CD419
:100E10001A68520725D420220023C4F880201846DF
:100E2000C4F8842084F87C3070BDDE6916F40016A6
:100E3000EED1F3F7C3FC431BB3F1007F2368F4D377
:100E40001A682021032022F4D0721A609A6822F0D6
:100E500001029A60C4F8801084F87C60C4F88410A1
:100E600070BDDE6916F48006D5D1F3F7A7FC431BED
:100E7000B3F1007F2368F4D3E2E700BF80B3D0F87A
:100E8000803010B5044633B3226824232046C4F8CA
:100E90008030136823F001031360FEF7F9FC01288A
:100EA00017D0A36A8BB9236820465A6822F490426F
:100EB0005A609A6822F02A029A601A6842F0010287
:100EC000BDE810401A60FFF797BF2046FFF73CFFD0
:100ED000E9E7012010BD80F87C30FCF7E3FDD3E7A3
:100EE00001207047704700BF704700BF704700BFC8
:100EF00007EE901A324A00230021B8EEE77A02602A
:100F0000304A4360C0EE077A9FED2F0A81858360E7
:100F1000C26010B52DED048B9FED2C8ABFEE009AB8
:100F20000446F7EE008A80ED048A80ED059A80ED94
:100F3000069AFDEEE77AB8EEE77AC0ED0A7A27EE78
:100F4000087A80EE070A00F05BFCD4ED057AF4EE37
:100F5000487A38EEC00AF1EE10FA84ED070A0FD095
:100F6000D4ED0A7A84ED058AB8EEE70A20EE080A85
:100F700089EE000A00F044FC38EEC00A84ED080A4D
:100F80009FED127AD4ED067AF4EE477AF1EE10FA7C
:100F900013D0D4ED0A7ABFEE000A84ED067AF8EE9B
:100FA000E77A67EE877A80EE270A00F029FCF7EEF1
:100FB000007A37EEC00A84ED090ABDEC048B10BD3F
:100FC0003333333FAE47813F12AF93C0CDCCCC3DDE
:100FD000012380F82C3009B100234360704700BF23
:100FE000D0ED047AF4EE407A10B5F1EE10FA044632
:100FF0002DED048BF0EE408AB0EE608A06D1D0ED84
:10100000027AF4EE607AF1EE10FA0BD0F5EEC08AB7
:10101000C4ED048A84ED028AF1EE10FA05DC4FF08B
:101020007E53E361BDEC048B10BDF2EE040AB0EE1A
:10103000480A00F0BDFCDFED130AB2EE027ADFEDE4
:10104000127A28EE208AB7EE009AA0EE078A38EED0
:10105000278A89EE080A84ED038A39EE400A00F0F7
:1010600041FCD4ED0A7AF8EEE77A67EEA88A80EEC2
:10107000280A00F0C5FB39EE400ABDEC048B84ED74
:10108000070A10BD9A99993EAE47813FD0ED057A87
:10109000B4EE670AF1EE10FA0CD0B5EEC00A80ED9E
:1010A000050A10B5F1EE10FA044604DC4FF07E5349
:1010B000036210BD7047D0ED0A7ABFEE007AF8EEF9
:1010C000E77A27EE800A87EE000A00F099FBF7EE38
:1010D000007A37EEC00A84ED080A10BDD0ED067A1A
:1010E000B4EE670AF1EE10FA0CD0B5EEC00A80ED4E
:1010F000060A10B5F1EE10FA044604DC4FF07E53F8
:10110000436210BD7047D0ED0A7ABFEE007AF8EE68
:10111000E77A27EE800A87EE000A00F071FBF7EE0F
:10112000007A37EEC00A84ED090A10BD90F82D3020
:1011300051BB33B10423838590ED097ADFED257A25
:1011400009E090F82C3080F82D10022B13D190ED8F
:10115000087AD0ED007A90ED010ADFED1F6A77EE94
:10116000C07AA7EE870AB4EEE60AF1EE10FA29D4A7
:1011700080ED010A7047042BDED0012BD0ED076A09
:1011800009D09FED150A7047002BDAD140F2011308
:10119000D0ED076A838590ED010AB7EE007AD0EDB5
:1011A000037A77EEC07AA7EEA60AB4EEC70AF1EE8C
:1011B00010FADDDD0223B0EE470A80ED017A80F8F7
:1011C0002C3070470023B0EE660AC0ED016A80F84B
:1011D0002C3070470AD723BC00000000B0EE087A1C
:1011E00000234FF07C524FF07A51DFF834C0C0EE4C
:1011F000077A80ED000A8260C0F804C0C2604264D1
:10120000016143618361C361036243628362C362BC
:10121000036403634363C3638363C0ED127A70475F
:1012200000004843B0EE402A90ED097A90ED044A60
:10123000F6EE007AD0ED054AF0EE476AD0ED075A97
:10124000A4EEC72A90ED036AE7EE045A80ED0B0A7C
:1012500027EE065A25EE075A72EE652AE4EE226A58
:1012600075EEE21AE7EE456AB0EE657AA4EEE60A9C
:10127000A4EE267AB0EE665A26EE266A26EE266A96
:1012800080ED060A70EE474A80ED077A27EE273A8E
:1012900060EE273AA4EE245AC0ED084AA5EEA73A1C
:1012A00037EE647A24EEA74AE2EE273A27EE277A51
:1012B000F0EE455AF0EE444A80ED0C3AA1EEA77AE2
:1012C000E6EEC65AE2EEA74AC0ED103A80ED0F7A7C
:1012D00025EEA76AC0ED095AC0ED0D4AB0EE467A78
:1012E000A6EEA77A80ED0E7A704700BF90ED007AE7
:1012F000B5EE006ADFED2C7A37EE077A80FE270A1A
:10130000D0ED127AC0FE677AC7EE876AC0ED017A27
:1013100010B504462DED028BF4EEC66AF1EE10FA1C
:101320002FDC9FED220A26EE800A00F0D5FC70EE3D
:10133000007AC4ED047AF5EE000A94ED020AB7EEE5
:10134000008A00F035FBB0EE007AD4ED046AB6EE08
:10135000006A78EE407A87EE260A77EEA77AA6EE44
:10136000C60AB4EE470AF1EE10FA37FE000AF4EEB0
:10137000C07AF1EE10FA07D484ED050ABDEC028BB9
:1013800010BDDFED0B7AD4E7F5EE000A94ED020A0A
:1013900000F00EFB38EE400ABDEC028B30EE000A86
:1013A00084ED050A10BD00BFBD378635DB0F49400F
:1013B000F304B53FDFED217AF5EE000A80FE270A3F
:1013C00010B504462DED028BB7EE008A80FE480A68
:1013D00080ED020A00F0ECFAB0EE007AD4ED046A77
:1013E00078EE407AB6EE006A87EE260A77EEA77AA4
:1013F000A6EEC60AB4EE470AF1EE10FA37FE000A6E
:10140000F4EEC07AF1EE10FA0CD4D4ED117A94ED2A
:10141000027A84ED050A67EE877ABDEC028BC4ED93
:10142000037A10BDF5EE000A94ED020A00F0C0FA4E
:1014300038EE400A30EE000AE7E700BF0000000087
:10144000DFED0A7AB7EE007ADFED096A20EE270AAF
:10145000D0ED027A80FE260A80FE470A67EE807A87
:1014600080ED110AC0ED037A704700BFCDCCCC3DB2
:1014700000000000037810B504462DED028B072B09
:1014800000F2A581DFE813F05200A200B50087004A
:101490009200C2001101080090ED068AF7EE006A82
:1014A000D0ED037ABFEE000A90ED077AF4EEC87A29
:1014B000F1EE10FAB4EEC87A36FE800AF1EE10FAB8
:1014C00000F3788136EEC76AB4EEC68AF1EE10FA00
:1014D00000F32981B7EE006A76EE677A77EE887AB4
:1014E000FDEEE76AF8EEE66A77EEE67AB4EEE77AC2
:1014F000F1EE10FA00F3268176EE476AF4EEE67A12
:10150000F1EE10FA0DDD77EEC67AC7EE876AF0EEDF
:10151000667AE6EEA67A76EEA76A36EE866A30EE50
:10152000460ADFEDAE7A20EE270A09E090ED068A42
:101530009FEDAB0A28EE000A00F0CEFB94ED077A8F
:1015400077EE087AF7EE006AF4EEE67AF1EE10FA3A
:1015500040F3D68077EEE67A0123C4ED067A37EEC3
:10156000C77A84F82930F6EE006AB4EEE67AF1EE36
:1015700010FA40F1C380F4EEE67AF1EE10FAACBF57
:1015800001230023D4ED017A84F8283020EE270AC5
:10159000BDEC028B10BDF0EE007A90ED068ABFEE36
:1015A000000A90ED077AA8EE270AC9E790ED068AAF
:1015B000D0ED037A90ED077AB4EEE78AF1EE10FAF7
:1015C0004CBFB7EE000ABFEE000AB9E7F0EE006AC2
:1015D00090ED068ABFEE000A90ED077AF6EE007AEB
:1015E000A8EE260AB0EEC00A30EE670A30EE000A16
:1015F000A6E7F0EE007A90ED068ABFEE000A90EDC5
:10160000077AA8EE270AB1EE400A99E7F6EE006ADB
:1016100090ED068A90ED077AF7EE007AFFEE005A19
:10162000B4EEE68AF1EE10FAB4EEC87A48BFF0EEF6
:10163000675AF1EE10FA00F3AE8077EEC76AB4EEA7
:10164000E68AF1EE10FA5FDCF6EE007A78EE277AA1
:10165000BDEEE76AB8EEC66A77EEC67AB4EEE77A10
:10166000F1EE10FA7BDCF4EEE67AF1EE10FA0FDD23
:10167000B7EE005A77EEC57A87EE876AF0EE467AC3
:10168000E6EE067A36EE276A36EE056A75EEC65A3B
:10169000D4ED087AB1EE000A66EEA76AE7EE256A95
:1016A00026EE800AC4ED086A4AE790ED068AF0EE5D
:1016B000007A90ED077ABFEE000AB4EEC87AA8EE81
:1016C000270AF1EE10FA59DCF7EE006A76EEC77AD7
:1016D000B4EEE78AF1EE10FA0DDD38EE666AC6EE7A
:1016E000077AB0EE676AA7EEA76A77EE867A77EE9A
:1016F000A67A30EE670AB1EE400A21E7002341E7FF
:101700000023C4ED067A2AE738EE675A85EE076AA9
:10171000B0EE465AA6EE065A36EE056A76EE277AFF
:1017200075EEA75A90E778EE665A85EE876AF0EE76
:10173000465AE6EE065A36EE256A76EE266A30EE10
:10174000260AC7E6C7EE876AF0EE005A66EEE67A2A
:10175000E6EEA57A37EEC66A30EE460AE1E687EE97
:10176000876AF0EE004AB7EE005A66EE467AE6EE79
:10177000247A77EEC57A75EEE75A89E788EE076A2C
:10178000F7EE005A66EE466AE6EE276A76EEE57AEE
:1017900030EE670AAFE788EE075AF0EE004A77EEC0
:1017A000C76A25EE456AA5EE246A76EE677A75EE7D
:1017B000A75A49E7C8EE075AB0EE005A25EEE56A87
:1017C000A5EE856A76EE666A30EE260A82E690ED30
:1017D000077A90ED068A9FED030AB1E6F4FD343FE7
:1017E000DB0FC94000000000D0ED057A20EE270A8B
:1017F000704700BF0B460146184600F0C3BB00000F
:1018000010EE103A40F22A41C3F30A528A42B7EE70
:10181000C03A32D8B7EE000B2D4B93ED4A2B93ED27
:10182000481BB0EE417BA2EE037B17EE100A37EEA9
:10183000417B00F01F0203EBC20130B492EE037B48
:1018400093ED4C4B53F832404D6893ED4E6B93ED56
:10185000505BA4EE076B27EE074B00210A1905EB3E
:10186000C033A5EE070B43EC172BA6EE040B30BCE0
:1018700020EE070BB7EEC00B704713F5000F20D01A
:10188000B2F5FF6F1AD2DFED137AB4EEE70AF1EE8C
:1018900010FA10DCDFED107AB4EEE70AF1EE10FA80
:1018A00012D4DFED0E7AB4EEE70AF1EE10FAB1D5FC
:1018B000002000F039BB002000F03CBB30EE000AF5
:1018C00070479FED070A7047002000F027BB00BF5C
:1018D000102201081772B142B4F1CFC2CF8ECEC22E
:1018E0000000000010EE103AB3F17E5F10EE101A07
:1018F00038D0A3F50002B2F1FE4F36D2BFEE000B96
:1019000001F14042264B02F54D02C2F3C34003EB06
:10191000001093ED404B93ED445B93ED467B93EDCC
:10192000426BD30DDB0590ED002BCB1A03EE903A02
:1019300090ED021BD215B7EEE33AA2EE030B03EED5
:10194000902A20EE002BA5EE007BB8EEE33BA6EE3E
:10195000027BA3EE041B30EE010BA2EE070BB7EEE9
:10196000C00B70479FED0F0A70475A0014D0B3F1B7
:10197000FF4F14D0002B0BDBB2F17F4F08D2DFED0D
:101980000A7A60EE277A17EE903AA3F13861B5E74C
:1019900000EE103A00F0E6BA012000F0D1BA70472C
:1019A00058230108000000000000004B0000000068
:1019B00030B410EE103A2DED028BA3F5000110EEBD
:1019C000902AB1F1FE4F10EE104A82B04FEA420168
:1019D0007ED201F1FF3C6FF08070844580F0F98089
:1019E000002004F1404303F54D03C3F3C341DB0D75
:1019F000DB05E21ADB1507EE903ABFEE001BB24B97
:101A000003EB011191ED004B05EE102AB7EEC55A1C
:101A1000A4EE051B93ED444B21EE012B93ED465BA9
:101A200093ED403BA1EE045B93ED426B93ED484B8D
:101A3000A1EE036B22EE023BB8EEE78BB7EEE07A45
:101A400091ED020B38EE000BA1EE040BA2EE050B9C
:101A5000A6EE030B27EE000B10EE903A48F2BF0201
:101A6000C3F3CF33934252D2B7EE007B974B93ED43
:101A7000402B30EE023B13EE102A33EE423B02F0D5
:101A80001F01821803EBC10053F83140456830EE66
:101A9000433B93ED465B93ED424BA3EE057BB0EEEB
:101AA000470B93ED446B0023181905EBC23141EC51
:101AB000170BA3EE046B23EE034BA6EE040B20EEF4
:101AC000070BB7EEC00B02B0BDEC028B30BC704709
:101AD0004D1E6FF08070854280F0CE8059004D1E03
:101AE000854280F09280002B55DB0020B4F5000F7A
:101AF000BFF477AFDFED767A07EE103A67EE277A1C
:101B000017EE904A24F00044A4F1386469E79FED91
:101B1000667BB4EEC70BF1EE10FA15DC9FED647B2B
:101B2000B4EEC70BF1EE10FA20DD4FF04C5388B144
:101B30000193DDED017ABFEE007A77EE677AF4EE7D
:101B4000477AF1EE10FA11D002B0BDEC028B30BC36
:101B500000F0F0B90093DDED007AB7EE007A77EE91
:101B6000877AF4EE477AF1EE10FAEDD19FED527BD1
:101B7000B4EEC70BF1EE10FA57D99FED517BB4EEDE
:101B8000C70BF1EE10FA7FF56FAF02B0BDEC028B20
:101B900030BC00F0C9B9C2F3C7517E2911DD9629C6
:101BA00054DC0120C1F1960100FA01F1481E1042F7
:101BB00007D111EA020018BF4FF4803024F000442E
:101BC00094E700EE103A02B0BDEC028B30BC00F09E
:101BD000C9B9002952D0B3F17E5F2CD06400B4F1B2
:101BE0007F4F2ED8B1F17F4F2BD1B4F1FE4F4BD0A8
:101BF000B4F1FE4F6FEA020234BF00240124D20F79
:101C000094424CD09FED330A5DE7002B20EE000A92
:101C10001EDB002000293AD1002ABFF654AF02B0E3
:101C2000BDEC028B30BC00F08BB902B0BDEC028B76
:101C300030BC00F073B982F48002520012F5000F3C
:101C400022D907EE903A37EEA00A3CE70020B5E72C
:101C5000C2F3C753A3F17F001728DAD8C3F1960067
:101C6000012303FA00F0441E1442D2D11040D1D017
:101C7000B1EE400A1846CDE70029AFD184F48002C6
:101C8000520012F5000FDCD8B7EE000A1BE7002A5D
:101C9000BFF619AFF7EE007A87EE800A13E720EE61
:101CA000A00A10E7AFF3008071D5D1FFFFFF5F40BE
:101CB000E2AAA3FFFFFF5F400000000000C062C077
:101CC0000000000000A062C0782401081022010872
:101CD0000000004B0000000030B510EE104AC4F3C5
:101CE0000A53B3F57D7FB7EEC06A83B01BD226EEF0
:101CF000065BB3F5667F70D326EE052B25EE021B3F
:101D0000754B93ED1A3B93ED187B93ED164BA5EEB7
:101D1000037BA2EE046BB0EE460BA7EE010BB7EE11
:101D2000C00B03B030BD40F22E42934260D86A49E6
:101D300091ED087B26EE077BFDEEC77B91ED0A5BFC
:101D400017EE903A03F500031B1613F0020F07EE8F
:101D5000903A01F1700208BF0A46D807B8EEE77B57
:101D6000A7EE456BB0EE460B26EE067B1BD403F0C8
:101D7000030301EBC30392ED1A5B93ED003B92ED7D
:101D8000186B20EE030B92ED164BA7EE056B20EEC1
:101D9000075B27EE057BA5EE040BA6EE070BB7EE5F
:101DA000C00B03B030BD92ED142B27EE075B92ED14
:101DB000126B92ED0E3BA7EE026B92ED0C0B92EDC7
:101DC000104BA7EE030B27EE057BA5EE040BA6EE4A
:101DD000070BB7EEC00B03B030BD220D12F4FF6F3E
:101DE000DFD1B7EEC55B00EE104A8DED015AD8E7A2
:101DF000B3F5FF6F4BD2394BC4F3836203EB82011F
:101E000053F822200D69C4F31603C4F3C25043F4FF
:101E100000038340086A03FB02F2A3FB0010E3FB0C
:101E2000050202F100518D0F01F04041511AEEF709
:101E3000E1FB2B4B9FED267B05EBD47441EC160B9D
:101E400014F0020FA3F1700208BF1346E90726EE53
:101E5000077B27EE076B1FD404F0030402EBC404D6
:101E600093ED1A4B94ED002B93ED185B27EE027B5C
:101E700093ED163BA6EE045B27EE064B26EE046BB5
:101E8000A4EE037BA5EE067BB7EEC70B89E703B094
:101E9000BDE8304000F066B893ED142B26EE065BEB
:101EA00093ED127B93ED0E3BA6EE027B93ED0C0BB4
:101EB00093ED104BA6EE030B26EE056BA5EE040B7F
:101EC000A7EE060BB7EEC00B6BE700BFAFF30080C9
:101ED000182D4454FB21193C00260108A0250108B7
:101EE0007026010810B582B08DED010A044600F09D
:101EF00057F89DED010A046002B010BD30B1F1EE5B
:101F0000407A27EE800A2220FFF7ECBFF0EE407AFD
:101F100027EE800A2220FFF7E5BF00BF9FED010AF0
:101F2000FFF7ECBF000000109FED010AFFF7E6BFCE
:101F30000000201A9FED010AFFF7E0BF00000070CB
:101F40009FED070AFFEE007AB7EE007A00284FF007
:101F5000220047FE277A87EE800AFFF7C3BF00BF43
:101F60000000000070EE407AB4EE400A87EEA77AD7
:101F7000F1EE10FAB0EE470A02D62120FFF7B2BF09
:101F8000704700BF10B5054C13462CB10A460146F8
:101F90000220AFF3008010BD2046FCE700000000E7
:101FA000014B1868704700BF8004002470B50D4DC8
:101FB0000D4C641BA4100026A64209D10B4D0C4CFD
:101FC00000F0BEFB641BA4100026A64205D170BD24
:101FD00055F8043B98470136EEE755F8043B98471F
:101FE0000136F2E760270108602701086027010831
:101FF000842701080A44914200F1FF3300D1704761
:1020000010B511F8014B03F8014F9142F9D110BD01
:1020100002440346934200D1704703F8011BF9E7DD
:102020000054004000580040005C0040001C005874
:10203000000000400004004000080040000C004088
:1020400025002600270034003500470052005300C9
:102050008E000000010C020B020A020902080302B2
:10206000020C060A060B010401050108010901061C
:10207000010702000003010100070006020102043B
:102080000005000400010000030B06090002010E18
:10209000010F020202030000060000000C00000015
:1020A00012000000180000000001000006010000FE
:1020B0000C010000120100001801000000020000E5
:1020C000060200000C0200001202000018020000CC
:1020D00000030000060300000002030000000000EF
:1020E00001000000000000000000FA4500007A46F0
:1020F0000000FA4600803B470080BB47000000001C
:102100000102030401020304060708090002010298
:10211000000201020100020004000800100020007B
:1021200040008000000100020004000800100020B0
:1021300000400080000002580004025800080258C5
:10214000000C0258001002580014025800180258DF
:10215000001C02580020025800240258002802588F
:102160000000000000061016000610160B00FF000D
:10217000A8010024900100249C0100246001002497
:10218000CC010024B4010024C00100246C0100240F
:10219000F0010024D8010024E40100247801002487
:1021A0004C22002434220024402200241C2200243B
:1021B00070220024582200246422002428220024B3
:1021C00014020024FC0100240802002484010024DD
:1021D00001808080808080800480808080808080FA
:1021E00008808080808080801080808080808080D7
:1021F00020808080808080804000000000040810E3
:1022000020400000020408102040000000000000F0
:10221000000000000000F03F748515D3B0D9EF3FF7
:102220000F89F96C58B5EF3F515B12D00193EF3F26
:102230007B517D3CB872EF3FAAB968318754EF3FBC
:102240003862756E7A38EF3FE1DE1FF59D1EEF3F75
:1022500015B7310AFE06EF3FCBA93A37A7F1EE3F9B
:102260002234124CA6DEEE3F2D89616008CEEE3F8F
:10227000272A36D5DABFEE3F824F9D562BB4EE3F6C
:10228000295448DD07ABEE3F85553AB07EA4EE3FBA
:10229000CD3B7F669EA0EE3F745FECE8759FEE3FFE
:1022A0008701EB7314A1EE3F13CE4C9989A5EE3F45
:1022B000DBA02A42E5ACEE3FE5C5CDB037B7EE3F37
:1022C00090F0A38291C4EE3F5D253EB203D5EE3F70
:1022D000ADD35A999FE8EE3F475EFBF276FFEE3FA3
:1022E0009C5285DD9B19EF3F6990EFDC2037EF3F73
:1022F00087A4FBDC1858EF3F5F9B7B33977CEF3F55
:10230000DA90A4A2AFA4EF3F40456E5B76D0EF3FDA
:10231000000000000000E8429423914BF86AAC3FB3
:10232000F3C4FA50CEBFCE3FD6520CFF422EE63F4A
:102330000000000000003843FE822B65471547402F
:102340009423914BF86ABC3EF3C4FA50CEBF2E3FA3
:10235000D6520CFF422E963FBEF3F879EC61F63F61
:10236000DEAA8C80F77BD5BF3D88AF4AED71F53F83
:10237000DB6DC0A7F0BED2BFB010F0F03995F43FCE
:10238000673A517FAE1ED0BF8503B8B095C9F33F01
:10239000E92482A6D831CBBFA564880C190DF33F80
:1023A0005877C00A4F57C6BFA08E0B7B225EF23F04
:1023B00000819CC72BAAC1BF3F341A4A4ABBF13FD8
:1023C0005E0E8CCE764EBABFBAE58AF05823F13F46
:1023D000CC1C615A3C97B1BFA70099413F95F03F93
:1023E0001E0CE138F452A2BF000000000000F03FD4
:1023F0000000000000000000AC479AFD8C60EE3F3A
:102400008459F25DAAA5AA3FA06A021FB3A4EC3FBB
:10241000B42E36AA535EBC3FE6FC6A573620EB3F2B
:1024200008DB2077E526C53F2DAAA163D1C2E93F8D
:102430007047220D86C2CB3FED417803E686E83F28
:10244000E17EA0C88B05D13F624853F5DC67E73FCA
:1024500009EEB6573004D43FEF39FAFE422EE63F7C
:102460003483B848A30ED0BF6A0BE00B5B57D53F4F
:1024700023410AF2FEFFDFBFBEF3F879EC61F63FBD
:102480001930965BC6FEDEBF3D88AF4AED71F53F61
:10249000A4FCD432680BDBBFB010F0F03995F43FE8
:1024A0007BB71F0A8B41D7BF8503B8B095C9F33FEF
:1024B0007BCF6D1AE99DD3BFA564880C190DF33F3E
:1024C00031B6F2F39B1DD0BFA08E0B7B225EF23F94
:1024D000F07A3B1B1D7CC9BF3F341A4A4ABBF13F0F
:1024E0009F3CAF93E3F9C2BFBAE58AF05823F13FAE
:1024F0005C8D78BFCB60B9BFA70099413F95F03F95
:10250000CE5F47B69D6FAABF000000000000F03FFD
:102510000000000000000000AC479AFD8C60EE3F18
:102520003DF5249FCA38B33FA06A021FB3A4EC3F15
:10253000BA913854A976C43FE6FC6A573620EB3F7F
:10254000D2E4C44A0B84CE3F2DAAA163D1C2E93F95
:102550001C65C6F04506D43FED417803E686E83FAA
:10256000F89F1B2C9C8ED83F624853F5DC67E73FF1
:10257000CC7BB14EA4E0DC3F0B6E49C91676D23F4E
:102580007AC675A06919D7BFDDBAA76C0AC7DE3F46
:10259000C8F6BE484715E7BF2BB82A654715F73F71
:1025A000A2000000F9A2000083F9A2006E83F9A244
:1025B0004E6E83F9444E6E8315444E6E2915444E7B
:1025C000FC29154427FC29155727FC29D15727FC3E
:1025D000F5D1572734F5D157DD34F5D1C0DD34F5C9
:1025E000DBC0DD3462DBC0DD9562DBC0999562DB68
:1025F0003C999562433C999590433C994190433C6A
:10260000000000000000F03F000000000000F0BFEC
:10261000000000000000F0BF000000000000F03FDC
:1026200083C8C96D305F6441182D4454FB21F93FC4
:10263000000000000000F03F1C620CFDFFFFDFBF48
:10264000198F06E15355A53F9D359AE887C056BFBF
:10265000C3F87B024393F93E03A695595455C5BF71
:10266000C40B23057610813F24CF7437EB9429BF28
:10267000000000000000F03F000000000000F0BF7C
:10268000000000000000F0BF000000000000F03F6C
:1026900083C8C96D305F6441182D4454FB21F93F54
:1026A000000000000000F0BF1C620CFDFFFFDF3FD8
:1026B000198F06E15355A5BF9D359AE887C0563F4F
:1026C000C3F87B024393F9BE03A695595455C5BF81
:1026D000C40B23057610813F24CF7437EB9429BFB8
:1026E00000000000000000000000000000000000EA
:1026F00000000000000000000000000000000000DA
:1027000000000000000000000000000000000000C9
:1027100000000000000000000000000000000000B9
:1027200000000000000000000000000000000000A9
:102730000000000000000000000000000000000099
:10274000F8B500BFF8BC08BC9E467047F8B500BF9E
:08275000F8BC08BC9E4670476E
:0827580028DFFE7F01000000F4
:10276000BD020008710D000821220008F1300008A8
:102770001D370008F5420008D5CF0008CDD4000869
:0427800031E100083B
:0427840099020008AE
:1027880000000000000094420000000000007842B1
:102798000000000000009A420000000000004042D3
:1027A80000009442000000000000944200009E4295
:1027B8000000000000009442000000000000904269
:1027C80000000000000094420000000000004842A1
:1027D800000000000000A242000000000000784253
:1027E8000000944200000000000094420000A4424F
:1027F800000000000000A2420000000000009A4211
:102808000000000000007842000000000000A24222
:10281800000000000000AC420000000000009442EC
:1028280000009042000000000000904200008A4230
:1028380000000000000098420000000000009442E0
:102848000000944200009442000094420000944228
:102858000000000000000000000000000000000070
:102868000000000000000000000070420000644208
:102878000000000000005C4200000000000054421C
:10288800000000000100000010000000000000002F
:102898000000000000000000000000000000000030
:1028A8001000000000000000000000000000000010
:1028B8000000000000000000100000000000000000
:1028C8000000000000000000000000000000000000
:1028D8000090D0030090D003010000001000000019
:1028E800060A05000405000000000000010C0501AF
:1028F80004070109050000000004060000000000AC
:1029080000000000000408000000000000000000B3
:10291800010405000605060905000000010505007B
:102928000705000000000000060B05000505000073
:1029380000000000010E0502020500000000000072
:10294800020105010F05020305000000030305004D
:102958000000000000000000020B06010406000051
:1029680000000000020C060105070000000000003E
:10297800020A060000000000000000000104080030
:102988000608000000000000010508000708000014
:102998000000000000050800000000000000000022
:1029A800000000000000000000000000000000001F
:1029B800000000000000000001000000000000000E
:1029C80000000000000000000000000000000000FF
:1029D80000000000010000000000000000000000EE
:1029E80000000000000000000000000000000000DF
:1029F80001000000000000000000000000000000CE
:102A080000000000000000000000000001000000BD
:102A180000000000000000000000000000000000AE
:102A2800000000000000000001000000000000009D
:102A3800000000000000000000000000000000008E
:102A4800000000000100000000000000000000007D
:102A5800000000000000000000000000000000006E
:102A6800010000000000000000000000000000005D
:102A7800000000000000000000000000010000004D
:102A8800000000000000000000000000000000003E
:102A9800000000000000000001000000000000002D
:102AA800000000000000000000000000000000001E
:102AB800000000000100000000000000000000000D
:102AC80000000000000000000000000000000000FE
:102AD80001000000000000000000000000000000ED
:102AE80000000000000000000000000001000000DD
:102AF80000000000000000000000000000000000CE
:102B080000000000000000000100000001070800AC
:102B1800000000000000000001060800000000009E
:102B2800000000000B00FF00380400242C040024DF
:102B38005004002444040024680400245C04002495
:102B4800FC030024F00300241404002408040024D7
:102B5800483300247404002420040024243300246F
:102B68003C33002430330024980300248C030024D1
:102B7800010808020B08000108000000010908020A
:102B88000A08000008000000010C0E0302080105F5
:102B98000E000000020C0801060E000000000000F4
:102BA80001040B00000000000000000001070701FD
:102BB8000F04000000000000010607010E040000D9
:102BC80000000000000307000000000000000000F3
:102BD800000207000000000000000000020B0700D0
:102BE8000000000000000000020A070000000000CA
:102BF80000000000060907000000000000000000B7
:102C08008404002400000000002701082027010890
:102C1800E02601080000000000000000000000009D
:102C2800000000000000000000000000000000009C
:102C3800000000000000000000000000000000008C
:102C4800000000000000000000000000000000007C
:102C5800000000000000000000000000000000006C
:042C68000000000068
:04000005080009598D
:00000001FF
