ARM GAS  C:\Users\paulb\AppData\Local\Temp\ccttbNhd.s 			page 1


   1              		.cpu cortex-m7
   2              		.eabi_attribute 28, 1
   3              		.eabi_attribute 20, 1
   4              		.eabi_attribute 21, 1
   5              		.eabi_attribute 23, 3
   6              		.eabi_attribute 24, 1
   7              		.eabi_attribute 25, 1
   8              		.eabi_attribute 26, 1
   9              		.eabi_attribute 30, 2
  10              		.eabi_attribute 34, 1
  11              		.eabi_attribute 18, 4
  12              		.file	"bpmFrog.cpp"
  13              		.text
  14              	.Ltext0:
  15              		.cfi_sections	.debug_frame
  16              		.section	.text._ZN5daisy9DaisySeedD2Ev,"axG",%progbits,_ZN5daisy9DaisySeedD5Ev,comdat
  17              		.align	1
  18              		.p2align 2,,3
  19              		.weak	_ZN5daisy9DaisySeedD2Ev
  20              		.arch armv7e-m
  21              		.syntax unified
  22              		.thumb
  23              		.thumb_func
  24              		.fpu fpv5-d16
  26              	_ZN5daisy9DaisySeedD2Ev:
  27              	.LVL0:
  28              	.LFB2555:
  29              		.file 1 "../../libDaisy/src/daisy_seed.h"
   1:../../libDaisy/src/daisy_seed.h **** #pragma once
   2:../../libDaisy/src/daisy_seed.h **** #ifndef DSY_SEED_H
   3:../../libDaisy/src/daisy_seed.h **** #define DSY_SEED_H
   4:../../libDaisy/src/daisy_seed.h **** 
   5:../../libDaisy/src/daisy_seed.h **** #include "daisy.h"
   6:../../libDaisy/src/daisy_seed.h **** 
   7:../../libDaisy/src/daisy_seed.h **** //Uncomment this out if you're still using the rev2 hardware
   8:../../libDaisy/src/daisy_seed.h **** //#define SEED_REV2
   9:../../libDaisy/src/daisy_seed.h **** 
  10:../../libDaisy/src/daisy_seed.h **** namespace daisy
  11:../../libDaisy/src/daisy_seed.h **** {
  12:../../libDaisy/src/daisy_seed.h **** /**
  13:../../libDaisy/src/daisy_seed.h ****    @brief This is the higher-level interface for the Daisy board. \n 
  14:../../libDaisy/src/daisy_seed.h ****     All basic peripheral configuration/initialization is setup here. \n
  15:../../libDaisy/src/daisy_seed.h **** 
  16:../../libDaisy/src/daisy_seed.h ****    @ingroup boards
  17:../../libDaisy/src/daisy_seed.h **** */
  18:../../libDaisy/src/daisy_seed.h **** class DaisySeed
  19:../../libDaisy/src/daisy_seed.h **** {
  20:../../libDaisy/src/daisy_seed.h ****   public:
  21:../../libDaisy/src/daisy_seed.h ****     DaisySeed() {}
  22:../../libDaisy/src/daisy_seed.h ****     ~DaisySeed() {}
  30              		.loc 1 22 5 view -0
  31              		.cfi_startproc
  32              		@ args = 0, pretend = 0, frame = 0
  33              		@ frame_needed = 0, uses_anonymous_args = 0
  34              		@ link register save eliminated.
  35              	.LBB87:
  36              	.LBI87:
ARM GAS  C:\Users\paulb\AppData\Local\Temp\ccttbNhd.s 			page 2


  37              		.file 2 "../../libDaisy/src/sys/system.h"
   1:../../libDaisy/src/sys/system.h **** #ifndef DSY_SYSTEM_H
   2:../../libDaisy/src/sys/system.h **** #define DSY_SYSTEM_H
   3:../../libDaisy/src/sys/system.h **** 
   4:../../libDaisy/src/sys/system.h **** #ifndef UNIT_TEST // for unit tests, a dummy implementation is provided below
   5:../../libDaisy/src/sys/system.h **** 
   6:../../libDaisy/src/sys/system.h **** #include <cstdint>
   7:../../libDaisy/src/sys/system.h **** #include "per/tim.h"
   8:../../libDaisy/src/sys/system.h **** 
   9:../../libDaisy/src/sys/system.h **** namespace daisy
  10:../../libDaisy/src/sys/system.h **** {
  11:../../libDaisy/src/sys/system.h **** /** A handle for interacting with the Core System.
  12:../../libDaisy/src/sys/system.h ****  ** This includes the Clock tree, MPU, global DMA initialization,
  13:../../libDaisy/src/sys/system.h ****  ** cache handling, and any other necessary global initiailzation
  14:../../libDaisy/src/sys/system.h ****  **
  15:../../libDaisy/src/sys/system.h ****  ** @author shensley
  16:../../libDaisy/src/sys/system.h ****  ** @ingroup system
  17:../../libDaisy/src/sys/system.h ****  */
  18:../../libDaisy/src/sys/system.h **** class System
  19:../../libDaisy/src/sys/system.h **** {
  20:../../libDaisy/src/sys/system.h ****   public:
  21:../../libDaisy/src/sys/system.h ****     /** Contains settings for initializing the System */
  22:../../libDaisy/src/sys/system.h ****     struct Config
  23:../../libDaisy/src/sys/system.h ****     {
  24:../../libDaisy/src/sys/system.h ****         /** Specifies the system clock frequency that feeds APB/AHB clocks, etc. */
  25:../../libDaisy/src/sys/system.h ****         enum class SysClkFreq
  26:../../libDaisy/src/sys/system.h ****         {
  27:../../libDaisy/src/sys/system.h ****             FREQ_400MHZ,
  28:../../libDaisy/src/sys/system.h ****             FREQ_480MHZ,
  29:../../libDaisy/src/sys/system.h ****         };
  30:../../libDaisy/src/sys/system.h **** 
  31:../../libDaisy/src/sys/system.h ****         /** Method to call on the struct to set to defaults
  32:../../libDaisy/src/sys/system.h ****          ** CPU Freq set to 400MHz
  33:../../libDaisy/src/sys/system.h ****          ** Cache Enabled
  34:../../libDaisy/src/sys/system.h ****          ** */
  35:../../libDaisy/src/sys/system.h ****         void Defaults()
  36:../../libDaisy/src/sys/system.h ****         {
  37:../../libDaisy/src/sys/system.h ****             cpu_freq    = SysClkFreq::FREQ_400MHZ;
  38:../../libDaisy/src/sys/system.h ****             use_dcache  = true;
  39:../../libDaisy/src/sys/system.h ****             use_icache  = true;
  40:../../libDaisy/src/sys/system.h ****             skip_clocks = false;
  41:../../libDaisy/src/sys/system.h ****         }
  42:../../libDaisy/src/sys/system.h **** 
  43:../../libDaisy/src/sys/system.h ****         /** Method to call on the struct to set to boost mode:
  44:../../libDaisy/src/sys/system.h ****          ** CPU Freq set to 480MHz
  45:../../libDaisy/src/sys/system.h ****          ** Cache Enabled
  46:../../libDaisy/src/sys/system.h ****          ** */
  47:../../libDaisy/src/sys/system.h ****         void Boost()
  48:../../libDaisy/src/sys/system.h ****         {
  49:../../libDaisy/src/sys/system.h ****             cpu_freq    = SysClkFreq::FREQ_480MHZ;
  50:../../libDaisy/src/sys/system.h ****             use_dcache  = true;
  51:../../libDaisy/src/sys/system.h ****             use_icache  = true;
  52:../../libDaisy/src/sys/system.h ****             skip_clocks = false;
  53:../../libDaisy/src/sys/system.h ****         }
  54:../../libDaisy/src/sys/system.h **** 
  55:../../libDaisy/src/sys/system.h ****         SysClkFreq cpu_freq;
  56:../../libDaisy/src/sys/system.h ****         bool       use_dcache;
ARM GAS  C:\Users\paulb\AppData\Local\Temp\ccttbNhd.s 			page 3


  57:../../libDaisy/src/sys/system.h ****         bool       use_icache;
  58:../../libDaisy/src/sys/system.h ****         bool       skip_clocks;
  59:../../libDaisy/src/sys/system.h ****     };
  60:../../libDaisy/src/sys/system.h **** 
  61:../../libDaisy/src/sys/system.h ****     /** Describes the different regions of memory available to the Daisy */
  62:../../libDaisy/src/sys/system.h ****     enum MemoryRegion
  63:../../libDaisy/src/sys/system.h ****     {
  64:../../libDaisy/src/sys/system.h ****         INTERNAL_FLASH = 0,
  65:../../libDaisy/src/sys/system.h ****         ITCMRAM,
  66:../../libDaisy/src/sys/system.h ****         DTCMRAM,
  67:../../libDaisy/src/sys/system.h ****         SRAM_D1,
  68:../../libDaisy/src/sys/system.h ****         SRAM_D2,
  69:../../libDaisy/src/sys/system.h ****         SRAM_D3,
  70:../../libDaisy/src/sys/system.h ****         SDRAM,
  71:../../libDaisy/src/sys/system.h ****         QSPI,
  72:../../libDaisy/src/sys/system.h ****         INVALID_ADDRESS,
  73:../../libDaisy/src/sys/system.h ****     };
  74:../../libDaisy/src/sys/system.h **** 
  75:../../libDaisy/src/sys/system.h ****     /** Bootloader struct for controlling bootloading parameters */
  76:../../libDaisy/src/sys/system.h ****     struct BootInfo
  77:../../libDaisy/src/sys/system.h ****     {
  78:../../libDaisy/src/sys/system.h ****         enum class Type : uint32_t
  79:../../libDaisy/src/sys/system.h ****         {
  80:../../libDaisy/src/sys/system.h ****             INVALID      = 0x00000000,
  81:../../libDaisy/src/sys/system.h ****             JUMP         = 0xDEADBEEF,
  82:../../libDaisy/src/sys/system.h ****             SKIP_TIMEOUT = 0x5AFEB007,
  83:../../libDaisy/src/sys/system.h ****             INF_TIMEOUT  = 0xB0074EFA,
  84:../../libDaisy/src/sys/system.h ****         } status;
  85:../../libDaisy/src/sys/system.h ****         uint32_t data;
  86:../../libDaisy/src/sys/system.h ****         enum class Version : uint32_t
  87:../../libDaisy/src/sys/system.h ****         {
  88:../../libDaisy/src/sys/system.h ****             LT_v6_0 = 0, // Less than v6.0
  89:../../libDaisy/src/sys/system.h ****             NONE,        // No bootloader present
  90:../../libDaisy/src/sys/system.h ****             v6_0,        // v6.0
  91:../../libDaisy/src/sys/system.h ****             v6_1,        // v6.1 or greater
  92:../../libDaisy/src/sys/system.h ****             LAST
  93:../../libDaisy/src/sys/system.h ****         } version;
  94:../../libDaisy/src/sys/system.h ****     };
  95:../../libDaisy/src/sys/system.h **** 
  96:../../libDaisy/src/sys/system.h ****     System() {}
  97:../../libDaisy/src/sys/system.h ****     ~System() {}
  38              		.loc 2 97 5 view .LVU1
  39              		.loc 2 97 5 is_stmt 0 view .LVU2
  40              	.LBE87:
  41              	.LBB88:
  42              	.LBI88:
  43              		.file 3 "../../libDaisy/src/hid/usb.h"
   1:../../libDaisy/src/hid/usb.h **** #pragma once
   2:../../libDaisy/src/hid/usb.h **** #ifndef DSY_HID_USB_H
   3:../../libDaisy/src/hid/usb.h **** #define DSY_HID_USB_H
   4:../../libDaisy/src/hid/usb.h **** #include <stdint.h>
   5:../../libDaisy/src/hid/usb.h **** #include <stdlib.h>
   6:../../libDaisy/src/hid/usb.h **** 
   7:../../libDaisy/src/hid/usb.h **** namespace daisy
   8:../../libDaisy/src/hid/usb.h **** /** @addtogroup human_interface
   9:../../libDaisy/src/hid/usb.h ****     @{
  10:../../libDaisy/src/hid/usb.h **** */
ARM GAS  C:\Users\paulb\AppData\Local\Temp\ccttbNhd.s 			page 4


  11:../../libDaisy/src/hid/usb.h **** 
  12:../../libDaisy/src/hid/usb.h **** {
  13:../../libDaisy/src/hid/usb.h **** /** 
  14:../../libDaisy/src/hid/usb.h ****     @brief Interface for initializing and using the USB Peripherals on the daisy
  15:../../libDaisy/src/hid/usb.h ****     @author Stephen Hensley
  16:../../libDaisy/src/hid/usb.h ****     @date December 2019
  17:../../libDaisy/src/hid/usb.h **** */
  18:../../libDaisy/src/hid/usb.h **** class UsbHandle
  19:../../libDaisy/src/hid/usb.h **** {
  20:../../libDaisy/src/hid/usb.h ****   public:
  21:../../libDaisy/src/hid/usb.h ****     /** Return values for USBHandle Functions */
  22:../../libDaisy/src/hid/usb.h ****     enum class Result
  23:../../libDaisy/src/hid/usb.h ****     {
  24:../../libDaisy/src/hid/usb.h ****         OK,
  25:../../libDaisy/src/hid/usb.h ****         ERR,
  26:../../libDaisy/src/hid/usb.h ****     };
  27:../../libDaisy/src/hid/usb.h **** 
  28:../../libDaisy/src/hid/usb.h ****     /** Specified which of the two USB Peripherals to initialize. */
  29:../../libDaisy/src/hid/usb.h ****     enum UsbPeriph
  30:../../libDaisy/src/hid/usb.h ****     {
  31:../../libDaisy/src/hid/usb.h ****         FS_INTERNAL, /**< Internal pin */
  32:../../libDaisy/src/hid/usb.h ****         FS_EXTERNAL, /**< FS External D+ pin is Pin 38 (GPIO32). FS External D- pin is Pin 37 (GPIO
  33:../../libDaisy/src/hid/usb.h ****         FS_BOTH,     /**< Both */
  34:../../libDaisy/src/hid/usb.h ****     };
  35:../../libDaisy/src/hid/usb.h **** 
  36:../../libDaisy/src/hid/usb.h **** 
  37:../../libDaisy/src/hid/usb.h ****     /** Function called upon reception of a buffer */
  38:../../libDaisy/src/hid/usb.h ****     typedef void (*ReceiveCallback)(uint8_t* buff, uint32_t* len);
  39:../../libDaisy/src/hid/usb.h **** 
  40:../../libDaisy/src/hid/usb.h ****     UsbHandle() {}
  41:../../libDaisy/src/hid/usb.h **** 
  42:../../libDaisy/src/hid/usb.h ****     ~UsbHandle() {}
  44              		.loc 3 42 5 is_stmt 1 view .LVU3
  45              		.loc 3 42 5 is_stmt 0 view .LVU4
  46              	.LBE88:
  47              	.LBB89:
  48              	.LBI89:
  49              		.file 4 "../../libDaisy/src/per/adc.h"
   1:../../libDaisy/src/per/adc.h **** #pragma once
   2:../../libDaisy/src/per/adc.h **** #ifndef DSY_ADC_H
   3:../../libDaisy/src/per/adc.h **** #define DSY_ADC_H /**< Macro */
   4:../../libDaisy/src/per/adc.h **** #include <stdint.h>
   5:../../libDaisy/src/per/adc.h **** #include <stdlib.h>
   6:../../libDaisy/src/per/adc.h **** #include "daisy_core.h"
   7:../../libDaisy/src/per/adc.h **** #include "per/gpio.h"
   8:../../libDaisy/src/per/adc.h **** 
   9:../../libDaisy/src/per/adc.h **** #define DSY_ADC_MAX_CHANNELS 16 /**< Maximum number of ADC channels */
  10:../../libDaisy/src/per/adc.h **** 
  11:../../libDaisy/src/per/adc.h **** namespace daisy
  12:../../libDaisy/src/per/adc.h **** {
  13:../../libDaisy/src/per/adc.h **** /** @addtogroup per_analog
  14:../../libDaisy/src/per/adc.h ****     @{
  15:../../libDaisy/src/per/adc.h **** */
  16:../../libDaisy/src/per/adc.h **** 
  17:../../libDaisy/src/per/adc.h **** /* While there may not be many configuration options here,
  18:../../libDaisy/src/per/adc.h **** using a struct like this allows us to add more configuration
  19:../../libDaisy/src/per/adc.h **** later without breaking existing functionality.
ARM GAS  C:\Users\paulb\AppData\Local\Temp\ccttbNhd.s 			page 5


  20:../../libDaisy/src/per/adc.h **** */
  21:../../libDaisy/src/per/adc.h **** 
  22:../../libDaisy/src/per/adc.h **** /** @brief   Configuration Structure for an ADC Channel 
  23:../../libDaisy/src/per/adc.h ****  *  @details This can be used to configure a a single input, 
  24:../../libDaisy/src/per/adc.h ****  *           or a multiplexed input, allowing up to 8 inputs on 
  25:../../libDaisy/src/per/adc.h ****  *           one channel.
  26:../../libDaisy/src/per/adc.h ****  *  @note    Sharing data lines to multiple muxes _is_ possible, but
  27:../../libDaisy/src/per/adc.h ****  *           each channel sharing data lines must be set to the maximum
  28:../../libDaisy/src/per/adc.h ****  *           number of channels, even if some multiplexers have fewer
  29:../../libDaisy/src/per/adc.h ****  *           inputs connected.
  30:../../libDaisy/src/per/adc.h **** */
  31:../../libDaisy/src/per/adc.h **** struct AdcChannelConfig
  32:../../libDaisy/src/per/adc.h **** {
  33:../../libDaisy/src/per/adc.h ****     /** Which pin to use for multiplexing */
  34:../../libDaisy/src/per/adc.h ****     enum MuxPin
  35:../../libDaisy/src/per/adc.h ****     {
  36:../../libDaisy/src/per/adc.h ****         MUX_SEL_0,    /**< & */
  37:../../libDaisy/src/per/adc.h ****         MUX_SEL_1,    /**< & */
  38:../../libDaisy/src/per/adc.h ****         MUX_SEL_2,    /**< & */
  39:../../libDaisy/src/per/adc.h ****         MUX_SEL_LAST, /**< & */
  40:../../libDaisy/src/per/adc.h ****     };
  41:../../libDaisy/src/per/adc.h **** 
  42:../../libDaisy/src/per/adc.h ****     /** \brief per channel conversion speed added to fixed time based on bitdepth, etc. */
  43:../../libDaisy/src/per/adc.h ****     enum ConversionSpeed
  44:../../libDaisy/src/per/adc.h ****     {
  45:../../libDaisy/src/per/adc.h ****         SPEED_1CYCLES_5,
  46:../../libDaisy/src/per/adc.h ****         SPEED_2CYCLES_5,
  47:../../libDaisy/src/per/adc.h ****         SPEED_8CYCLES_5,
  48:../../libDaisy/src/per/adc.h ****         SPEED_16CYCLES_5,
  49:../../libDaisy/src/per/adc.h ****         SPEED_32CYCLES_5,
  50:../../libDaisy/src/per/adc.h ****         SPEED_64CYCLES_5,
  51:../../libDaisy/src/per/adc.h ****         SPEED_387CYCLES_5,
  52:../../libDaisy/src/per/adc.h ****         SPEED_810CYCLES_5,
  53:../../libDaisy/src/per/adc.h ****     };
  54:../../libDaisy/src/per/adc.h **** 
  55:../../libDaisy/src/per/adc.h ****     /** Initializes a single ADC pin as an ADC. 
  56:../../libDaisy/src/per/adc.h ****     \param pin Pin to init.
  57:../../libDaisy/src/per/adc.h ****     \param speed conversion speed for this pin defaults to 8.5 cycles
  58:../../libDaisy/src/per/adc.h ****      */
  59:../../libDaisy/src/per/adc.h ****     void InitSingle(dsy_gpio_pin pin, ConversionSpeed speed = SPEED_8CYCLES_5);
  60:../../libDaisy/src/per/adc.h **** 
  61:../../libDaisy/src/per/adc.h ****     /** 
  62:../../libDaisy/src/per/adc.h ****     Initializes a single ADC pin as a Multiplexed ADC.
  63:../../libDaisy/src/per/adc.h ****     Requires a CD405X Multiplexer connected to the pin.
  64:../../libDaisy/src/per/adc.h ****     You only need to supply the mux pins that are required,
  65:../../libDaisy/src/per/adc.h ****     e.g. a 4052 mux would only require mux_0 and mux_1.
  66:../../libDaisy/src/per/adc.h ****     Internal Callbacks handle the pin addressing.
  67:../../libDaisy/src/per/adc.h ****     \param adc_pin &
  68:../../libDaisy/src/per/adc.h ****     \param mux_channels must be 1-8
  69:../../libDaisy/src/per/adc.h ****     \param mux_0 First mux pin
  70:../../libDaisy/src/per/adc.h ****     \param mux_1 Second mux pin
  71:../../libDaisy/src/per/adc.h ****     \param mux_2 Third mux pin
  72:../../libDaisy/src/per/adc.h ****     \param speed conversion speed for this pin defaults to 8.5 cycles
  73:../../libDaisy/src/per/adc.h ****     */
  74:../../libDaisy/src/per/adc.h ****     void InitMux(dsy_gpio_pin    adc_pin,
  75:../../libDaisy/src/per/adc.h ****                  size_t          mux_channels,
  76:../../libDaisy/src/per/adc.h ****                  dsy_gpio_pin    mux_0,
ARM GAS  C:\Users\paulb\AppData\Local\Temp\ccttbNhd.s 			page 6


  77:../../libDaisy/src/per/adc.h ****                  dsy_gpio_pin    mux_1 = {DSY_GPIOX, 0},
  78:../../libDaisy/src/per/adc.h ****                  dsy_gpio_pin    mux_2 = {DSY_GPIOX, 0},
  79:../../libDaisy/src/per/adc.h ****                  ConversionSpeed speed = SPEED_8CYCLES_5);
  80:../../libDaisy/src/per/adc.h **** 
  81:../../libDaisy/src/per/adc.h ****     dsy_gpio        pin_;                   /**< & */
  82:../../libDaisy/src/per/adc.h ****     dsy_gpio        mux_pin_[MUX_SEL_LAST]; /**< & */
  83:../../libDaisy/src/per/adc.h ****     uint8_t         mux_channels_;          /**< & */
  84:../../libDaisy/src/per/adc.h ****     ConversionSpeed speed_;
  85:../../libDaisy/src/per/adc.h **** };
  86:../../libDaisy/src/per/adc.h **** 
  87:../../libDaisy/src/per/adc.h **** /**
  88:../../libDaisy/src/per/adc.h ****    @brief Handler for analog to digital conversion
  89:../../libDaisy/src/per/adc.h **** */
  90:../../libDaisy/src/per/adc.h **** class AdcHandle
  91:../../libDaisy/src/per/adc.h **** {
  92:../../libDaisy/src/per/adc.h ****   public:
  93:../../libDaisy/src/per/adc.h ****     /** Supported oversampling amounts */
  94:../../libDaisy/src/per/adc.h ****     enum OverSampling
  95:../../libDaisy/src/per/adc.h ****     {
  96:../../libDaisy/src/per/adc.h ****         OVS_NONE, /**< & */
  97:../../libDaisy/src/per/adc.h ****         OVS_4,    /**< & */
  98:../../libDaisy/src/per/adc.h ****         OVS_8,    /**< & */
  99:../../libDaisy/src/per/adc.h ****         OVS_16,   /**< & */
 100:../../libDaisy/src/per/adc.h ****         OVS_32,   /**< & */
 101:../../libDaisy/src/per/adc.h ****         OVS_64,   /**< & */
 102:../../libDaisy/src/per/adc.h ****         OVS_128,  /**< & */
 103:../../libDaisy/src/per/adc.h ****         OVS_256,  /**< & */
 104:../../libDaisy/src/per/adc.h ****         OVS_512,  /**< & */
 105:../../libDaisy/src/per/adc.h ****         OVS_1024, /**< & */
 106:../../libDaisy/src/per/adc.h ****         OVS_LAST, /**< & */
 107:../../libDaisy/src/per/adc.h ****     };
 108:../../libDaisy/src/per/adc.h **** 
 109:../../libDaisy/src/per/adc.h ****     AdcHandle() {}
 110:../../libDaisy/src/per/adc.h ****     ~AdcHandle() {}
  50              		.loc 4 110 5 is_stmt 1 view .LVU5
  51              		.loc 4 110 5 is_stmt 0 view .LVU6
  52              	.LBE89:
  53              	.LBB90:
  54              	.LBI90:
  55              		.file 5 "../../libDaisy/src/hid/audio.h"
   1:../../libDaisy/src/hid/audio.h **** #ifndef DSY_AUDIO_H
   2:../../libDaisy/src/hid/audio.h **** #define DSY_AUDIO_H /**< & */
   3:../../libDaisy/src/hid/audio.h **** 
   4:../../libDaisy/src/hid/audio.h **** #include "per/sai.h"
   5:../../libDaisy/src/hid/audio.h **** 
   6:../../libDaisy/src/hid/audio.h **** namespace daisy
   7:../../libDaisy/src/hid/audio.h **** {
   8:../../libDaisy/src/hid/audio.h **** /** @brief Audio Engine Handle
   9:../../libDaisy/src/hid/audio.h ****  *  @ingroup audio 
  10:../../libDaisy/src/hid/audio.h ****  *  @details This class allows for higher level access to an audio engine.
  11:../../libDaisy/src/hid/audio.h ****  *           If you're using a SOM like the DaisySeed or DaisyPatchSM (or any 
  12:../../libDaisy/src/hid/audio.h ****  *            board that includes one of those objects) then the intialization
  13:../../libDaisy/src/hid/audio.h ****  *            is already taken  care of.
  14:../../libDaisy/src/hid/audio.h ****  *           If you're setting up your own custom hardware, or need to make changes
  15:../../libDaisy/src/hid/audio.h ****  *           you will have to take the following steps:
  16:../../libDaisy/src/hid/audio.h ****  *             1. Create and Initialize an SaiHandle or two depending on your requirements
  17:../../libDaisy/src/hid/audio.h ****  *             2. Initialize the Audio Handle with the desired settings and the Initialized SaiHand
ARM GAS  C:\Users\paulb\AppData\Local\Temp\ccttbNhd.s 			page 7


  18:../../libDaisy/src/hid/audio.h ****  *             3. If the connected codec requires special configuration or initialization, do so
  19:../../libDaisy/src/hid/audio.h ****  *             4. Write a callback method using either the AudioCallback or the InterleavingAudioCa
  20:../../libDaisy/src/hid/audio.h ****  *             5. Start the Audio using one of the StartAudio function
  21:../../libDaisy/src/hid/audio.h ****  */
  22:../../libDaisy/src/hid/audio.h **** class AudioHandle
  23:../../libDaisy/src/hid/audio.h **** {
  24:../../libDaisy/src/hid/audio.h ****   public:
  25:../../libDaisy/src/hid/audio.h ****     /** Manually configurable details about the Audio Engine */
  26:../../libDaisy/src/hid/audio.h ****     /** TODO: Figure out how to get samplerate in here. */
  27:../../libDaisy/src/hid/audio.h ****     struct Config
  28:../../libDaisy/src/hid/audio.h ****     {
  29:../../libDaisy/src/hid/audio.h ****         /** number of samples to process per callback */
  30:../../libDaisy/src/hid/audio.h ****         size_t blocksize;
  31:../../libDaisy/src/hid/audio.h **** 
  32:../../libDaisy/src/hid/audio.h ****         /**< Sample rate of audio */
  33:../../libDaisy/src/hid/audio.h ****         SaiHandle::Config::SampleRate samplerate;
  34:../../libDaisy/src/hid/audio.h **** 
  35:../../libDaisy/src/hid/audio.h ****         /** factor for adjustment before and after callback for hardware that may have extra headro
  36:../../libDaisy/src/hid/audio.h ****         float postgain;
  37:../../libDaisy/src/hid/audio.h **** 
  38:../../libDaisy/src/hid/audio.h ****         /** factor for additional one-sided compensation to audio path for hardware that may
  39:../../libDaisy/src/hid/audio.h ****          *  have unequal input/output ranges
  40:../../libDaisy/src/hid/audio.h ****          */
  41:../../libDaisy/src/hid/audio.h ****         float output_compensation;
  42:../../libDaisy/src/hid/audio.h **** 
  43:../../libDaisy/src/hid/audio.h ****         /** Sets default values for config struct */
  44:../../libDaisy/src/hid/audio.h ****         Config()
  45:../../libDaisy/src/hid/audio.h ****         : blocksize(48),
  46:../../libDaisy/src/hid/audio.h ****           samplerate(SaiHandle::Config::SampleRate::SAI_48KHZ),
  47:../../libDaisy/src/hid/audio.h ****           postgain(1.f),
  48:../../libDaisy/src/hid/audio.h ****           output_compensation(1.f)
  49:../../libDaisy/src/hid/audio.h ****         {
  50:../../libDaisy/src/hid/audio.h ****         }
  51:../../libDaisy/src/hid/audio.h ****     };
  52:../../libDaisy/src/hid/audio.h **** 
  53:../../libDaisy/src/hid/audio.h ****     enum class Result
  54:../../libDaisy/src/hid/audio.h ****     {
  55:../../libDaisy/src/hid/audio.h ****         OK,
  56:../../libDaisy/src/hid/audio.h ****         ERR,
  57:../../libDaisy/src/hid/audio.h ****     };
  58:../../libDaisy/src/hid/audio.h **** 
  59:../../libDaisy/src/hid/audio.h ****     /** Non-Interleaving input buffer
  60:../../libDaisy/src/hid/audio.h ****      * Buffer arranged by float[chn][sample] 
  61:../../libDaisy/src/hid/audio.h ****      * const so that the user can't modify the input
  62:../../libDaisy/src/hid/audio.h ****      */
  63:../../libDaisy/src/hid/audio.h ****     typedef const float* const* InputBuffer;
  64:../../libDaisy/src/hid/audio.h **** 
  65:../../libDaisy/src/hid/audio.h ****     /** Non-Interleaving output buffer
  66:../../libDaisy/src/hid/audio.h ****      * Arranged by float[chn][sample] 
  67:../../libDaisy/src/hid/audio.h ****      */
  68:../../libDaisy/src/hid/audio.h ****     typedef float** OutputBuffer;
  69:../../libDaisy/src/hid/audio.h **** 
  70:../../libDaisy/src/hid/audio.h ****     /** Type for a Non-Interleaving audio callback 
  71:../../libDaisy/src/hid/audio.h ****      * Non-Interleaving audio callbacks in daisy will be of this type
  72:../../libDaisy/src/hid/audio.h ****      */
  73:../../libDaisy/src/hid/audio.h ****     typedef void (*AudioCallback)(InputBuffer  in,
  74:../../libDaisy/src/hid/audio.h ****                                   OutputBuffer out,
ARM GAS  C:\Users\paulb\AppData\Local\Temp\ccttbNhd.s 			page 8


  75:../../libDaisy/src/hid/audio.h ****                                   size_t       size);
  76:../../libDaisy/src/hid/audio.h **** 
  77:../../libDaisy/src/hid/audio.h ****     /** Interleaving Input buffer
  78:../../libDaisy/src/hid/audio.h ****      ** audio is prepared as { L0, R0, L1, R1, . . . LN, RN }]
  79:../../libDaisy/src/hid/audio.h ****      ** this is const, as the user shouldn't modify it
  80:../../libDaisy/src/hid/audio.h ****     */
  81:../../libDaisy/src/hid/audio.h ****     typedef const float* InterleavingInputBuffer;
  82:../../libDaisy/src/hid/audio.h **** 
  83:../../libDaisy/src/hid/audio.h ****     /** Interleaving Output buffer 
  84:../../libDaisy/src/hid/audio.h ****      ** audio is prepared as { L0, R0, L1, R1, . . . LN, RN }
  85:../../libDaisy/src/hid/audio.h ****     */
  86:../../libDaisy/src/hid/audio.h ****     typedef float* InterleavingOutputBuffer;
  87:../../libDaisy/src/hid/audio.h **** 
  88:../../libDaisy/src/hid/audio.h ****     /** Interleaving Audio Callback 
  89:../../libDaisy/src/hid/audio.h ****      * Interleaving audio callbacks in daisy must be of this type
  90:../../libDaisy/src/hid/audio.h ****      */
  91:../../libDaisy/src/hid/audio.h ****     typedef void (*InterleavingAudioCallback)(InterleavingInputBuffer  in,
  92:../../libDaisy/src/hid/audio.h ****                                               InterleavingOutputBuffer out,
  93:../../libDaisy/src/hid/audio.h ****                                               size_t                   size);
  94:../../libDaisy/src/hid/audio.h **** 
  95:../../libDaisy/src/hid/audio.h ****     AudioHandle() : pimpl_(nullptr) {}
  96:../../libDaisy/src/hid/audio.h ****     ~AudioHandle() {}
  56              		.loc 5 96 5 is_stmt 1 view .LVU7
  57              		.loc 5 96 5 is_stmt 0 view .LVU8
  58              	.LBE90:
  59              		.loc 1 22 19 view .LVU9
  60 0000 7047     		bx	lr
  61              		.cfi_endproc
  62              	.LFE2555:
  64              		.weak	_ZN5daisy9DaisySeedD1Ev
  65              		.thumb_set _ZN5daisy9DaisySeedD1Ev,_ZN5daisy9DaisySeedD2Ev
  66 0002 00BF     		.section	.text._ZN7daisysp10OscillatorD2Ev,"axG",%progbits,_ZN7daisysp10OscillatorD5Ev,comdat
  67              		.align	1
  68              		.p2align 2,,3
  69              		.weak	_ZN7daisysp10OscillatorD2Ev
  70              		.syntax unified
  71              		.thumb
  72              		.thumb_func
  73              		.fpu fpv5-d16
  75              	_ZN7daisysp10OscillatorD2Ev:
  76              	.LVL1:
  77              	.LFB4240:
  78              		.file 6 "../../DaisySP/Source/Synthesis/oscillator.h"
   1:../../DaisySP/Source/Synthesis/oscillator.h **** /*
   2:../../DaisySP/Source/Synthesis/oscillator.h **** Copyright (c) 2020 Electrosmith, Corp
   3:../../DaisySP/Source/Synthesis/oscillator.h **** 
   4:../../DaisySP/Source/Synthesis/oscillator.h **** Use of this source code is governed by an MIT-style
   5:../../DaisySP/Source/Synthesis/oscillator.h **** license that can be found in the LICENSE file or at
   6:../../DaisySP/Source/Synthesis/oscillator.h **** https://opensource.org/licenses/MIT.
   7:../../DaisySP/Source/Synthesis/oscillator.h **** */
   8:../../DaisySP/Source/Synthesis/oscillator.h **** 
   9:../../DaisySP/Source/Synthesis/oscillator.h **** #pragma once
  10:../../DaisySP/Source/Synthesis/oscillator.h **** #ifndef DSY_OSCILLATOR_H
  11:../../DaisySP/Source/Synthesis/oscillator.h **** #define DSY_OSCILLATOR_H
  12:../../DaisySP/Source/Synthesis/oscillator.h **** #include <stdint.h>
  13:../../DaisySP/Source/Synthesis/oscillator.h **** #include "Utility/dsp.h"
  14:../../DaisySP/Source/Synthesis/oscillator.h **** #ifdef __cplusplus
ARM GAS  C:\Users\paulb\AppData\Local\Temp\ccttbNhd.s 			page 9


  15:../../DaisySP/Source/Synthesis/oscillator.h **** 
  16:../../DaisySP/Source/Synthesis/oscillator.h **** namespace daisysp
  17:../../DaisySP/Source/Synthesis/oscillator.h **** {
  18:../../DaisySP/Source/Synthesis/oscillator.h **** /** Synthesis of several waveforms, including polyBLEP bandlimited waveforms.
  19:../../DaisySP/Source/Synthesis/oscillator.h **** */
  20:../../DaisySP/Source/Synthesis/oscillator.h **** class Oscillator
  21:../../DaisySP/Source/Synthesis/oscillator.h **** {
  22:../../DaisySP/Source/Synthesis/oscillator.h ****   public:
  23:../../DaisySP/Source/Synthesis/oscillator.h ****     Oscillator() {}
  24:../../DaisySP/Source/Synthesis/oscillator.h ****     ~Oscillator() {}
  79              		.loc 6 24 5 is_stmt 1 view -0
  80              		.cfi_startproc
  81              		@ args = 0, pretend = 0, frame = 0
  82              		@ frame_needed = 0, uses_anonymous_args = 0
  83              		@ link register save eliminated.
  84              		.loc 6 24 20 is_stmt 0 view .LVU11
  85 0000 7047     		bx	lr
  86              		.cfi_endproc
  87              	.LFE4240:
  89              		.weak	_ZN7daisysp10OscillatorD1Ev
  90              		.thumb_set _ZN7daisysp10OscillatorD1Ev,_ZN7daisysp10OscillatorD2Ev
  91              		.section	.text._Z10MyCallbackPKfPfj,"ax",%progbits
  92              		.align	1
  93              		.p2align 2,,3
  94              		.global	_Z10MyCallbackPKfPfj
  95              		.syntax unified
  96              		.thumb
  97              		.thumb_func
  98              		.fpu fpv5-d16
 100              	_Z10MyCallbackPKfPfj:
 101              	.LVL2:
 102              	.LFB4681:
 103              		.file 7 "bpmFrog.cpp"
   1:bpmFrog.cpp   **** #include "daisy_seed.h"
   2:bpmFrog.cpp   **** #include "daisysp.h"
   3:bpmFrog.cpp   **** 
   4:bpmFrog.cpp   **** using namespace daisy;
   5:bpmFrog.cpp   **** using namespace daisysp;
   6:bpmFrog.cpp   **** 
   7:bpmFrog.cpp   **** DaisySeed  hardware;
   8:bpmFrog.cpp   **** Oscillator osc;
   9:bpmFrog.cpp   **** void       MyCallback(AudioHandle::InterleavingInputBuffer  in,
  10:bpmFrog.cpp   ****                       AudioHandle::InterleavingOutputBuffer out,
  11:bpmFrog.cpp   ****                       size_t                                size)
  12:bpmFrog.cpp   **** {
 104              		.loc 7 12 1 is_stmt 1 view -0
 105              		.cfi_startproc
 106              		@ args = 0, pretend = 0, frame = 0
 107              		@ frame_needed = 0, uses_anonymous_args = 0
  13:bpmFrog.cpp   ****     for(size_t i = 0; i < size; i += 2)
 108              		.loc 7 13 5 view .LVU13
 109              	.LBB91:
 110              		.loc 7 13 25 view .LVU14
 111 0000 8AB1     		cbz	r2, .L12
 112 0002 013A     		subs	r2, r2, #1
 113              	.LVL3:
 114              		.loc 7 13 25 is_stmt 0 view .LVU15
ARM GAS  C:\Users\paulb\AppData\Local\Temp\ccttbNhd.s 			page 10


 115              	.LBE91:
  12:bpmFrog.cpp   ****     for(size_t i = 0; i < size; i += 2)
 116              		.loc 7 12 1 view .LVU16
 117 0004 70B5     		push	{r4, r5, r6, lr}
 118              		.cfi_def_cfa_offset 16
 119              		.cfi_offset 4, -16
 120              		.cfi_offset 5, -12
 121              		.cfi_offset 6, -8
 122              		.cfi_offset 14, -4
 123 0006 0C46     		mov	r4, r1
 124              	.LBB96:
 125              		.loc 7 13 25 view .LVU17
 126 0008 0025     		movs	r5, #0
 127 000a 5608     		lsrs	r6, r2, #1
 128              	.LVL4:
 129              	.L6:
 130              	.LBB92:
  14:bpmFrog.cpp   ****     {
  15:bpmFrog.cpp   ****         float osc_out = osc.Process();
 131              		.loc 7 15 9 is_stmt 1 discriminator 2 view .LVU18
 132              		.loc 7 15 36 is_stmt 0 discriminator 2 view .LVU19
 133 000c 0648     		ldr	r0, .L15
 134              	.LBE92:
  13:bpmFrog.cpp   ****     {
 135              		.loc 7 13 25 discriminator 2 view .LVU20
 136 000e 0834     		adds	r4, r4, #8
 137              	.LBB93:
 138              		.loc 7 15 36 discriminator 2 view .LVU21
 139 0010 FFF7FEFF 		bl	_ZN7daisysp10Oscillator7ProcessEv
 140              	.LVL5:
  16:bpmFrog.cpp   ****         out[i]        = osc_out;
 141              		.loc 7 16 9 is_stmt 1 discriminator 2 view .LVU22
 142              	.LBE93:
  13:bpmFrog.cpp   ****     {
 143              		.loc 7 13 25 is_stmt 0 discriminator 2 view .LVU23
 144 0014 AE42     		cmp	r6, r5
 145              	.LBB94:
 146              		.loc 7 16 23 discriminator 2 view .LVU24
 147 0016 04ED020A 		vstr.32	s0, [r4, #-8]
  17:bpmFrog.cpp   ****         out[i + 1]    = osc_out;
 148              		.loc 7 17 9 is_stmt 1 discriminator 2 view .LVU25
 149              	.LBE94:
  13:bpmFrog.cpp   ****     {
 150              		.loc 7 13 25 is_stmt 0 discriminator 2 view .LVU26
 151 001a 05F10105 		add	r5, r5, #1
 152              	.LVL6:
 153              	.LBB95:
 154              		.loc 7 17 23 discriminator 2 view .LVU27
 155 001e 04ED010A 		vstr.32	s0, [r4, #-4]
 156              	.LBE95:
  13:bpmFrog.cpp   ****     {
 157              		.loc 7 13 5 is_stmt 1 discriminator 2 view .LVU28
 158              	.LVL7:
  13:bpmFrog.cpp   ****     {
 159              		.loc 7 13 25 discriminator 2 view .LVU29
 160 0022 F3D1     		bne	.L6
 161              	.LBE96:
ARM GAS  C:\Users\paulb\AppData\Local\Temp\ccttbNhd.s 			page 11


  18:bpmFrog.cpp   ****     }
  19:bpmFrog.cpp   **** }
 162              		.loc 7 19 1 is_stmt 0 view .LVU30
 163 0024 70BD     		pop	{r4, r5, r6, pc}
 164              	.LVL8:
 165              	.L12:
 166              		.cfi_def_cfa_offset 0
 167              		.cfi_restore 4
 168              		.cfi_restore 5
 169              		.cfi_restore 6
 170              		.cfi_restore 14
 171              		.loc 7 19 1 view .LVU31
 172 0026 7047     		bx	lr
 173              	.L16:
 174              		.align	2
 175              	.L15:
 176 0028 00000000 		.word	.LANCHOR0
 177              		.cfi_endproc
 178              	.LFE4681:
 180              		.section	.text.startup.main,"ax",%progbits
 181              		.align	1
 182              		.p2align 2,,3
 183              		.global	main
 184              		.syntax unified
 185              		.thumb
 186              		.thumb_func
 187              		.fpu fpv5-d16
 189              	main:
 190              	.LFB4682:
  20:bpmFrog.cpp   **** 
  21:bpmFrog.cpp   **** 
  22:bpmFrog.cpp   **** float daisysp::mtof(float m);
  23:bpmFrog.cpp   **** 
  24:bpmFrog.cpp   **** float midiNotes[]
  25:bpmFrog.cpp   ****     = {74, 0,  0,  0,  77, 0,  0,  74, 0,  74, 79, 0,  74, 0,  72, 0, 74, 0,
  26:bpmFrog.cpp   ****        0,  0,  81, 0,  0,  74, 0,  74, 82, 0,  81, 0,  77, 0,  74, 0, 81, 0,
  27:bpmFrog.cpp   ****        86, 74, 0,  72, 72, 0,  69, 0,  76, 0,  74, 74, 74, 74, 0,  0};
  28:bpmFrog.cpp   **** 
  29:bpmFrog.cpp   **** 
  30:bpmFrog.cpp   **** int main(void)
  31:bpmFrog.cpp   **** {
 191              		.loc 7 31 1 is_stmt 1 view -0
 192              		.cfi_startproc
 193              		@ args = 0, pretend = 0, frame = 24
 194              		@ frame_needed = 0, uses_anonymous_args = 0
  32:bpmFrog.cpp   ****     hardware.Init();
 195              		.loc 7 32 5 view .LVU33
  31:bpmFrog.cpp   ****     hardware.Init();
 196              		.loc 7 31 1 is_stmt 0 view .LVU34
 197 0000 70B5     		push	{r4, r5, r6, lr}
 198              		.cfi_def_cfa_offset 16
 199              		.cfi_offset 4, -16
 200              		.cfi_offset 5, -12
 201              		.cfi_offset 6, -8
 202              		.cfi_offset 14, -4
 203              		.loc 7 32 18 view .LVU35
 204 0002 0021     		movs	r1, #0
ARM GAS  C:\Users\paulb\AppData\Local\Temp\ccttbNhd.s 			page 12


 205 0004 3F48     		ldr	r0, .L24
 206              	.LBB113:
 207              	.LBB114:
  25:../../DaisySP/Source/Synthesis/oscillator.h ****     /** Choices for output waveforms, POLYBLEP are appropriately labeled. Others are naive forms.
  26:../../DaisySP/Source/Synthesis/oscillator.h ****     */
  27:../../DaisySP/Source/Synthesis/oscillator.h ****     enum
  28:../../DaisySP/Source/Synthesis/oscillator.h ****     {
  29:../../DaisySP/Source/Synthesis/oscillator.h ****         WAVE_SIN,
  30:../../DaisySP/Source/Synthesis/oscillator.h ****         WAVE_TRI,
  31:../../DaisySP/Source/Synthesis/oscillator.h ****         WAVE_SAW,
  32:../../DaisySP/Source/Synthesis/oscillator.h ****         WAVE_RAMP,
  33:../../DaisySP/Source/Synthesis/oscillator.h ****         WAVE_SQUARE,
  34:../../DaisySP/Source/Synthesis/oscillator.h ****         WAVE_POLYBLEP_TRI,
  35:../../DaisySP/Source/Synthesis/oscillator.h ****         WAVE_POLYBLEP_SAW,
  36:../../DaisySP/Source/Synthesis/oscillator.h ****         WAVE_POLYBLEP_SQUARE,
  37:../../DaisySP/Source/Synthesis/oscillator.h ****         WAVE_LAST,
  38:../../DaisySP/Source/Synthesis/oscillator.h ****     };
  39:../../DaisySP/Source/Synthesis/oscillator.h **** 
  40:../../DaisySP/Source/Synthesis/oscillator.h **** 
  41:../../DaisySP/Source/Synthesis/oscillator.h ****     /** Initializes the Oscillator
  42:../../DaisySP/Source/Synthesis/oscillator.h **** 
  43:../../DaisySP/Source/Synthesis/oscillator.h ****         \param sample_rate - sample rate of the audio engine being run, and the frequency that the 
  44:../../DaisySP/Source/Synthesis/oscillator.h **** 
  45:../../DaisySP/Source/Synthesis/oscillator.h ****         Defaults:
  46:../../DaisySP/Source/Synthesis/oscillator.h ****         - freq_ = 100 Hz
  47:../../DaisySP/Source/Synthesis/oscillator.h ****         - amp_ = 0.5
  48:../../DaisySP/Source/Synthesis/oscillator.h ****         - waveform_ = sine wave.
  49:../../DaisySP/Source/Synthesis/oscillator.h ****     */
  50:../../DaisySP/Source/Synthesis/oscillator.h ****     void Init(float sample_rate)
  51:../../DaisySP/Source/Synthesis/oscillator.h ****     {
  52:../../DaisySP/Source/Synthesis/oscillator.h ****         sr_        = sample_rate;
 208              		.loc 6 52 20 view .LVU36
 209 0006 404D     		ldr	r5, .L24+4
 210              	.LBE114:
 211              	.LBE113:
 212              	.LBB118:
 213              	.LBB119:
  53:../../DaisySP/Source/Synthesis/oscillator.h ****         sr_recip_  = 1.0f / sample_rate;
  54:../../DaisySP/Source/Synthesis/oscillator.h ****         freq_      = 100.0f;
  55:../../DaisySP/Source/Synthesis/oscillator.h ****         amp_       = 0.5f;
  56:../../DaisySP/Source/Synthesis/oscillator.h ****         pw_        = 0.5f;
  57:../../DaisySP/Source/Synthesis/oscillator.h ****         phase_     = 0.0f;
  58:../../DaisySP/Source/Synthesis/oscillator.h ****         phase_inc_ = CalcPhaseInc(freq_);
  59:../../DaisySP/Source/Synthesis/oscillator.h ****         waveform_  = WAVE_SIN;
  60:../../DaisySP/Source/Synthesis/oscillator.h ****         eoc_       = true;
  61:../../DaisySP/Source/Synthesis/oscillator.h ****         eor_       = true;
  62:../../DaisySP/Source/Synthesis/oscillator.h ****     }
  63:../../DaisySP/Source/Synthesis/oscillator.h **** 
  64:../../DaisySP/Source/Synthesis/oscillator.h **** 
  65:../../DaisySP/Source/Synthesis/oscillator.h ****     /** Changes the frequency of the Oscillator, and recalculates phase increment.
  66:../../DaisySP/Source/Synthesis/oscillator.h ****     */
  67:../../DaisySP/Source/Synthesis/oscillator.h ****     inline void SetFreq(const float f)
  68:../../DaisySP/Source/Synthesis/oscillator.h ****     {
  69:../../DaisySP/Source/Synthesis/oscillator.h ****         freq_      = f;
  70:../../DaisySP/Source/Synthesis/oscillator.h ****         phase_inc_ = CalcPhaseInc(f);
  71:../../DaisySP/Source/Synthesis/oscillator.h ****     }
  72:../../DaisySP/Source/Synthesis/oscillator.h **** 
ARM GAS  C:\Users\paulb\AppData\Local\Temp\ccttbNhd.s 			page 13


  73:../../DaisySP/Source/Synthesis/oscillator.h **** 
  74:../../DaisySP/Source/Synthesis/oscillator.h ****     /** Sets the amplitude of the waveform.
  75:../../DaisySP/Source/Synthesis/oscillator.h ****     */
  76:../../DaisySP/Source/Synthesis/oscillator.h ****     inline void SetAmp(const float a) { amp_ = a; }
  77:../../DaisySP/Source/Synthesis/oscillator.h ****     /** Sets the waveform to be synthesized by the Process() function.
  78:../../DaisySP/Source/Synthesis/oscillator.h ****     */
  79:../../DaisySP/Source/Synthesis/oscillator.h ****     inline void SetWaveform(const uint8_t wf)
  80:../../DaisySP/Source/Synthesis/oscillator.h ****     {
  81:../../DaisySP/Source/Synthesis/oscillator.h ****         waveform_ = wf < WAVE_LAST ? wf : WAVE_SIN;
 214              		.loc 6 81 19 view .LVU37
 215 0008 0224     		movs	r4, #2
 216 000a 404E     		ldr	r6, .L24+8
 217              	.LBE119:
 218              	.LBE118:
  31:bpmFrog.cpp   ****     hardware.Init();
 219              		.loc 7 31 1 view .LVU38
 220 000c 2DED028B 		vpush.64	{d8}
 221              		.cfi_def_cfa_offset 24
 222              		.cfi_offset 80, -24
 223              		.cfi_offset 81, -20
 224 0010 86B0     		sub	sp, sp, #24
 225              		.cfi_def_cfa_offset 48
 226              	.LBB122:
 227              	.LBB115:
  53:../../DaisySP/Source/Synthesis/oscillator.h ****         sr_recip_  = 1.0f / sample_rate;
 228              		.loc 6 53 27 view .LVU39
 229 0012 B7EE008A 		vmov.f32	s16, #1.0e+0
 230              	.LBE115:
 231              	.LBE122:
 232              		.loc 7 32 18 view .LVU40
 233 0016 FFF7FEFF 		bl	_ZN5daisy9DaisySeed4InitEb
 234              	.LVL9:
  33:bpmFrog.cpp   ****     double sr = hardware.AudioSampleRate();
 235              		.loc 7 33 5 is_stmt 1 view .LVU41
 236              		.loc 7 33 41 is_stmt 0 view .LVU42
 237 001a 3A48     		ldr	r0, .L24
 238 001c FFF7FEFF 		bl	_ZN5daisy9DaisySeed15AudioSampleRateEv
 239              	.LVL10:
 240 0020 F0EE407A 		vmov.f32	s15, s0
 241              	.LVL11:
  34:bpmFrog.cpp   ****     osc.Init(sr);
 242              		.loc 7 34 5 is_stmt 1 view .LVU43
 243              	.LBB123:
 244              	.LBI113:
  50:../../DaisySP/Source/Synthesis/oscillator.h ****     {
 245              		.loc 6 50 10 view .LVU44
 246              	.LBB116:
  52:../../DaisySP/Source/Synthesis/oscillator.h ****         sr_recip_  = 1.0f / sample_rate;
 247              		.loc 6 52 9 view .LVU45
  57:../../DaisySP/Source/Synthesis/oscillator.h ****         phase_inc_ = CalcPhaseInc(freq_);
 248              		.loc 6 57 20 is_stmt 0 view .LVU46
 249 0024 0022     		movs	r2, #0
  55:../../DaisySP/Source/Synthesis/oscillator.h ****         pw_        = 0.5f;
 250              		.loc 6 55 20 view .LVU47
 251 0026 4FF07C53 		mov	r3, #1056964608
  54:../../DaisySP/Source/Synthesis/oscillator.h ****         amp_       = 0.5f;
 252              		.loc 6 54 20 view .LVU48
ARM GAS  C:\Users\paulb\AppData\Local\Temp\ccttbNhd.s 			page 14


 253 002a 9FED390A 		vldr.32	s0, .L24+12
 254              	.LVL12:
  58:../../DaisySP/Source/Synthesis/oscillator.h ****         waveform_  = WAVE_SIN;
 255              		.loc 6 58 34 view .LVU49
 256 002e 2846     		mov	r0, r5
  53:../../DaisySP/Source/Synthesis/oscillator.h ****         freq_      = 100.0f;
 257              		.loc 6 53 27 view .LVU50
 258 0030 88EE277A 		vdiv.f32	s14, s16, s15
  52:../../DaisySP/Source/Synthesis/oscillator.h ****         sr_recip_  = 1.0f / sample_rate;
 259              		.loc 6 52 20 view .LVU51
 260 0034 C5ED047A 		vstr.32	s15, [r5, #16]
  53:../../DaisySP/Source/Synthesis/oscillator.h ****         freq_      = 100.0f;
 261              		.loc 6 53 9 is_stmt 1 view .LVU52
  57:../../DaisySP/Source/Synthesis/oscillator.h ****         phase_inc_ = CalcPhaseInc(freq_);
 262              		.loc 6 57 20 is_stmt 0 view .LVU53
 263 0038 AA61     		str	r2, [r5, #24]	@ float
  55:../../DaisySP/Source/Synthesis/oscillator.h ****         pw_        = 0.5f;
 264              		.loc 6 55 20 view .LVU54
 265 003a 6B60     		str	r3, [r5, #4]	@ float
  56:../../DaisySP/Source/Synthesis/oscillator.h ****         phase_     = 0.0f;
 266              		.loc 6 56 20 view .LVU55
 267 003c EB60     		str	r3, [r5, #12]	@ float
  54:../../DaisySP/Source/Synthesis/oscillator.h ****         amp_       = 0.5f;
 268              		.loc 6 54 20 view .LVU56
 269 003e 85ED020A 		vstr.32	s0, [r5, #8]
  53:../../DaisySP/Source/Synthesis/oscillator.h ****         freq_      = 100.0f;
 270              		.loc 6 53 20 view .LVU57
 271 0042 85ED057A 		vstr.32	s14, [r5, #20]
  54:../../DaisySP/Source/Synthesis/oscillator.h ****         amp_       = 0.5f;
 272              		.loc 6 54 9 is_stmt 1 view .LVU58
  55:../../DaisySP/Source/Synthesis/oscillator.h ****         pw_        = 0.5f;
 273              		.loc 6 55 9 view .LVU59
  56:../../DaisySP/Source/Synthesis/oscillator.h ****         phase_     = 0.0f;
 274              		.loc 6 56 9 view .LVU60
  57:../../DaisySP/Source/Synthesis/oscillator.h ****         phase_inc_ = CalcPhaseInc(freq_);
 275              		.loc 6 57 9 view .LVU61
  58:../../DaisySP/Source/Synthesis/oscillator.h ****         waveform_  = WAVE_SIN;
 276              		.loc 6 58 9 view .LVU62
  58:../../DaisySP/Source/Synthesis/oscillator.h ****         waveform_  = WAVE_SIN;
 277              		.loc 6 58 34 is_stmt 0 view .LVU63
 278 0046 FFF7FEFF 		bl	_ZN7daisysp10Oscillator12CalcPhaseIncEf
 279              	.LVL13:
  61:../../DaisySP/Source/Synthesis/oscillator.h ****     }
 280              		.loc 6 61 20 view .LVU64
 281 004a 40F20113 		movw	r3, #257
 282              	.LBE116:
 283              	.LBE123:
  35:bpmFrog.cpp   ****     osc.SetWaveform(Oscillator::WAVE_SAW);
  36:bpmFrog.cpp   ****     osc.SetAmp(1);
  37:bpmFrog.cpp   ****     hardware.StartAudio(MyCallback);
 284              		.loc 7 37 24 view .LVU65
 285 004e 3149     		ldr	r1, .L24+16
 286 0050 2C48     		ldr	r0, .L24
 287              	.LBB124:
 288              	.LBB117:
  58:../../DaisySP/Source/Synthesis/oscillator.h ****         waveform_  = WAVE_SIN;
 289              		.loc 6 58 20 view .LVU66
ARM GAS  C:\Users\paulb\AppData\Local\Temp\ccttbNhd.s 			page 15


 290 0052 85ED070A 		vstr.32	s0, [r5, #28]
  59:../../DaisySP/Source/Synthesis/oscillator.h ****         eoc_       = true;
 291              		.loc 6 59 9 is_stmt 1 view .LVU67
  60:../../DaisySP/Source/Synthesis/oscillator.h ****         eor_       = true;
 292              		.loc 6 60 9 view .LVU68
  61:../../DaisySP/Source/Synthesis/oscillator.h ****     }
 293              		.loc 6 61 9 view .LVU69
  61:../../DaisySP/Source/Synthesis/oscillator.h ****     }
 294              		.loc 6 61 20 is_stmt 0 view .LVU70
 295 0056 2B85     		strh	r3, [r5, #40]	@ movhi
 296              	.LVL14:
  61:../../DaisySP/Source/Synthesis/oscillator.h ****     }
 297              		.loc 6 61 20 view .LVU71
 298              	.LBE117:
 299              	.LBE124:
  35:bpmFrog.cpp   ****     osc.SetAmp(1);
 300              		.loc 7 35 5 is_stmt 1 view .LVU72
 301              	.LBB125:
 302              	.LBI118:
  79:../../DaisySP/Source/Synthesis/oscillator.h ****     {
 303              		.loc 6 79 17 view .LVU73
 304              	.LBB120:
 305              		.loc 6 81 9 view .LVU74
 306              		.loc 6 81 9 is_stmt 0 view .LVU75
 307              	.LBE120:
 308              	.LBE125:
  36:bpmFrog.cpp   ****     hardware.StartAudio(MyCallback);
 309              		.loc 7 36 5 is_stmt 1 view .LVU76
 310              	.LBB126:
 311              	.LBI126:
  76:../../DaisySP/Source/Synthesis/oscillator.h ****     /** Sets the waveform to be synthesized by the Process() function.
 312              		.loc 6 76 17 view .LVU77
 313              	.LBB127:
  76:../../DaisySP/Source/Synthesis/oscillator.h ****     /** Sets the waveform to be synthesized by the Process() function.
 314              		.loc 6 76 41 view .LVU78
  76:../../DaisySP/Source/Synthesis/oscillator.h ****     /** Sets the waveform to be synthesized by the Process() function.
 315              		.loc 6 76 41 is_stmt 0 view .LVU79
 316              	.LBE127:
 317              	.LBE126:
 318              		.loc 7 37 5 is_stmt 1 view .LVU80
 319              	.LBB129:
 320              	.LBB121:
 321              		.loc 6 81 19 is_stmt 0 view .LVU81
 322 0058 2C70     		strb	r4, [r5]
 323              	.LBE121:
 324              	.LBE129:
 325              	.LBB130:
 326              	.LBB128:
  76:../../DaisySP/Source/Synthesis/oscillator.h ****     /** Sets the waveform to be synthesized by the Process() function.
 327              		.loc 6 76 46 view .LVU82
 328 005a 85ED018A 		vstr.32	s16, [r5, #4]
 329              	.LBE128:
 330              	.LBE130:
 331              		.loc 7 37 24 view .LVU83
 332 005e FFF7FEFF 		bl	_ZN5daisy9DaisySeed10StartAudioEPFvPKfPfjE
 333              	.LVL15:
  38:bpmFrog.cpp   **** 
ARM GAS  C:\Users\paulb\AppData\Local\Temp\ccttbNhd.s 			page 16


  39:bpmFrog.cpp   ****     // ADC
  40:bpmFrog.cpp   ****     AdcChannelConfig adcConfig;
 334              		.loc 7 40 5 is_stmt 1 view .LVU84
  41:bpmFrog.cpp   ****     adcConfig.InitSingle(hardware.GetPin(15));
 335              		.loc 7 41 5 view .LVU85
 336              		.loc 7 41 25 is_stmt 0 view .LVU86
 337 0062 0F20     		movs	r0, #15
 338 0064 FFF7FEFF 		bl	_ZN5daisy9DaisySeed6GetPinEh
 339              	.LVL16:
 340 0068 0346     		mov	r3, r0	@ movhi
 341 006a 2246     		mov	r2, r4
 342 006c 01A8     		add	r0, sp, #4
 343 006e ADF80030 		strh	r3, [sp]	@ movhi
 344 0072 0099     		ldr	r1, [sp]
 345 0074 FFF7FEFF 		bl	_ZN5daisy16AdcChannelConfig10InitSingleE12dsy_gpio_pinNS0_15ConversionSpeedE
 346              	.LVL17:
  42:bpmFrog.cpp   ****     hardware.adc.Init(&adcConfig, 1);
 347              		.loc 7 42 5 is_stmt 1 view .LVU87
 348              		.loc 7 42 22 is_stmt 0 view .LVU88
 349 0078 0423     		movs	r3, #4
 350 007a 2748     		ldr	r0, .L24+20
 351 007c 0122     		movs	r2, #1
 352 007e 0DEB0301 		add	r1, sp, r3
 353 0082 FFF7FEFF 		bl	_ZN5daisy9AdcHandle4InitEPNS_16AdcChannelConfigEjNS0_12OverSamplingE
 354              	.LVL18:
  43:bpmFrog.cpp   ****     hardware.adc.Start();
 355              		.loc 7 43 5 is_stmt 1 view .LVU89
 356              		.loc 7 43 23 is_stmt 0 view .LVU90
 357 0086 2448     		ldr	r0, .L24+20
 358 0088 FFF7FEFF 		bl	_ZN5daisy9AdcHandle5StartEv
 359              	.LVL19:
 360              	.L20:
  44:bpmFrog.cpp   **** 
  45:bpmFrog.cpp   ****     for(;;)
 361              		.loc 7 45 5 is_stmt 1 view .LVU91
  46:bpmFrog.cpp   ****     {
  47:bpmFrog.cpp   ****         for(int index = 0; index < 53; index++)
 362              		.loc 7 47 9 view .LVU92
 363              	.LBB131:
 364              		.loc 7 47 34 view .LVU93
 365 008c 234C     		ldr	r4, .L24+24
 366 008e 0EE0     		b	.L21
 367              	.LVL20:
 368              	.L18:
 369              	.LBB132:
 370              	.LBB133:
 371              	.LBB134:
  76:../../DaisySP/Source/Synthesis/oscillator.h ****     /** Sets the waveform to be synthesized by the Process() function.
 372              		.loc 6 76 46 is_stmt 0 view .LVU94
 373 0090 6A60     		str	r2, [r5, #4]	@ float
 374              	.LVL21:
 375              	.L19:
  76:../../DaisySP/Source/Synthesis/oscillator.h ****     /** Sets the waveform to be synthesized by the Process() function.
 376              		.loc 6 76 46 view .LVU95
 377              	.LBE134:
 378              	.LBE133:
  48:bpmFrog.cpp   ****         {
ARM GAS  C:\Users\paulb\AppData\Local\Temp\ccttbNhd.s 			page 17


  49:bpmFrog.cpp   ****             float valPot = hardware.adc.GetFloat(0); //maj adc
  50:bpmFrog.cpp   **** 
  51:bpmFrog.cpp   ****             int j = midiNotes[index];
  52:bpmFrog.cpp   ****             if(j != 0)
  53:bpmFrog.cpp   ****             {
  54:bpmFrog.cpp   ****                 osc.SetAmp(0.5);
  55:bpmFrog.cpp   ****                 osc.SetFreq(mtof(midiNotes[index]));
  56:bpmFrog.cpp   ****             }
  57:bpmFrog.cpp   ****             else
  58:bpmFrog.cpp   ****             {
  59:bpmFrog.cpp   ****                 osc.SetAmp(0.0);
  60:bpmFrog.cpp   ****             }
  61:bpmFrog.cpp   ****             System::Delay(250 * valPot + 75);
 379              		.loc 7 61 13 is_stmt 1 discriminator 2 view .LVU96
 380              		.loc 7 61 40 is_stmt 0 discriminator 2 view .LVU97
 381 0092 9FED237A 		vldr.32	s14, .L24+28
 382 0096 DFED237A 		vldr.32	s15, .L24+32
 383 009a E8EE077A 		vfma.f32	s15, s16, s14
 384              		.loc 7 61 26 discriminator 2 view .LVU98
 385 009e FCEEE77A 		vcvt.u32.f32	s15, s15
 386 00a2 17EE900A 		vmov	r0, s15	@ int
 387 00a6 FFF7FEFF 		bl	_ZN5daisy6System5DelayEm
 388              	.LVL22:
 389              	.LBE132:
  47:bpmFrog.cpp   ****         {
 390              		.loc 7 47 9 is_stmt 1 discriminator 2 view .LVU99
  47:bpmFrog.cpp   ****         {
 391              		.loc 7 47 34 discriminator 2 view .LVU100
 392 00aa B442     		cmp	r4, r6
 393 00ac EED0     		beq	.L20
 394              	.LVL23:
 395              	.L21:
 396              	.LBB157:
  49:bpmFrog.cpp   **** 
 397              		.loc 7 49 13 view .LVU101
  49:bpmFrog.cpp   **** 
 398              		.loc 7 49 49 is_stmt 0 view .LVU102
 399 00ae 0021     		movs	r1, #0
 400 00b0 1948     		ldr	r0, .L24+20
 401 00b2 FFF7FEFF 		bl	_ZNK5daisy9AdcHandle8GetFloatEh
 402              	.LVL24:
  59:bpmFrog.cpp   ****             }
 403              		.loc 7 59 17 is_stmt 1 view .LVU103
 404              	.LBB137:
 405              	.LBI133:
  76:../../DaisySP/Source/Synthesis/oscillator.h ****     /** Sets the waveform to be synthesized by the Process() function.
 406              		.loc 6 76 17 view .LVU104
 407              	.LBB135:
  76:../../DaisySP/Source/Synthesis/oscillator.h ****     /** Sets the waveform to be synthesized by the Process() function.
 408              		.loc 6 76 41 view .LVU105
 409              	.LBE135:
 410              	.LBE137:
  51:bpmFrog.cpp   ****             if(j != 0)
 411              		.loc 7 51 36 is_stmt 0 view .LVU106
 412 00b6 F4EC017A 		vldmia.32	r4!, {s15}
  49:bpmFrog.cpp   **** 
 413              		.loc 7 49 49 view .LVU107
ARM GAS  C:\Users\paulb\AppData\Local\Temp\ccttbNhd.s 			page 18


 414 00ba B0EE408A 		vmov.f32	s16, s0
 415              	.LVL25:
  51:bpmFrog.cpp   ****             if(j != 0)
 416              		.loc 7 51 13 is_stmt 1 view .LVU108
  52:bpmFrog.cpp   ****             {
 417              		.loc 7 52 13 view .LVU109
 418              	.LBB138:
 419              	.LBB136:
  76:../../DaisySP/Source/Synthesis/oscillator.h ****     /** Sets the waveform to be synthesized by the Process() function.
 420              		.loc 6 76 46 is_stmt 0 view .LVU110
 421 00be 0022     		movs	r2, #0
 422              	.LBE136:
 423              	.LBE138:
  51:bpmFrog.cpp   ****             if(j != 0)
 424              		.loc 7 51 17 view .LVU111
 425 00c0 BDEEE77A 		vcvt.s32.f32	s14, s15
 426 00c4 17EE103A 		vmov	r3, s14	@ int
  52:bpmFrog.cpp   ****             {
 427              		.loc 7 52 13 view .LVU112
 428 00c8 002B     		cmp	r3, #0
 429 00ca E1D0     		beq	.L18
  54:bpmFrog.cpp   ****                 osc.SetFreq(mtof(midiNotes[index]));
 430              		.loc 7 54 17 is_stmt 1 view .LVU113
 431              	.LVL26:
 432              	.LBB139:
 433              	.LBI139:
  76:../../DaisySP/Source/Synthesis/oscillator.h ****     /** Sets the waveform to be synthesized by the Process() function.
 434              		.loc 6 76 17 view .LVU114
 435              	.LBB140:
  76:../../DaisySP/Source/Synthesis/oscillator.h ****     /** Sets the waveform to be synthesized by the Process() function.
 436              		.loc 6 76 41 view .LVU115
 437              	.LBE140:
 438              	.LBE139:
 439              	.LBB143:
 440              	.LBB144:
 441              		.file 8 "../../DaisySP/Source/Utility/dsp.h"
   1:../../DaisySP/Source/Utility/dsp.h **** /*
   2:../../DaisySP/Source/Utility/dsp.h **** Copyright (c) 2020 Electrosmith, Corp, Emilie Gillet
   3:../../DaisySP/Source/Utility/dsp.h **** 
   4:../../DaisySP/Source/Utility/dsp.h **** Use of this source code is governed by an MIT-style
   5:../../DaisySP/Source/Utility/dsp.h **** license that can be found in the LICENSE file or at
   6:../../DaisySP/Source/Utility/dsp.h **** https://opensource.org/licenses/MIT.
   7:../../DaisySP/Source/Utility/dsp.h **** */
   8:../../DaisySP/Source/Utility/dsp.h **** 
   9:../../DaisySP/Source/Utility/dsp.h **** /** Helpful defines, functions, and other utilities for use in/with daisysp modules.
  10:../../DaisySP/Source/Utility/dsp.h **** */
  11:../../DaisySP/Source/Utility/dsp.h **** #pragma once
  12:../../DaisySP/Source/Utility/dsp.h **** #ifndef DSY_CORE_DSP
  13:../../DaisySP/Source/Utility/dsp.h **** #define DSY_CORE_DSP
  14:../../DaisySP/Source/Utility/dsp.h **** #include <cassert>
  15:../../DaisySP/Source/Utility/dsp.h **** #include <cstdint>
  16:../../DaisySP/Source/Utility/dsp.h **** #include <random>
  17:../../DaisySP/Source/Utility/dsp.h **** #include <cmath>
  18:../../DaisySP/Source/Utility/dsp.h **** 
  19:../../DaisySP/Source/Utility/dsp.h **** /** PIs
  20:../../DaisySP/Source/Utility/dsp.h **** */
  21:../../DaisySP/Source/Utility/dsp.h **** #define PI_F 3.1415927410125732421875f
ARM GAS  C:\Users\paulb\AppData\Local\Temp\ccttbNhd.s 			page 19


  22:../../DaisySP/Source/Utility/dsp.h **** #define TWOPI_F (2.0f * PI_F)
  23:../../DaisySP/Source/Utility/dsp.h **** #define HALFPI_F (PI_F * 0.5f)
  24:../../DaisySP/Source/Utility/dsp.h **** #define DSY_MIN(in, mn) (in < mn ? in : mn)
  25:../../DaisySP/Source/Utility/dsp.h **** #define DSY_MAX(in, mx) (in > mx ? in : mx)
  26:../../DaisySP/Source/Utility/dsp.h **** #define DSY_CLAMP(in, mn, mx) (DSY_MIN(DSY_MAX(in, mn), mx))
  27:../../DaisySP/Source/Utility/dsp.h **** #define DSY_COUNTOF(_arr) (sizeof(_arr) / sizeof(_arr[0]))
  28:../../DaisySP/Source/Utility/dsp.h **** 
  29:../../DaisySP/Source/Utility/dsp.h **** namespace daisysp
  30:../../DaisySP/Source/Utility/dsp.h **** {
  31:../../DaisySP/Source/Utility/dsp.h **** //Avoids division for random floats. e.g. rand() * kRandFrac
  32:../../DaisySP/Source/Utility/dsp.h **** static constexpr float kRandFrac = 1.f / (float)RAND_MAX;
  33:../../DaisySP/Source/Utility/dsp.h **** 
  34:../../DaisySP/Source/Utility/dsp.h **** //Convert from semitones to other units. e.g. 2 ^ (kOneTwelfth * x)
  35:../../DaisySP/Source/Utility/dsp.h **** static constexpr float kOneTwelfth = 1.f / 12.f;
  36:../../DaisySP/Source/Utility/dsp.h **** 
  37:../../DaisySP/Source/Utility/dsp.h **** /** efficient floating point min/max
  38:../../DaisySP/Source/Utility/dsp.h **** c/o stephen mccaul
  39:../../DaisySP/Source/Utility/dsp.h **** */
  40:../../DaisySP/Source/Utility/dsp.h **** inline float fmax(float a, float b)
  41:../../DaisySP/Source/Utility/dsp.h **** {
  42:../../DaisySP/Source/Utility/dsp.h ****     float r;
  43:../../DaisySP/Source/Utility/dsp.h **** #ifdef __arm__
  44:../../DaisySP/Source/Utility/dsp.h ****     asm("vmaxnm.f32 %[d], %[n], %[m]" : [d] "=t"(r) : [n] "t"(a), [m] "t"(b) :);
  45:../../DaisySP/Source/Utility/dsp.h **** #else
  46:../../DaisySP/Source/Utility/dsp.h ****     r = (a > b) ? a : b;
  47:../../DaisySP/Source/Utility/dsp.h **** #endif // __arm__
  48:../../DaisySP/Source/Utility/dsp.h ****     return r;
  49:../../DaisySP/Source/Utility/dsp.h **** }
  50:../../DaisySP/Source/Utility/dsp.h **** 
  51:../../DaisySP/Source/Utility/dsp.h **** inline float fmin(float a, float b)
  52:../../DaisySP/Source/Utility/dsp.h **** {
  53:../../DaisySP/Source/Utility/dsp.h ****     float r;
  54:../../DaisySP/Source/Utility/dsp.h **** #ifdef __arm__
  55:../../DaisySP/Source/Utility/dsp.h ****     asm("vminnm.f32 %[d], %[n], %[m]" : [d] "=t"(r) : [n] "t"(a), [m] "t"(b) :);
  56:../../DaisySP/Source/Utility/dsp.h **** #else
  57:../../DaisySP/Source/Utility/dsp.h ****     r = (a < b) ? a : b;
  58:../../DaisySP/Source/Utility/dsp.h **** #endif // __arm__
  59:../../DaisySP/Source/Utility/dsp.h ****     return r;
  60:../../DaisySP/Source/Utility/dsp.h **** }
  61:../../DaisySP/Source/Utility/dsp.h **** 
  62:../../DaisySP/Source/Utility/dsp.h **** /** quick fp clamp
  63:../../DaisySP/Source/Utility/dsp.h **** */
  64:../../DaisySP/Source/Utility/dsp.h **** inline float fclamp(float in, float min, float max)
  65:../../DaisySP/Source/Utility/dsp.h **** {
  66:../../DaisySP/Source/Utility/dsp.h ****     return fmin(fmax(in, min), max);
  67:../../DaisySP/Source/Utility/dsp.h **** }
  68:../../DaisySP/Source/Utility/dsp.h **** 
  69:../../DaisySP/Source/Utility/dsp.h **** /** From Musicdsp.org "Fast power and root estimates for 32bit floats)
  70:../../DaisySP/Source/Utility/dsp.h **** Original code by Stefan Stenzel
  71:../../DaisySP/Source/Utility/dsp.h **** These are approximations
  72:../../DaisySP/Source/Utility/dsp.h **** */
  73:../../DaisySP/Source/Utility/dsp.h **** inline float fastpower(float f, int n)
  74:../../DaisySP/Source/Utility/dsp.h **** {
  75:../../DaisySP/Source/Utility/dsp.h ****     long *lp, l;
  76:../../DaisySP/Source/Utility/dsp.h ****     lp = (long *)(&f);
  77:../../DaisySP/Source/Utility/dsp.h ****     l  = *lp;
  78:../../DaisySP/Source/Utility/dsp.h ****     l -= 0x3F800000;
ARM GAS  C:\Users\paulb\AppData\Local\Temp\ccttbNhd.s 			page 20


  79:../../DaisySP/Source/Utility/dsp.h ****     l <<= (n - 1);
  80:../../DaisySP/Source/Utility/dsp.h ****     l += 0x3F800000;
  81:../../DaisySP/Source/Utility/dsp.h ****     *lp = l;
  82:../../DaisySP/Source/Utility/dsp.h ****     return f;
  83:../../DaisySP/Source/Utility/dsp.h **** }
  84:../../DaisySP/Source/Utility/dsp.h **** 
  85:../../DaisySP/Source/Utility/dsp.h **** inline float fastroot(float f, int n)
  86:../../DaisySP/Source/Utility/dsp.h **** {
  87:../../DaisySP/Source/Utility/dsp.h ****     long *lp, l;
  88:../../DaisySP/Source/Utility/dsp.h ****     lp = (long *)(&f);
  89:../../DaisySP/Source/Utility/dsp.h ****     l  = *lp;
  90:../../DaisySP/Source/Utility/dsp.h ****     l -= 0x3F800000;
  91:../../DaisySP/Source/Utility/dsp.h ****     l >>= (n - 1);
  92:../../DaisySP/Source/Utility/dsp.h ****     l += 0x3F800000;
  93:../../DaisySP/Source/Utility/dsp.h ****     *lp = l;
  94:../../DaisySP/Source/Utility/dsp.h ****     return f;
  95:../../DaisySP/Source/Utility/dsp.h **** }
  96:../../DaisySP/Source/Utility/dsp.h **** 
  97:../../DaisySP/Source/Utility/dsp.h **** /** Significantly more efficient than fmodf(x, 1.0f) for calculating
  98:../../DaisySP/Source/Utility/dsp.h ****  *  the decimal part of a floating point value.
  99:../../DaisySP/Source/Utility/dsp.h ****  */
 100:../../DaisySP/Source/Utility/dsp.h **** inline float fastmod1f(float x)
 101:../../DaisySP/Source/Utility/dsp.h **** {
 102:../../DaisySP/Source/Utility/dsp.h ****     return x - static_cast<int>(x);
 103:../../DaisySP/Source/Utility/dsp.h **** }
 104:../../DaisySP/Source/Utility/dsp.h **** 
 105:../../DaisySP/Source/Utility/dsp.h **** /** From http://openaudio.blogspot.com/2017/02/faster-log10-and-pow.html
 106:../../DaisySP/Source/Utility/dsp.h **** No approximation, pow10f(x) gives a 90% speed increase over powf(10.f, x)
 107:../../DaisySP/Source/Utility/dsp.h **** */
 108:../../DaisySP/Source/Utility/dsp.h **** inline float pow10f(float f)
 109:../../DaisySP/Source/Utility/dsp.h **** {
 110:../../DaisySP/Source/Utility/dsp.h ****     return expf(2.302585092994046f * f);
 111:../../DaisySP/Source/Utility/dsp.h **** }
 112:../../DaisySP/Source/Utility/dsp.h **** 
 113:../../DaisySP/Source/Utility/dsp.h **** /* Original code for fastlog2f by Dr. Paul Beckmann from the ARM community forum, adapted from the 
 114:../../DaisySP/Source/Utility/dsp.h **** About 25% performance increase over std::log10f
 115:../../DaisySP/Source/Utility/dsp.h **** */
 116:../../DaisySP/Source/Utility/dsp.h **** inline float fastlog2f(float f)
 117:../../DaisySP/Source/Utility/dsp.h **** {
 118:../../DaisySP/Source/Utility/dsp.h ****     float frac;
 119:../../DaisySP/Source/Utility/dsp.h ****     int   exp;
 120:../../DaisySP/Source/Utility/dsp.h ****     frac = frexpf(fabsf(f), &exp);
 121:../../DaisySP/Source/Utility/dsp.h ****     f    = 1.23149591368684f;
 122:../../DaisySP/Source/Utility/dsp.h ****     f *= frac;
 123:../../DaisySP/Source/Utility/dsp.h ****     f += -4.11852516267426f;
 124:../../DaisySP/Source/Utility/dsp.h ****     f *= frac;
 125:../../DaisySP/Source/Utility/dsp.h ****     f += 6.02197014179219f;
 126:../../DaisySP/Source/Utility/dsp.h ****     f *= frac;
 127:../../DaisySP/Source/Utility/dsp.h ****     f += -3.13396450166353f;
 128:../../DaisySP/Source/Utility/dsp.h ****     f += exp;
 129:../../DaisySP/Source/Utility/dsp.h ****     return (f);
 130:../../DaisySP/Source/Utility/dsp.h **** }
 131:../../DaisySP/Source/Utility/dsp.h **** 
 132:../../DaisySP/Source/Utility/dsp.h **** inline float fastlog10f(float f)
 133:../../DaisySP/Source/Utility/dsp.h **** {
 134:../../DaisySP/Source/Utility/dsp.h ****     return fastlog2f(f) * 0.3010299956639812f;
 135:../../DaisySP/Source/Utility/dsp.h **** }
ARM GAS  C:\Users\paulb\AppData\Local\Temp\ccttbNhd.s 			page 21


 136:../../DaisySP/Source/Utility/dsp.h **** 
 137:../../DaisySP/Source/Utility/dsp.h **** /** Midi to frequency helper
 138:../../DaisySP/Source/Utility/dsp.h **** */
 139:../../DaisySP/Source/Utility/dsp.h **** inline float mtof(float m)
 140:../../DaisySP/Source/Utility/dsp.h **** {
 141:../../DaisySP/Source/Utility/dsp.h ****     return powf(2, (m - 69.0f) / 12.0f) * 440.0f;
 442              		.loc 8 141 23 is_stmt 0 view .LVU116
 443 00cc 9FED167A 		vldr.32	s14, .L24+36
 444              		.loc 8 141 16 view .LVU117
 445 00d0 F2EE080A 		vmov.f32	s1, #1.2e+1
 446              	.LBE144:
 447              	.LBE143:
 448              	.LBB148:
 449              	.LBB141:
  76:../../DaisySP/Source/Synthesis/oscillator.h ****     /** Sets the waveform to be synthesized by the Process() function.
 450              		.loc 6 76 46 view .LVU118
 451 00d4 4FF07C53 		mov	r3, #1056964608
 452              	.LBE141:
 453              	.LBE148:
 454              	.LBB149:
 455              	.LBB145:
 456              		.loc 8 141 16 view .LVU119
 457 00d8 B0EE000A 		vmov.f32	s0, #2.0e+0
 458              	.LVL27:
 459              		.loc 8 141 23 view .LVU120
 460 00dc 77EEC77A 		vsub.f32	s15, s15, s14
 461              	.LVL28:
 462              		.loc 8 141 23 view .LVU121
 463              	.LBE145:
 464              	.LBE149:
 465              	.LBB150:
 466              	.LBB142:
  76:../../DaisySP/Source/Synthesis/oscillator.h ****     /** Sets the waveform to be synthesized by the Process() function.
 467              		.loc 6 76 46 view .LVU122
 468 00e0 6B60     		str	r3, [r5, #4]	@ float
 469              	.LVL29:
  76:../../DaisySP/Source/Synthesis/oscillator.h ****     /** Sets the waveform to be synthesized by the Process() function.
 470              		.loc 6 76 46 view .LVU123
 471              	.LBE142:
 472              	.LBE150:
  55:bpmFrog.cpp   ****             }
 473              		.loc 7 55 17 is_stmt 1 view .LVU124
 474              	.LBB151:
 475              	.LBI143:
 139:../../DaisySP/Source/Utility/dsp.h **** {
 476              		.loc 8 139 14 view .LVU125
 477              	.LBB146:
 478              		.loc 8 141 5 view .LVU126
 479              		.loc 8 141 16 is_stmt 0 view .LVU127
 480 00e2 C7EEA00A 		vdiv.f32	s1, s15, s1
 481 00e6 FFF7FEFF 		bl	powf
 482              	.LVL30:
 483              		.loc 8 141 43 view .LVU128
 484 00ea DFED107A 		vldr.32	s15, .L24+40
 485              	.LBE146:
 486              	.LBE151:
 487              	.LBB152:
ARM GAS  C:\Users\paulb\AppData\Local\Temp\ccttbNhd.s 			page 22


 488              	.LBB153:
  70:../../DaisySP/Source/Synthesis/oscillator.h ****     }
 489              		.loc 6 70 34 view .LVU129
 490 00ee 0648     		ldr	r0, .L24+4
 491              	.LBE153:
 492              	.LBE152:
 493              	.LBB155:
 494              	.LBB147:
 495              		.loc 8 141 43 view .LVU130
 496 00f0 20EE270A 		vmul.f32	s0, s0, s15
 497              	.LVL31:
 498              		.loc 8 141 43 view .LVU131
 499              	.LBE147:
 500              	.LBE155:
 501              	.LBB156:
 502              	.LBI152:
  67:../../DaisySP/Source/Synthesis/oscillator.h ****     {
 503              		.loc 6 67 17 is_stmt 1 view .LVU132
 504              	.LBB154:
  69:../../DaisySP/Source/Synthesis/oscillator.h ****         phase_inc_ = CalcPhaseInc(f);
 505              		.loc 6 69 9 view .LVU133
  69:../../DaisySP/Source/Synthesis/oscillator.h ****         phase_inc_ = CalcPhaseInc(f);
 506              		.loc 6 69 20 is_stmt 0 view .LVU134
 507 00f4 85ED020A 		vstr.32	s0, [r5, #8]
  70:../../DaisySP/Source/Synthesis/oscillator.h ****     }
 508              		.loc 6 70 9 is_stmt 1 view .LVU135
  70:../../DaisySP/Source/Synthesis/oscillator.h ****     }
 509              		.loc 6 70 34 is_stmt 0 view .LVU136
 510 00f8 FFF7FEFF 		bl	_ZN7daisysp10Oscillator12CalcPhaseIncEf
 511              	.LVL32:
  70:../../DaisySP/Source/Synthesis/oscillator.h ****     }
 512              		.loc 6 70 20 view .LVU137
 513 00fc 85ED070A 		vstr.32	s0, [r5, #28]
  71:../../DaisySP/Source/Synthesis/oscillator.h **** 
 514              		.loc 6 71 5 view .LVU138
 515 0100 C7E7     		b	.L19
 516              	.L25:
 517 0102 00BF     		.align	2
 518              	.L24:
 519 0104 00000000 		.word	.LANCHOR1
 520 0108 00000000 		.word	.LANCHOR0
 521 010c D4000000 		.word	.LANCHOR2+212
 522 0110 0000C842 		.word	1120403456
 523 0114 00000000 		.word	_Z10MyCallbackPKfPfj
 524 0118 18000000 		.word	.LANCHOR1+24
 525 011c 00000000 		.word	.LANCHOR2
 526 0120 00007A43 		.word	1132068864
 527 0124 00009642 		.word	1117126656
 528 0128 00008A42 		.word	1116340224
 529 012c 0000DC43 		.word	1138491392
 530              	.LBE154:
 531              	.LBE156:
 532              	.LBE157:
 533              	.LBE131:
 534              		.cfi_endproc
 535              	.LFE4682:
 537              		.section	.text.startup._GLOBAL__sub_I_hardware,"ax",%progbits
ARM GAS  C:\Users\paulb\AppData\Local\Temp\ccttbNhd.s 			page 23


 538              		.align	1
 539              		.p2align 2,,3
 540              		.syntax unified
 541              		.thumb
 542              		.thumb_func
 543              		.fpu fpv5-d16
 545              	_GLOBAL__sub_I_hardware:
 546              	.LFB5245:
  62:bpmFrog.cpp   ****         }
  63:bpmFrog.cpp   ****     }
  64:bpmFrog.cpp   **** }
 547              		.loc 7 64 1 is_stmt 1 view -0
 548              		.cfi_startproc
 549              		@ args = 0, pretend = 0, frame = 0
 550              		@ frame_needed = 0, uses_anonymous_args = 0
 551              	.LBB181:
 552              	.LBI181:
 553              		.loc 7 64 1 view .LVU140
 554              	.LVL33:
 555              	.LBB182:
 556              	.LBB183:
 557              	.LBI183:
  21:../../libDaisy/src/daisy_seed.h ****     ~DaisySeed() {}
 558              		.loc 1 21 5 view .LVU141
 559              	.LBB184:
 560              	.LBB185:
 561              	.LBI185:
 562              		.file 9 "../../libDaisy/src/per/qspi.h"
   1:../../libDaisy/src/per/qspi.h **** #ifndef DSY_QSPI
   2:../../libDaisy/src/per/qspi.h **** #define DSY_QSPI /**< Macro */
   3:../../libDaisy/src/per/qspi.h **** 
   4:../../libDaisy/src/per/qspi.h **** #ifndef UNIT_TEST // for unit tests, a dummy implementation
   5:../../libDaisy/src/per/qspi.h **** 
   6:../../libDaisy/src/per/qspi.h **** #include <cstdint>
   7:../../libDaisy/src/per/qspi.h **** #include "daisy_core.h" // Added for dsy_gpio_pin typedef
   8:../../libDaisy/src/per/qspi.h **** 
   9:../../libDaisy/src/per/qspi.h **** #define DSY_QSPI_TEXT       \
  10:../../libDaisy/src/per/qspi.h ****     __attribute__((section( \
  11:../../libDaisy/src/per/qspi.h ****         ".qspiflash_text"))) /**< used for reading memory in memory_mapped mode. */
  12:../../libDaisy/src/per/qspi.h **** #define DSY_QSPI_DATA       \
  13:../../libDaisy/src/per/qspi.h ****     __attribute__((section( \
  14:../../libDaisy/src/per/qspi.h ****         ".qspiflash_data"))) /**< used for reading memory in memory_mapped mode. */
  15:../../libDaisy/src/per/qspi.h **** #define DSY_QSPI_BSS        \
  16:../../libDaisy/src/per/qspi.h ****     __attribute__((section( \
  17:../../libDaisy/src/per/qspi.h ****         ".qspiflash_bss"))) /**< used for reading memory in memory_mapped mode. */
  18:../../libDaisy/src/per/qspi.h **** 
  19:../../libDaisy/src/per/qspi.h **** namespace daisy
  20:../../libDaisy/src/per/qspi.h **** {
  21:../../libDaisy/src/per/qspi.h **** /** @addtogroup serial
  22:../../libDaisy/src/per/qspi.h **** @{
  23:../../libDaisy/src/per/qspi.h **** */
  24:../../libDaisy/src/per/qspi.h **** 
  25:../../libDaisy/src/per/qspi.h **** /** 
  26:../../libDaisy/src/per/qspi.h ****  Driver for QSPI peripheral to interface with external flash memory. \n 
  27:../../libDaisy/src/per/qspi.h ****     Currently supported QSPI Devices: \n 
  28:../../libDaisy/src/per/qspi.h ****     * IS25LP080D
  29:../../libDaisy/src/per/qspi.h **** */
ARM GAS  C:\Users\paulb\AppData\Local\Temp\ccttbNhd.s 			page 24


  30:../../libDaisy/src/per/qspi.h **** class QSPIHandle
  31:../../libDaisy/src/per/qspi.h **** {
  32:../../libDaisy/src/per/qspi.h ****   public:
  33:../../libDaisy/src/per/qspi.h ****     enum Result
  34:../../libDaisy/src/per/qspi.h ****     {
  35:../../libDaisy/src/per/qspi.h ****         OK = 0,
  36:../../libDaisy/src/per/qspi.h ****         ERR
  37:../../libDaisy/src/per/qspi.h ****     };
  38:../../libDaisy/src/per/qspi.h **** 
  39:../../libDaisy/src/per/qspi.h ****     /** Indicates the current status of the module. 
  40:../../libDaisy/src/per/qspi.h ****          *  Warnings are indicated by a leading W.
  41:../../libDaisy/src/per/qspi.h ****          *  Errors are indicated by a leading E and cause an immediate exit.
  42:../../libDaisy/src/per/qspi.h ****          * 
  43:../../libDaisy/src/per/qspi.h ****          *  \param GOOD - No errors have been reported.
  44:../../libDaisy/src/per/qspi.h ****          *  \param E_HAL_ERROR - HAL code did not return HAL_OK.
  45:../../libDaisy/src/per/qspi.h ****          *  \param E_SWITCHING_MODES - An error was encountered while switching QSPI peripheral mod
  46:../../libDaisy/src/per/qspi.h ****          *  \param E_INVALID_MODE - QSPI should not be written to while the program is executing fr
  47:../../libDaisy/src/per/qspi.h ****          */
  48:../../libDaisy/src/per/qspi.h ****     enum Status
  49:../../libDaisy/src/per/qspi.h ****     {
  50:../../libDaisy/src/per/qspi.h ****         GOOD = 0,
  51:../../libDaisy/src/per/qspi.h ****         E_HAL_ERROR,
  52:../../libDaisy/src/per/qspi.h ****         E_SWITCHING_MODES,
  53:../../libDaisy/src/per/qspi.h ****         E_INVALID_MODE,
  54:../../libDaisy/src/per/qspi.h ****     };
  55:../../libDaisy/src/per/qspi.h **** 
  56:../../libDaisy/src/per/qspi.h ****     /** Configuration structure for interfacing with QSPI Driver */
  57:../../libDaisy/src/per/qspi.h ****     struct Config
  58:../../libDaisy/src/per/qspi.h ****     {
  59:../../libDaisy/src/per/qspi.h ****         /** Flash Devices supported. (Both of these are more-or-less the same, just different sizes
  60:../../libDaisy/src/per/qspi.h ****         enum Device
  61:../../libDaisy/src/per/qspi.h ****         {
  62:../../libDaisy/src/per/qspi.h ****             IS25LP080D,  /**< & */
  63:../../libDaisy/src/per/qspi.h ****             IS25LP064A,  /**< & */
  64:../../libDaisy/src/per/qspi.h ****             DEVICE_LAST, /**< & */
  65:../../libDaisy/src/per/qspi.h ****         };
  66:../../libDaisy/src/per/qspi.h **** 
  67:../../libDaisy/src/per/qspi.h ****         /** 
  68:../../libDaisy/src/per/qspi.h ****         Modes of operation.
  69:../../libDaisy/src/per/qspi.h ****         Memory Mapped mode: QSPI configured so that the QSPI can be
  70:../../libDaisy/src/per/qspi.h ****         read from starting address 0x90000000. Writing is not
  71:../../libDaisy/src/per/qspi.h ****         possible in this mode. \n 
  72:../../libDaisy/src/per/qspi.h ****         Indirect Polling mode: Device driver enabled. 
  73:../../libDaisy/src/per/qspi.h ****         */
  74:../../libDaisy/src/per/qspi.h ****         enum Mode
  75:../../libDaisy/src/per/qspi.h ****         {
  76:../../libDaisy/src/per/qspi.h ****             MEMORY_MAPPED,    /**< & */
  77:../../libDaisy/src/per/qspi.h ****             INDIRECT_POLLING, /**< & */
  78:../../libDaisy/src/per/qspi.h ****             MODE_LAST,
  79:../../libDaisy/src/per/qspi.h ****         };
  80:../../libDaisy/src/per/qspi.h **** 
  81:../../libDaisy/src/per/qspi.h ****         //SCK,  CE# (active low)
  82:../../libDaisy/src/per/qspi.h ****         struct
  83:../../libDaisy/src/per/qspi.h ****         {
  84:../../libDaisy/src/per/qspi.h ****             dsy_gpio_pin io0; /**< & */
  85:../../libDaisy/src/per/qspi.h ****             dsy_gpio_pin io1; /**< & */
  86:../../libDaisy/src/per/qspi.h ****             dsy_gpio_pin io2; /**< & */
ARM GAS  C:\Users\paulb\AppData\Local\Temp\ccttbNhd.s 			page 25


  87:../../libDaisy/src/per/qspi.h ****             dsy_gpio_pin io3; /**< & */
  88:../../libDaisy/src/per/qspi.h ****             dsy_gpio_pin clk; /**< & */
  89:../../libDaisy/src/per/qspi.h ****             dsy_gpio_pin ncs; /**< & */
  90:../../libDaisy/src/per/qspi.h ****         } pin_config;
  91:../../libDaisy/src/per/qspi.h **** 
  92:../../libDaisy/src/per/qspi.h ****         Device device;
  93:../../libDaisy/src/per/qspi.h ****         Mode   mode;
  94:../../libDaisy/src/per/qspi.h ****     };
  95:../../libDaisy/src/per/qspi.h **** 
  96:../../libDaisy/src/per/qspi.h ****     /** 
  97:../../libDaisy/src/per/qspi.h ****         Initializes QSPI peripheral, and Resets, and prepares memory for access.
  98:../../libDaisy/src/per/qspi.h ****         \param config should be populated with the mode, device and pin_config before calling this 
  99:../../libDaisy/src/per/qspi.h ****         \return Result::OK or Result::ERR
 100:../../libDaisy/src/per/qspi.h ****         */
 101:../../libDaisy/src/per/qspi.h ****     Result Init(const Config& config);
 102:../../libDaisy/src/per/qspi.h **** 
 103:../../libDaisy/src/per/qspi.h ****     /** Returns the current config. */
 104:../../libDaisy/src/per/qspi.h ****     const Config& GetConfig() const;
 105:../../libDaisy/src/per/qspi.h **** 
 106:../../libDaisy/src/per/qspi.h ****     // Couldn't this just be called before anything else in init? That
 107:../../libDaisy/src/per/qspi.h ****     // would make manually calling it unnecessary.
 108:../../libDaisy/src/per/qspi.h ****     /** 
 109:../../libDaisy/src/per/qspi.h ****         Deinitializes the peripheral
 110:../../libDaisy/src/per/qspi.h ****         This should be called before reinitializing QSPI in a different mode.
 111:../../libDaisy/src/per/qspi.h ****         \return Result::OK or Result::ERR
 112:../../libDaisy/src/per/qspi.h ****         */
 113:../../libDaisy/src/per/qspi.h ****     Result DeInit();
 114:../../libDaisy/src/per/qspi.h **** 
 115:../../libDaisy/src/per/qspi.h ****     /** 
 116:../../libDaisy/src/per/qspi.h ****         Writes a single page to to the specified address on the QSPI chip.
 117:../../libDaisy/src/per/qspi.h ****         For IS25LP*, page size is 256 bytes.
 118:../../libDaisy/src/per/qspi.h ****         \param address Address to write to
 119:../../libDaisy/src/per/qspi.h ****         \param size Buffer size
 120:../../libDaisy/src/per/qspi.h ****         \param buffer Buffer to write
 121:../../libDaisy/src/per/qspi.h ****         \return Result::OK or Result::ERR
 122:../../libDaisy/src/per/qspi.h ****         */
 123:../../libDaisy/src/per/qspi.h ****     Result WritePage(uint32_t address, uint32_t size, uint8_t* buffer);
 124:../../libDaisy/src/per/qspi.h **** 
 125:../../libDaisy/src/per/qspi.h ****     /** 
 126:../../libDaisy/src/per/qspi.h ****         Writes data in buffer to to the QSPI. Starting at address to address+size 
 127:../../libDaisy/src/per/qspi.h ****         \param address Address to write to
 128:../../libDaisy/src/per/qspi.h ****         \param size Buffer size
 129:../../libDaisy/src/per/qspi.h ****         \param buffer Buffer to write
 130:../../libDaisy/src/per/qspi.h ****         \return Result::OK or Result::ERR
 131:../../libDaisy/src/per/qspi.h ****         */
 132:../../libDaisy/src/per/qspi.h ****     Result Write(uint32_t address, uint32_t size, uint8_t* buffer);
 133:../../libDaisy/src/per/qspi.h **** 
 134:../../libDaisy/src/per/qspi.h ****     /** 
 135:../../libDaisy/src/per/qspi.h ****         Erases the area specified on the chip.
 136:../../libDaisy/src/per/qspi.h ****         Erasures will happen by 4K, 32K or 64K increments.
 137:../../libDaisy/src/per/qspi.h ****         Smallest erase possible is 4kB at a time. (on IS25LP*)
 138:../../libDaisy/src/per/qspi.h ****         \param start_addr Address to begin erasing from
 139:../../libDaisy/src/per/qspi.h ****         \param end_addr  Address to stop erasing at
 140:../../libDaisy/src/per/qspi.h ****         \return Result::OK or Result::ERR
 141:../../libDaisy/src/per/qspi.h ****         */
 142:../../libDaisy/src/per/qspi.h ****     Result Erase(uint32_t start_addr, uint32_t end_addr);
 143:../../libDaisy/src/per/qspi.h **** 
ARM GAS  C:\Users\paulb\AppData\Local\Temp\ccttbNhd.s 			page 26


 144:../../libDaisy/src/per/qspi.h ****     /**  
 145:../../libDaisy/src/per/qspi.h ****          Erases a single sector of the chip.  
 146:../../libDaisy/src/per/qspi.h ****         TODO: Document the size of this function. 
 147:../../libDaisy/src/per/qspi.h ****         \param address Address of sector to erase
 148:../../libDaisy/src/per/qspi.h ****         \return Result::OK or Result::ERR
 149:../../libDaisy/src/per/qspi.h ****         */
 150:../../libDaisy/src/per/qspi.h ****     Result EraseSector(uint32_t address);
 151:../../libDaisy/src/per/qspi.h **** 
 152:../../libDaisy/src/per/qspi.h ****     /** Returns the current class status. Useful for debugging.
 153:../../libDaisy/src/per/qspi.h ****      *  \returns Status
 154:../../libDaisy/src/per/qspi.h ****      */
 155:../../libDaisy/src/per/qspi.h ****     Status GetStatus();
 156:../../libDaisy/src/per/qspi.h **** 
 157:../../libDaisy/src/per/qspi.h ****     /** Returns a pointer to the actual memory used 
 158:../../libDaisy/src/per/qspi.h ****      *  The memory at this address is read-only
 159:../../libDaisy/src/per/qspi.h ****      *  to write to it use the Write function.
 160:../../libDaisy/src/per/qspi.h ****      * 
 161:../../libDaisy/src/per/qspi.h ****      *  \param offset returns the pointer starting this 
 162:../../libDaisy/src/per/qspi.h ****      *                many bytes into the memory
 163:../../libDaisy/src/per/qspi.h ****     */
 164:../../libDaisy/src/per/qspi.h ****     void* GetData(uint32_t offset = 0);
 165:../../libDaisy/src/per/qspi.h **** 
 166:../../libDaisy/src/per/qspi.h ****     QSPIHandle() : pimpl_(nullptr) {}
 563              		.loc 9 166 5 view .LVU142
 564              	.LBE185:
 565              	.LBE184:
 566              	.LBE183:
 567              	.LBE182:
 568              	.LBE181:
 569              		.loc 7 64 1 is_stmt 0 view .LVU143
 570 0000 08B5     		push	{r3, lr}
 571              		.cfi_def_cfa_offset 8
 572              		.cfi_offset 3, -8
 573              		.cfi_offset 14, -4
 574              	.LBB211:
 575              	.LBB209:
 576              	.LBB206:
 577              	.LBB204:
 578              	.LBB190:
 579              	.LBB186:
 580              	.LBB187:
 581              		.loc 9 166 34 view .LVU144
 582 0002 0848     		ldr	r0, .L28
 583 0004 0023     		movs	r3, #0
 584              	.LBE187:
 585              	.LBE186:
 586              	.LBE190:
 587              	.LBE204:
 588              	.LBE206:
   7:bpmFrog.cpp   **** Oscillator osc;
 589              		.loc 7 7 12 view .LVU145
 590 0006 084A     		ldr	r2, .L28+4
 591 0008 0849     		ldr	r1, .L28+8
 592              	.LBB207:
 593              	.LBB205:
 594              	.LBB191:
 595              	.LBB189:
ARM GAS  C:\Users\paulb\AppData\Local\Temp\ccttbNhd.s 			page 27


 596              	.LBB188:
 597              		.loc 9 166 34 view .LVU146
 598 000a 0360     		str	r3, [r0]
 599              	.LVL34:
 600              		.loc 9 166 34 view .LVU147
 601              	.LBE188:
 602              	.LBE189:
 603              	.LBE191:
 604              	.LBB192:
 605              	.LBI192:
  95:../../libDaisy/src/hid/audio.h ****     ~AudioHandle() {}
 606              		.loc 5 95 5 is_stmt 1 view .LVU148
 607              	.LBB193:
 608              	.LBB194:
  95:../../libDaisy/src/hid/audio.h ****     ~AudioHandle() {}
 609              		.loc 5 95 35 is_stmt 0 view .LVU149
 610 000c 4361     		str	r3, [r0, #20]
 611              	.LVL35:
  95:../../libDaisy/src/hid/audio.h ****     ~AudioHandle() {}
 612              		.loc 5 95 35 view .LVU150
 613              	.LBE194:
 614              	.LBE193:
 615              	.LBE192:
 616              	.LBB195:
 617              	.LBI195:
 109:../../libDaisy/src/per/adc.h ****     ~AdcHandle() {}
 618              		.loc 4 109 5 is_stmt 1 view .LVU151
 109:../../libDaisy/src/per/adc.h ****     ~AdcHandle() {}
 619              		.loc 4 109 5 is_stmt 0 view .LVU152
 620              	.LBE195:
 621              	.LBB196:
 622              	.LBI196:
 623              		.file 10 "../../libDaisy/src/per/dac.h"
   1:../../libDaisy/src/per/dac.h **** #pragma once
   2:../../libDaisy/src/per/dac.h **** #ifndef DSY_DAC_H
   3:../../libDaisy/src/per/dac.h **** #define DSY_DAC_H
   4:../../libDaisy/src/per/dac.h **** 
   5:../../libDaisy/src/per/dac.h **** #include "daisy_core.h"
   6:../../libDaisy/src/per/dac.h **** 
   7:../../libDaisy/src/per/dac.h **** namespace daisy
   8:../../libDaisy/src/per/dac.h **** {
   9:../../libDaisy/src/per/dac.h **** /** @brief DAC handle for Built-in DAC Peripheral 
  10:../../libDaisy/src/per/dac.h ****  *  @ingroup per_analog
  11:../../libDaisy/src/per/dac.h ****  ** 
  12:../../libDaisy/src/per/dac.h ****  ** For now only Normal Mode is supported,
  13:../../libDaisy/src/per/dac.h ****  ** Sample and hold mode provides reduced power consumption, but requires a bit more setup.
  14:../../libDaisy/src/per/dac.h ****  **
  15:../../libDaisy/src/per/dac.h ****  ** For now connecting the DAC through other internal peripherals is also not supported.
  16:../../libDaisy/src/per/dac.h ****  **
  17:../../libDaisy/src/per/dac.h ****  ** Since the DAC channels have dedicated pins we don't need to pass in a pin config like with
  18:../../libDaisy/src/per/dac.h ****  ** other modules. However, it is still important to not try to use the DAC pins for anything else.
  19:../../libDaisy/src/per/dac.h ****  ** DAC Channel 1 is on PA4, and DAC Channel 2 is on PA5
  20:../../libDaisy/src/per/dac.h ****  ***/
  21:../../libDaisy/src/per/dac.h **** class DacHandle
  22:../../libDaisy/src/per/dac.h **** {
  23:../../libDaisy/src/per/dac.h ****   public:
  24:../../libDaisy/src/per/dac.h ****     /** Return Values for the DacHandle class */
ARM GAS  C:\Users\paulb\AppData\Local\Temp\ccttbNhd.s 			page 28


  25:../../libDaisy/src/per/dac.h ****     enum class Result
  26:../../libDaisy/src/per/dac.h ****     {
  27:../../libDaisy/src/per/dac.h ****         OK,
  28:../../libDaisy/src/per/dac.h ****         ERR,
  29:../../libDaisy/src/per/dac.h ****     };
  30:../../libDaisy/src/per/dac.h **** 
  31:../../libDaisy/src/per/dac.h ****     /** Selects which channel(s) will be configured for use. */
  32:../../libDaisy/src/per/dac.h ****     enum class Channel
  33:../../libDaisy/src/per/dac.h ****     {
  34:../../libDaisy/src/per/dac.h ****         ONE,
  35:../../libDaisy/src/per/dac.h ****         TWO,
  36:../../libDaisy/src/per/dac.h ****         BOTH,
  37:../../libDaisy/src/per/dac.h ****     };
  38:../../libDaisy/src/per/dac.h **** 
  39:../../libDaisy/src/per/dac.h ****     /** Sets the Mode for the DAC channels.
  40:../../libDaisy/src/per/dac.h ****      **
  41:../../libDaisy/src/per/dac.h ****      ** Polling mode uses the blocking mode to transmit a single value at a time.
  42:../../libDaisy/src/per/dac.h ****      **
  43:../../libDaisy/src/per/dac.h ****      ** DMA mode uses a buffer, and periodically transmits it triggering a 
  44:../../libDaisy/src/per/dac.h ****      ** callback to fill the buffer when it is ready for more samples.
  45:../../libDaisy/src/per/dac.h ****      ***/
  46:../../libDaisy/src/per/dac.h ****     enum class Mode
  47:../../libDaisy/src/per/dac.h ****     {
  48:../../libDaisy/src/per/dac.h ****         POLLING,
  49:../../libDaisy/src/per/dac.h ****         DMA,
  50:../../libDaisy/src/per/dac.h ****     };
  51:../../libDaisy/src/per/dac.h **** 
  52:../../libDaisy/src/per/dac.h ****     /** Sets the number of bits per sample transmitted out of the DAC.
  53:../../libDaisy/src/per/dac.h ****      ** The output range will be: 0V - VDDA
  54:../../libDaisy/src/per/dac.h ****      ** The resolution will be roughly: bitdepth / (VDDA - 0V) 
  55:../../libDaisy/src/per/dac.h ****      ***/
  56:../../libDaisy/src/per/dac.h ****     enum class BitDepth
  57:../../libDaisy/src/per/dac.h ****     {
  58:../../libDaisy/src/per/dac.h ****         BITS_8,
  59:../../libDaisy/src/per/dac.h ****         BITS_12
  60:../../libDaisy/src/per/dac.h ****     };
  61:../../libDaisy/src/per/dac.h **** 
  62:../../libDaisy/src/per/dac.h ****     /** Sets whether the DAC output is buffered for higher drive ability. */
  63:../../libDaisy/src/per/dac.h ****     enum class BufferState
  64:../../libDaisy/src/per/dac.h ****     {
  65:../../libDaisy/src/per/dac.h ****         ENABLED,
  66:../../libDaisy/src/per/dac.h ****         DISABLED,
  67:../../libDaisy/src/per/dac.h ****     };
  68:../../libDaisy/src/per/dac.h **** 
  69:../../libDaisy/src/per/dac.h ****     /** Configuration structure for initializing the DAC structure. */
  70:../../libDaisy/src/per/dac.h ****     struct Config
  71:../../libDaisy/src/per/dac.h ****     {
  72:../../libDaisy/src/per/dac.h ****         /** Target Samplerate in Hz used to configure the internal 
  73:../../libDaisy/src/per/dac.h ****          ** timebase for DMA mode. Does nothing in POLLING mode.
  74:../../libDaisy/src/per/dac.h ****          ** If the value is 0 at Init time this will default to 48000Hz 
  75:../../libDaisy/src/per/dac.h ****          ** otherwise the driver will attempt meet the target.*/
  76:../../libDaisy/src/per/dac.h ****         uint32_t target_samplerate;
  77:../../libDaisy/src/per/dac.h **** 
  78:../../libDaisy/src/per/dac.h ****         Channel     chn;
  79:../../libDaisy/src/per/dac.h ****         Mode        mode;
  80:../../libDaisy/src/per/dac.h ****         BitDepth    bitdepth;
  81:../../libDaisy/src/per/dac.h ****         BufferState buff_state;
ARM GAS  C:\Users\paulb\AppData\Local\Temp\ccttbNhd.s 			page 29


  82:../../libDaisy/src/per/dac.h ****     };
  83:../../libDaisy/src/per/dac.h **** 
  84:../../libDaisy/src/per/dac.h ****     DacHandle() : pimpl_(nullptr) {}
 624              		.loc 10 84 5 is_stmt 1 view .LVU153
 625              	.LBB197:
 626              	.LBB198:
 627              		.loc 10 84 33 is_stmt 0 view .LVU154
 628 000e 0362     		str	r3, [r0, #32]
 629              	.LVL36:
 630              		.loc 10 84 33 view .LVU155
 631              	.LBE198:
 632              	.LBE197:
 633              	.LBE196:
 634              	.LBB199:
 635              	.LBI199:
  40:../../libDaisy/src/hid/usb.h **** 
 636              		.loc 3 40 5 is_stmt 1 view .LVU156
  40:../../libDaisy/src/hid/usb.h **** 
 637              		.loc 3 40 5 is_stmt 0 view .LVU157
 638              	.LBE199:
 639              	.LBB200:
 640              	.LBI200:
  96:../../libDaisy/src/sys/system.h ****     ~System() {}
 641              		.loc 2 96 5 is_stmt 1 view .LVU158
  96:../../libDaisy/src/sys/system.h ****     ~System() {}
 642              		.loc 2 96 5 is_stmt 0 view .LVU159
 643              	.LBE200:
 644              	.LBB201:
 645              	.LBI201:
 646              		.file 11 "../../libDaisy/src/per/sai.h"
   1:../../libDaisy/src/per/sai.h **** #pragma once
   2:../../libDaisy/src/per/sai.h **** #ifndef DSY_SAI_H
   3:../../libDaisy/src/per/sai.h **** #define DSY_SAI_H
   4:../../libDaisy/src/per/sai.h **** 
   5:../../libDaisy/src/per/sai.h **** #include "daisy_core.h"
   6:../../libDaisy/src/per/sai.h **** 
   7:../../libDaisy/src/per/sai.h **** namespace daisy
   8:../../libDaisy/src/per/sai.h **** {
   9:../../libDaisy/src/per/sai.h **** /** 
  10:../../libDaisy/src/per/sai.h ****  * Support for I2S Audio Protocol with different bit-depth, samplerate options
  11:../../libDaisy/src/per/sai.h ****  * Allows for master or slave, as well as freedom of selecting direction, 
  12:../../libDaisy/src/per/sai.h ****  * and other behavior for each peripheral, and block.
  13:../../libDaisy/src/per/sai.h ****  * 
  14:../../libDaisy/src/per/sai.h ****  * DMA Transfer commands must use buffers located within non-cached memory or use cache maintenance
  15:../../libDaisy/src/per/sai.h ****  * To declare an unitialized global element in the DMA memory section:
  16:../../libDaisy/src/per/sai.h ****  *    int32_t DSY_DMA_BUFFER_SECTOR my_buffer[96];
  17:../../libDaisy/src/per/sai.h ****  *
  18:../../libDaisy/src/per/sai.h ****  * Callback functions will be called once per half of the buffer. In the above example, 
  19:../../libDaisy/src/per/sai.h ****  * the callback function would be called once for every 48 samples.
  20:../../libDaisy/src/per/sai.h ****  * 
  21:../../libDaisy/src/per/sai.h ****  * Use SAI Handle like this:
  22:../../libDaisy/src/per/sai.h ****  * 
  23:../../libDaisy/src/per/sai.h ****  *  SaiHandle::Config sai_config;
  24:../../libDaisy/src/per/sai.h ****  *  sai_config.periph          = SaiHandle::Config::Peripheral::SAI_1;
  25:../../libDaisy/src/per/sai.h ****  *  sai_config.sr              = SaiHandle::Config::SampleRate::SAI_48KHZ;
  26:../../libDaisy/src/per/sai.h ****  *  sai_config.bit_depth       = SaiHandle::Config::BitDepth::SAI_24BIT;
  27:../../libDaisy/src/per/sai.h ****  *  sai_config.a_sync          = SaiHandle::Config::Sync::MASTER;
ARM GAS  C:\Users\paulb\AppData\Local\Temp\ccttbNhd.s 			page 30


  28:../../libDaisy/src/per/sai.h ****  *  sai_config.b_sync          = SaiHandle::Config::Sync::SLAVE;
  29:../../libDaisy/src/per/sai.h ****  *  sai_config.a_dir           = SaiHandle::Config::Direction::RECEIVE;
  30:../../libDaisy/src/per/sai.h ****  *  sai_config.b_dir           = SaiHandle::Config::Direction::TRANSMIT;
  31:../../libDaisy/src/per/sai.h ****  *  sai_config.pin_config.fs   = {DSY_GPIOE, 4};
  32:../../libDaisy/src/per/sai.h ****  *  sai_config.pin_config.mclk = {DSY_GPIOE, 2};
  33:../../libDaisy/src/per/sai.h ****  *  sai_config.pin_config.sck  = {DSY_GPIOE, 5};
  34:../../libDaisy/src/per/sai.h ****  *  sai_config.pin_config.sa   = {DSY_GPIOE, 6};
  35:../../libDaisy/src/per/sai.h ****  *  sai_config.pin_config.sb   = {DSY_GPIOE, 3};
  36:../../libDaisy/src/per/sai.h ****  *  // Then Initialize
  37:../../libDaisy/src/per/sai.h ****  *  SaiHandle sai;
  38:../../libDaisy/src/per/sai.h ****  *  sai.Init(sai_config);
  39:../../libDaisy/src/per/sai.h ****  *  // Now you can use it:
  40:../../libDaisy/src/per/sai.h ****  *  sai.StartDma(. . .);
  41:../../libDaisy/src/per/sai.h ****  */
  42:../../libDaisy/src/per/sai.h **** class SaiHandle
  43:../../libDaisy/src/per/sai.h **** {
  44:../../libDaisy/src/per/sai.h ****   public:
  45:../../libDaisy/src/per/sai.h ****     /** Contains settings for initialising an SAI Interface */
  46:../../libDaisy/src/per/sai.h ****     struct Config
  47:../../libDaisy/src/per/sai.h ****     {
  48:../../libDaisy/src/per/sai.h ****         /** Specifies the internal peripheral to use (mapped to different hardware pins) */
  49:../../libDaisy/src/per/sai.h ****         enum class Peripheral
  50:../../libDaisy/src/per/sai.h ****         {
  51:../../libDaisy/src/per/sai.h ****             SAI_1,
  52:../../libDaisy/src/per/sai.h ****             SAI_2,
  53:../../libDaisy/src/per/sai.h ****         };
  54:../../libDaisy/src/per/sai.h **** 
  55:../../libDaisy/src/per/sai.h ****         /** Rate at which samples will be streaming to/from the device. */
  56:../../libDaisy/src/per/sai.h ****         enum class SampleRate
  57:../../libDaisy/src/per/sai.h ****         {
  58:../../libDaisy/src/per/sai.h ****             SAI_8KHZ,
  59:../../libDaisy/src/per/sai.h ****             SAI_16KHZ,
  60:../../libDaisy/src/per/sai.h ****             SAI_32KHZ,
  61:../../libDaisy/src/per/sai.h ****             SAI_48KHZ,
  62:../../libDaisy/src/per/sai.h ****             SAI_96KHZ,
  63:../../libDaisy/src/per/sai.h ****         };
  64:../../libDaisy/src/per/sai.h **** 
  65:../../libDaisy/src/per/sai.h ****         /** Bit Depth that the hardware expects to be transferred to/from the device. */
  66:../../libDaisy/src/per/sai.h ****         enum class BitDepth
  67:../../libDaisy/src/per/sai.h ****         {
  68:../../libDaisy/src/per/sai.h ****             SAI_16BIT,
  69:../../libDaisy/src/per/sai.h ****             SAI_24BIT,
  70:../../libDaisy/src/per/sai.h ****             SAI_32BIT,
  71:../../libDaisy/src/per/sai.h ****         };
  72:../../libDaisy/src/per/sai.h **** 
  73:../../libDaisy/src/per/sai.h ****         /** Specifies whether a particular block is the master or the slave 
  74:../../libDaisy/src/per/sai.h ****          ** If both are set to slave, no MCLK signal will be used, and it is
  75:../../libDaisy/src/per/sai.h ****          ** expected that the codec will have its own xtal.
  76:../../libDaisy/src/per/sai.h ****          */
  77:../../libDaisy/src/per/sai.h ****         enum class Sync
  78:../../libDaisy/src/per/sai.h ****         {
  79:../../libDaisy/src/per/sai.h ****             MASTER,
  80:../../libDaisy/src/per/sai.h ****             SLAVE,
  81:../../libDaisy/src/per/sai.h ****         };
  82:../../libDaisy/src/per/sai.h **** 
  83:../../libDaisy/src/per/sai.h ****         /** Specifies the direction for each peripheral block. */
  84:../../libDaisy/src/per/sai.h ****         enum class Direction
ARM GAS  C:\Users\paulb\AppData\Local\Temp\ccttbNhd.s 			page 31


  85:../../libDaisy/src/per/sai.h ****         {
  86:../../libDaisy/src/per/sai.h ****             TRANSMIT,
  87:../../libDaisy/src/per/sai.h ****             RECEIVE,
  88:../../libDaisy/src/per/sai.h ****         };
  89:../../libDaisy/src/per/sai.h **** 
  90:../../libDaisy/src/per/sai.h ****         Peripheral periph;
  91:../../libDaisy/src/per/sai.h ****         struct
  92:../../libDaisy/src/per/sai.h ****         {
  93:../../libDaisy/src/per/sai.h ****             dsy_gpio_pin mclk, fs, sck, sa, sb;
  94:../../libDaisy/src/per/sai.h ****         } pin_config;
  95:../../libDaisy/src/per/sai.h ****         SampleRate sr;
  96:../../libDaisy/src/per/sai.h ****         BitDepth   bit_depth;
  97:../../libDaisy/src/per/sai.h ****         Sync       a_sync, b_sync;
  98:../../libDaisy/src/per/sai.h ****         Direction  a_dir, b_dir;
  99:../../libDaisy/src/per/sai.h ****     };
 100:../../libDaisy/src/per/sai.h **** 
 101:../../libDaisy/src/per/sai.h ****     /** Return values for SAI functions */
 102:../../libDaisy/src/per/sai.h ****     enum class Result
 103:../../libDaisy/src/per/sai.h ****     {
 104:../../libDaisy/src/per/sai.h ****         OK,
 105:../../libDaisy/src/per/sai.h ****         ERR,
 106:../../libDaisy/src/per/sai.h ****     };
 107:../../libDaisy/src/per/sai.h **** 
 108:../../libDaisy/src/per/sai.h ****     SaiHandle() : pimpl_(nullptr) {}
 647              		.loc 11 108 5 is_stmt 1 view .LVU160
 648              	.LBB202:
 649              	.LBB203:
 650              		.loc 11 108 33 is_stmt 0 view .LVU161
 651 0010 C363     		str	r3, [r0, #60]
 652              	.LVL37:
 653              		.loc 11 108 33 view .LVU162
 654              	.LBE203:
 655              	.LBE202:
 656              	.LBE201:
 657              	.LBE205:
 658              	.LBE207:
   7:bpmFrog.cpp   **** Oscillator osc;
 659              		.loc 7 7 12 view .LVU163
 660 0012 FFF7FEFF 		bl	__aeabi_atexit
 661              	.LVL38:
 662              	.LBB208:
 663              	.LBI208:
  23:../../DaisySP/Source/Synthesis/oscillator.h ****     ~Oscillator() {}
 664              		.loc 6 23 5 is_stmt 1 view .LVU164
  23:../../DaisySP/Source/Synthesis/oscillator.h ****     ~Oscillator() {}
 665              		.loc 6 23 5 is_stmt 0 view .LVU165
 666              	.LBE208:
   8:bpmFrog.cpp   **** void       MyCallback(AudioHandle::InterleavingInputBuffer  in,
 667              		.loc 7 8 12 view .LVU166
 668 0016 044A     		ldr	r2, .L28+4
 669 0018 0549     		ldr	r1, .L28+12
 670 001a 0648     		ldr	r0, .L28+16
 671              	.LBE209:
 672              	.LBE211:
 673              		.loc 7 64 1 view .LVU167
 674 001c BDE80840 		pop	{r3, lr}
 675              		.cfi_restore 14
ARM GAS  C:\Users\paulb\AppData\Local\Temp\ccttbNhd.s 			page 32


 676              		.cfi_restore 3
 677              		.cfi_def_cfa_offset 0
 678              	.LBB212:
 679              	.LBB210:
   8:bpmFrog.cpp   **** void       MyCallback(AudioHandle::InterleavingInputBuffer  in,
 680              		.loc 7 8 12 view .LVU168
 681 0020 FFF7FEBF 		b	__aeabi_atexit
 682              	.LVL39:
 683              	.L29:
 684              		.align	2
 685              	.L28:
 686 0024 00000000 		.word	.LANCHOR1
 687 0028 00000000 		.word	__dso_handle
 688 002c 00000000 		.word	_ZN5daisy9DaisySeedD1Ev
 689 0030 00000000 		.word	_ZN7daisysp10OscillatorD1Ev
 690 0034 00000000 		.word	.LANCHOR0
 691              	.LBE210:
 692              	.LBE212:
 693              		.cfi_endproc
 694              	.LFE5245:
 696              		.section	.init_array,"aw",%init_array
 697              		.align	2
 698 0000 00000000 		.word	_GLOBAL__sub_I_hardware(target1)
 699              		.global	midiNotes
 700              		.global	osc
 701              		.global	hardware
 702              		.section	.bss.hardware,"aw",%nobits
 703              		.align	2
 704              		.set	.LANCHOR1,. + 0
 707              	hardware:
 708 0000 00000000 		.space	64
 708      00000000 
 708      00000000 
 708      00000000 
 708      00000000 
 709              		.section	.bss.osc,"aw",%nobits
 710              		.align	2
 711              		.set	.LANCHOR0,. + 0
 714              	osc:
 715 0000 00000000 		.space	44
 715      00000000 
 715      00000000 
 715      00000000 
 715      00000000 
 716              		.section	.data.midiNotes,"aw"
 717              		.align	2
 718              		.set	.LANCHOR2,. + 0
 721              	midiNotes:
 722 0000 00009442 		.word	1116995584
 723 0004 00000000 		.word	0
 724 0008 00000000 		.word	0
 725 000c 00000000 		.word	0
 726 0010 00009A42 		.word	1117388800
 727 0014 00000000 		.word	0
 728 0018 00000000 		.word	0
 729 001c 00009442 		.word	1116995584
 730 0020 00000000 		.word	0
ARM GAS  C:\Users\paulb\AppData\Local\Temp\ccttbNhd.s 			page 33


 731 0024 00009442 		.word	1116995584
 732 0028 00009E42 		.word	1117650944
 733 002c 00000000 		.word	0
 734 0030 00009442 		.word	1116995584
 735 0034 00000000 		.word	0
 736 0038 00009042 		.word	1116733440
 737 003c 00000000 		.word	0
 738 0040 00009442 		.word	1116995584
 739 0044 00000000 		.word	0
 740 0048 00000000 		.word	0
 741 004c 00000000 		.word	0
 742 0050 0000A242 		.word	1117913088
 743 0054 00000000 		.word	0
 744 0058 00000000 		.word	0
 745 005c 00009442 		.word	1116995584
 746 0060 00000000 		.word	0
 747 0064 00009442 		.word	1116995584
 748 0068 0000A442 		.word	1118044160
 749 006c 00000000 		.word	0
 750 0070 0000A242 		.word	1117913088
 751 0074 00000000 		.word	0
 752 0078 00009A42 		.word	1117388800
 753 007c 00000000 		.word	0
 754 0080 00009442 		.word	1116995584
 755 0084 00000000 		.word	0
 756 0088 0000A242 		.word	1117913088
 757 008c 00000000 		.word	0
 758 0090 0000AC42 		.word	1118568448
 759 0094 00009442 		.word	1116995584
 760 0098 00000000 		.word	0
 761 009c 00009042 		.word	1116733440
 762 00a0 00009042 		.word	1116733440
 763 00a4 00000000 		.word	0
 764 00a8 00008A42 		.word	1116340224
 765 00ac 00000000 		.word	0
 766 00b0 00009842 		.word	1117257728
 767 00b4 00000000 		.word	0
 768 00b8 00009442 		.word	1116995584
 769 00bc 00009442 		.word	1116995584
 770 00c0 00009442 		.word	1116995584
 771 00c4 00009442 		.word	1116995584
 772 00c8 00000000 		.word	0
 773 00cc 00000000 		.word	0
 774              		.text
 775              	.Letext0:
 776              		.file 12 "c:\\program files\\daisytoolchain\\arm-none-eabi\\include\\machine\\_default_types.h"
 777              		.file 13 "c:\\program files\\daisytoolchain\\arm-none-eabi\\include\\sys\\_stdint.h"
 778              		.file 14 "c:\\program files\\daisytoolchain\\arm-none-eabi\\include\\stdint.h"
 779              		.file 15 "c:\\program files\\daisytoolchain\\lib\\gcc\\arm-none-eabi\\10.2.1\\include\\stddef.h"
 780              		.file 16 "c:\\program files\\daisytoolchain\\arm-none-eabi\\include\\c++\\10.2.1\\cmath"
 781              		.file 17 "c:\\program files\\daisytoolchain\\arm-none-eabi\\include\\c++\\10.2.1\\bits\\std_abs.h"
 782              		.file 18 "c:\\program files\\daisytoolchain\\arm-none-eabi\\include\\c++\\10.2.1\\cstdlib"
 783              		.file 19 "c:\\program files\\daisytoolchain\\arm-none-eabi\\include\\c++\\10.2.1\\cstdint"
 784              		.file 20 "c:\\program files\\daisytoolchain\\arm-none-eabi\\include\\c++\\10.2.1\\type_traits"
 785              		.file 21 "c:\\program files\\daisytoolchain\\arm-none-eabi\\include\\c++\\10.2.1\\debug\\debug.h"
 786              		.file 22 "c:\\program files\\daisytoolchain\\arm-none-eabi\\include\\c++\\10.2.1\\arm-none-eabi\\t
 787              		.file 23 "c:\\program files\\daisytoolchain\\arm-none-eabi\\include\\c++\\10.2.1\\bits\\algorithmf
ARM GAS  C:\Users\paulb\AppData\Local\Temp\ccttbNhd.s 			page 34


 788              		.file 24 "c:\\program files\\daisytoolchain\\arm-none-eabi\\include\\c++\\10.2.1\\bits\\stl_pair.h
 789              		.file 25 "c:\\program files\\daisytoolchain\\arm-none-eabi\\include\\c++\\10.2.1\\bits\\exception_
 790              		.file 26 "c:\\program files\\daisytoolchain\\arm-none-eabi\\include\\c++\\10.2.1\\cstdarg"
 791              		.file 27 "c:\\program files\\daisytoolchain\\arm-none-eabi\\include\\c++\\10.2.1\\cstdio"
 792              		.file 28 "c:\\program files\\daisytoolchain\\arm-none-eabi\\include\\c++\\10.2.1\\cstring"
 793              		.file 29 "c:\\program files\\daisytoolchain\\arm-none-eabi\\include\\c++\\10.2.1\\cwchar"
 794              		.file 30 "c:\\program files\\daisytoolchain\\arm-none-eabi\\include\\c++\\10.2.1\\clocale"
 795              		.file 31 "c:\\program files\\daisytoolchain\\arm-none-eabi\\include\\c++\\10.2.1\\bits\\basic_stri
 796              		.file 32 "c:\\program files\\daisytoolchain\\arm-none-eabi\\include\\c++\\10.2.1\\bits\\stl_tempbu
 797              		.file 33 "c:\\program files\\daisytoolchain\\arm-none-eabi\\include\\c++\\10.2.1\\bits\\predefined
 798              		.file 34 "c:\\program files\\daisytoolchain\\arm-none-eabi\\include\\sys\\_types.h"
 799              		.file 35 "c:\\program files\\daisytoolchain\\arm-none-eabi\\include\\sys\\reent.h"
 800              		.file 36 "c:\\program files\\daisytoolchain\\arm-none-eabi\\include\\sys\\lock.h"
 801              		.file 37 "c:\\program files\\daisytoolchain\\arm-none-eabi\\include\\math.h"
 802              		.file 38 "c:\\program files\\daisytoolchain\\arm-none-eabi\\include\\stdlib.h"
 803              		.file 39 "c:\\program files\\daisytoolchain\\arm-none-eabi\\include\\c++\\10.2.1\\math.h"
 804              		.file 40 "c:\\program files\\daisytoolchain\\arm-none-eabi\\include\\c++\\10.2.1\\stdlib.h"
 805              		.file 41 "../../libDaisy/src/daisy_core.h"
 806              		.file 42 "../../libDaisy/src/per/tim.h"
 807              		.file 43 "../../libDaisy/src/util/wav_format.h"
 808              		.file 44 "../../libDaisy/src/dev/max11300.h"
 809              		.file 45 "../../libDaisy/src/per/gpio.h"
 810              		.file 46 "../../libDaisy/src/dev/sdram.h"
 811              		.file 47 "c:\\program files\\daisytoolchain\\lib\\gcc\\arm-none-eabi\\10.2.1\\include\\stdarg.h"
 812              		.file 48 "c:\\program files\\daisytoolchain\\arm-none-eabi\\include\\stdio.h"
 813              		.file 49 "c:\\program files\\daisytoolchain\\arm-none-eabi\\include\\string.h"
 814              		.file 50 "../../DaisySP/Source/Control/adenv.h"
 815              		.file 51 "c:\\program files\\daisytoolchain\\arm-none-eabi\\include\\wchar.h"
 816              		.file 52 "c:\\program files\\daisytoolchain\\arm-none-eabi\\include\\locale.h"
 817              		.file 53 "../../libDaisy/src/dev/sr_595.h"
 818              		.file 54 "<built-in>"
ARM GAS  C:\Users\paulb\AppData\Local\Temp\ccttbNhd.s 			page 35


DEFINED SYMBOLS
                            *ABS*:00000000 bpmFrog.cpp
C:\Users\paulb\AppData\Local\Temp\ccttbNhd.s:17     .text._ZN5daisy9DaisySeedD2Ev:00000000 $t
C:\Users\paulb\AppData\Local\Temp\ccttbNhd.s:26     .text._ZN5daisy9DaisySeedD2Ev:00000000 _ZN5daisy9DaisySeedD2Ev
C:\Users\paulb\AppData\Local\Temp\ccttbNhd.s:26     .text._ZN5daisy9DaisySeedD2Ev:00000000 _ZN5daisy9DaisySeedD1Ev
C:\Users\paulb\AppData\Local\Temp\ccttbNhd.s:67     .text._ZN7daisysp10OscillatorD2Ev:00000000 $t
C:\Users\paulb\AppData\Local\Temp\ccttbNhd.s:75     .text._ZN7daisysp10OscillatorD2Ev:00000000 _ZN7daisysp10OscillatorD2Ev
C:\Users\paulb\AppData\Local\Temp\ccttbNhd.s:75     .text._ZN7daisysp10OscillatorD2Ev:00000000 _ZN7daisysp10OscillatorD1Ev
C:\Users\paulb\AppData\Local\Temp\ccttbNhd.s:92     .text._Z10MyCallbackPKfPfj:00000000 $t
C:\Users\paulb\AppData\Local\Temp\ccttbNhd.s:100    .text._Z10MyCallbackPKfPfj:00000000 _Z10MyCallbackPKfPfj
C:\Users\paulb\AppData\Local\Temp\ccttbNhd.s:176    .text._Z10MyCallbackPKfPfj:00000028 $d
C:\Users\paulb\AppData\Local\Temp\ccttbNhd.s:181    .text.startup.main:00000000 $t
C:\Users\paulb\AppData\Local\Temp\ccttbNhd.s:189    .text.startup.main:00000000 main
C:\Users\paulb\AppData\Local\Temp\ccttbNhd.s:519    .text.startup.main:00000104 $d
C:\Users\paulb\AppData\Local\Temp\ccttbNhd.s:538    .text.startup._GLOBAL__sub_I_hardware:00000000 $t
C:\Users\paulb\AppData\Local\Temp\ccttbNhd.s:545    .text.startup._GLOBAL__sub_I_hardware:00000000 _GLOBAL__sub_I_hardware
C:\Users\paulb\AppData\Local\Temp\ccttbNhd.s:686    .text.startup._GLOBAL__sub_I_hardware:00000024 $d
C:\Users\paulb\AppData\Local\Temp\ccttbNhd.s:697    .init_array:00000000 $d
C:\Users\paulb\AppData\Local\Temp\ccttbNhd.s:721    .data.midiNotes:00000000 midiNotes
C:\Users\paulb\AppData\Local\Temp\ccttbNhd.s:714    .bss.osc:00000000 osc
C:\Users\paulb\AppData\Local\Temp\ccttbNhd.s:707    .bss.hardware:00000000 hardware
C:\Users\paulb\AppData\Local\Temp\ccttbNhd.s:703    .bss.hardware:00000000 $d
C:\Users\paulb\AppData\Local\Temp\ccttbNhd.s:710    .bss.osc:00000000 $d
C:\Users\paulb\AppData\Local\Temp\ccttbNhd.s:717    .data.midiNotes:00000000 $d
                           .group:00000000 _ZN5daisy9DaisySeedD5Ev
                           .group:00000000 _ZN7daisysp10OscillatorD5Ev

UNDEFINED SYMBOLS
_ZN7daisysp10Oscillator7ProcessEv
_ZN5daisy9DaisySeed4InitEb
_ZN5daisy9DaisySeed15AudioSampleRateEv
_ZN7daisysp10Oscillator12CalcPhaseIncEf
_ZN5daisy9DaisySeed10StartAudioEPFvPKfPfjE
_ZN5daisy9DaisySeed6GetPinEh
_ZN5daisy16AdcChannelConfig10InitSingleE12dsy_gpio_pinNS0_15ConversionSpeedE
_ZN5daisy9AdcHandle4InitEPNS_16AdcChannelConfigEjNS0_12OverSamplingE
_ZN5daisy9AdcHandle5StartEv
_ZN5daisy6System5DelayEm
_ZNK5daisy9AdcHandle8GetFloatEh
powf
__aeabi_atexit
__dso_handle
