ARM GAS  C:\Users\paulb\AppData\Local\Temp\ccC7EC2S.s 			page 1


   1              		.cpu cortex-m7
   2              		.eabi_attribute 28, 1
   3              		.eabi_attribute 20, 1
   4              		.eabi_attribute 21, 1
   5              		.eabi_attribute 23, 3
   6              		.eabi_attribute 24, 1
   7              		.eabi_attribute 25, 1
   8              		.eabi_attribute 26, 1
   9              		.eabi_attribute 30, 2
  10              		.eabi_attribute 34, 1
  11              		.eabi_attribute 18, 4
  12              		.file	"diarrea_filter.cpp"
  13              		.text
  14              	.Ltext0:
  15              		.cfi_sections	.debug_frame
  16              		.section	.text._ZN5daisy9DaisySeedD2Ev,"axG",%progbits,_ZN5daisy9DaisySeedD5Ev,comdat
  17              		.align	1
  18              		.p2align 2,,3
  19              		.weak	_ZN5daisy9DaisySeedD2Ev
  20              		.arch armv7e-m
  21              		.syntax unified
  22              		.thumb
  23              		.thumb_func
  24              		.fpu fpv5-d16
  26              	_ZN5daisy9DaisySeedD2Ev:
  27              	.LVL0:
  28              	.LFB2555:
  29              		.file 1 "../../libDaisy/src/daisy_seed.h"
   1:../../libDaisy/src/daisy_seed.h **** #pragma once
   2:../../libDaisy/src/daisy_seed.h **** #ifndef DSY_SEED_H
   3:../../libDaisy/src/daisy_seed.h **** #define DSY_SEED_H
   4:../../libDaisy/src/daisy_seed.h **** 
   5:../../libDaisy/src/daisy_seed.h **** #include "daisy.h"
   6:../../libDaisy/src/daisy_seed.h **** 
   7:../../libDaisy/src/daisy_seed.h **** //Uncomment this out if you're still using the rev2 hardware
   8:../../libDaisy/src/daisy_seed.h **** //#define SEED_REV2
   9:../../libDaisy/src/daisy_seed.h **** 
  10:../../libDaisy/src/daisy_seed.h **** namespace daisy
  11:../../libDaisy/src/daisy_seed.h **** {
  12:../../libDaisy/src/daisy_seed.h **** /**
  13:../../libDaisy/src/daisy_seed.h ****    @brief This is the higher-level interface for the Daisy board. \n 
  14:../../libDaisy/src/daisy_seed.h ****     All basic peripheral configuration/initialization is setup here. \n
  15:../../libDaisy/src/daisy_seed.h **** 
  16:../../libDaisy/src/daisy_seed.h ****    @ingroup boards
  17:../../libDaisy/src/daisy_seed.h **** */
  18:../../libDaisy/src/daisy_seed.h **** class DaisySeed
  19:../../libDaisy/src/daisy_seed.h **** {
  20:../../libDaisy/src/daisy_seed.h ****   public:
  21:../../libDaisy/src/daisy_seed.h ****     DaisySeed() {}
  22:../../libDaisy/src/daisy_seed.h ****     ~DaisySeed() {}
  30              		.loc 1 22 5 view -0
  31              		.cfi_startproc
  32              		@ args = 0, pretend = 0, frame = 0
  33              		@ frame_needed = 0, uses_anonymous_args = 0
  34              		@ link register save eliminated.
  35              	.LBB95:
  36              	.LBI95:
ARM GAS  C:\Users\paulb\AppData\Local\Temp\ccC7EC2S.s 			page 2


  37              		.file 2 "../../libDaisy/src/sys/system.h"
   1:../../libDaisy/src/sys/system.h **** #ifndef DSY_SYSTEM_H
   2:../../libDaisy/src/sys/system.h **** #define DSY_SYSTEM_H
   3:../../libDaisy/src/sys/system.h **** 
   4:../../libDaisy/src/sys/system.h **** #ifndef UNIT_TEST // for unit tests, a dummy implementation is provided below
   5:../../libDaisy/src/sys/system.h **** 
   6:../../libDaisy/src/sys/system.h **** #include <cstdint>
   7:../../libDaisy/src/sys/system.h **** #include "per/tim.h"
   8:../../libDaisy/src/sys/system.h **** 
   9:../../libDaisy/src/sys/system.h **** namespace daisy
  10:../../libDaisy/src/sys/system.h **** {
  11:../../libDaisy/src/sys/system.h **** /** A handle for interacting with the Core System.
  12:../../libDaisy/src/sys/system.h ****  ** This includes the Clock tree, MPU, global DMA initialization,
  13:../../libDaisy/src/sys/system.h ****  ** cache handling, and any other necessary global initiailzation
  14:../../libDaisy/src/sys/system.h ****  **
  15:../../libDaisy/src/sys/system.h ****  ** @author shensley
  16:../../libDaisy/src/sys/system.h ****  ** @ingroup system
  17:../../libDaisy/src/sys/system.h ****  */
  18:../../libDaisy/src/sys/system.h **** class System
  19:../../libDaisy/src/sys/system.h **** {
  20:../../libDaisy/src/sys/system.h ****   public:
  21:../../libDaisy/src/sys/system.h ****     /** Contains settings for initializing the System */
  22:../../libDaisy/src/sys/system.h ****     struct Config
  23:../../libDaisy/src/sys/system.h ****     {
  24:../../libDaisy/src/sys/system.h ****         /** Specifies the system clock frequency that feeds APB/AHB clocks, etc. */
  25:../../libDaisy/src/sys/system.h ****         enum class SysClkFreq
  26:../../libDaisy/src/sys/system.h ****         {
  27:../../libDaisy/src/sys/system.h ****             FREQ_400MHZ,
  28:../../libDaisy/src/sys/system.h ****             FREQ_480MHZ,
  29:../../libDaisy/src/sys/system.h ****         };
  30:../../libDaisy/src/sys/system.h **** 
  31:../../libDaisy/src/sys/system.h ****         /** Method to call on the struct to set to defaults
  32:../../libDaisy/src/sys/system.h ****          ** CPU Freq set to 400MHz
  33:../../libDaisy/src/sys/system.h ****          ** Cache Enabled
  34:../../libDaisy/src/sys/system.h ****          ** */
  35:../../libDaisy/src/sys/system.h ****         void Defaults()
  36:../../libDaisy/src/sys/system.h ****         {
  37:../../libDaisy/src/sys/system.h ****             cpu_freq    = SysClkFreq::FREQ_400MHZ;
  38:../../libDaisy/src/sys/system.h ****             use_dcache  = true;
  39:../../libDaisy/src/sys/system.h ****             use_icache  = true;
  40:../../libDaisy/src/sys/system.h ****             skip_clocks = false;
  41:../../libDaisy/src/sys/system.h ****         }
  42:../../libDaisy/src/sys/system.h **** 
  43:../../libDaisy/src/sys/system.h ****         /** Method to call on the struct to set to boost mode:
  44:../../libDaisy/src/sys/system.h ****          ** CPU Freq set to 480MHz
  45:../../libDaisy/src/sys/system.h ****          ** Cache Enabled
  46:../../libDaisy/src/sys/system.h ****          ** */
  47:../../libDaisy/src/sys/system.h ****         void Boost()
  48:../../libDaisy/src/sys/system.h ****         {
  49:../../libDaisy/src/sys/system.h ****             cpu_freq    = SysClkFreq::FREQ_480MHZ;
  50:../../libDaisy/src/sys/system.h ****             use_dcache  = true;
  51:../../libDaisy/src/sys/system.h ****             use_icache  = true;
  52:../../libDaisy/src/sys/system.h ****             skip_clocks = false;
  53:../../libDaisy/src/sys/system.h ****         }
  54:../../libDaisy/src/sys/system.h **** 
  55:../../libDaisy/src/sys/system.h ****         SysClkFreq cpu_freq;
  56:../../libDaisy/src/sys/system.h ****         bool       use_dcache;
ARM GAS  C:\Users\paulb\AppData\Local\Temp\ccC7EC2S.s 			page 3


  57:../../libDaisy/src/sys/system.h ****         bool       use_icache;
  58:../../libDaisy/src/sys/system.h ****         bool       skip_clocks;
  59:../../libDaisy/src/sys/system.h ****     };
  60:../../libDaisy/src/sys/system.h **** 
  61:../../libDaisy/src/sys/system.h ****     /** Describes the different regions of memory available to the Daisy */
  62:../../libDaisy/src/sys/system.h ****     enum MemoryRegion
  63:../../libDaisy/src/sys/system.h ****     {
  64:../../libDaisy/src/sys/system.h ****         INTERNAL_FLASH = 0,
  65:../../libDaisy/src/sys/system.h ****         ITCMRAM,
  66:../../libDaisy/src/sys/system.h ****         DTCMRAM,
  67:../../libDaisy/src/sys/system.h ****         SRAM_D1,
  68:../../libDaisy/src/sys/system.h ****         SRAM_D2,
  69:../../libDaisy/src/sys/system.h ****         SRAM_D3,
  70:../../libDaisy/src/sys/system.h ****         SDRAM,
  71:../../libDaisy/src/sys/system.h ****         QSPI,
  72:../../libDaisy/src/sys/system.h ****         INVALID_ADDRESS,
  73:../../libDaisy/src/sys/system.h ****     };
  74:../../libDaisy/src/sys/system.h **** 
  75:../../libDaisy/src/sys/system.h ****     /** Bootloader struct for controlling bootloading parameters */
  76:../../libDaisy/src/sys/system.h ****     struct BootInfo
  77:../../libDaisy/src/sys/system.h ****     {
  78:../../libDaisy/src/sys/system.h ****         enum class Type : uint32_t
  79:../../libDaisy/src/sys/system.h ****         {
  80:../../libDaisy/src/sys/system.h ****             INVALID      = 0x00000000,
  81:../../libDaisy/src/sys/system.h ****             JUMP         = 0xDEADBEEF,
  82:../../libDaisy/src/sys/system.h ****             SKIP_TIMEOUT = 0x5AFEB007,
  83:../../libDaisy/src/sys/system.h ****             INF_TIMEOUT  = 0xB0074EFA,
  84:../../libDaisy/src/sys/system.h ****         } status;
  85:../../libDaisy/src/sys/system.h ****         uint32_t data;
  86:../../libDaisy/src/sys/system.h ****         enum class Version : uint32_t
  87:../../libDaisy/src/sys/system.h ****         {
  88:../../libDaisy/src/sys/system.h ****             LT_v6_0 = 0, // Less than v6.0
  89:../../libDaisy/src/sys/system.h ****             NONE,        // No bootloader present
  90:../../libDaisy/src/sys/system.h ****             v6_0,        // v6.0
  91:../../libDaisy/src/sys/system.h ****             v6_1,        // v6.1 or greater
  92:../../libDaisy/src/sys/system.h ****             LAST
  93:../../libDaisy/src/sys/system.h ****         } version;
  94:../../libDaisy/src/sys/system.h ****     };
  95:../../libDaisy/src/sys/system.h **** 
  96:../../libDaisy/src/sys/system.h ****     System() {}
  97:../../libDaisy/src/sys/system.h ****     ~System() {}
  38              		.loc 2 97 5 view .LVU1
  39              		.loc 2 97 5 is_stmt 0 view .LVU2
  40              	.LBE95:
  41              	.LBB96:
  42              	.LBI96:
  43              		.file 3 "../../libDaisy/src/hid/usb.h"
   1:../../libDaisy/src/hid/usb.h **** #pragma once
   2:../../libDaisy/src/hid/usb.h **** #ifndef DSY_HID_USB_H
   3:../../libDaisy/src/hid/usb.h **** #define DSY_HID_USB_H
   4:../../libDaisy/src/hid/usb.h **** #include <stdint.h>
   5:../../libDaisy/src/hid/usb.h **** #include <stdlib.h>
   6:../../libDaisy/src/hid/usb.h **** 
   7:../../libDaisy/src/hid/usb.h **** namespace daisy
   8:../../libDaisy/src/hid/usb.h **** /** @addtogroup human_interface
   9:../../libDaisy/src/hid/usb.h ****     @{
  10:../../libDaisy/src/hid/usb.h **** */
ARM GAS  C:\Users\paulb\AppData\Local\Temp\ccC7EC2S.s 			page 4


  11:../../libDaisy/src/hid/usb.h **** 
  12:../../libDaisy/src/hid/usb.h **** {
  13:../../libDaisy/src/hid/usb.h **** /** 
  14:../../libDaisy/src/hid/usb.h ****     @brief Interface for initializing and using the USB Peripherals on the daisy
  15:../../libDaisy/src/hid/usb.h ****     @author Stephen Hensley
  16:../../libDaisy/src/hid/usb.h ****     @date December 2019
  17:../../libDaisy/src/hid/usb.h **** */
  18:../../libDaisy/src/hid/usb.h **** class UsbHandle
  19:../../libDaisy/src/hid/usb.h **** {
  20:../../libDaisy/src/hid/usb.h ****   public:
  21:../../libDaisy/src/hid/usb.h ****     /** Return values for USBHandle Functions */
  22:../../libDaisy/src/hid/usb.h ****     enum class Result
  23:../../libDaisy/src/hid/usb.h ****     {
  24:../../libDaisy/src/hid/usb.h ****         OK,
  25:../../libDaisy/src/hid/usb.h ****         ERR,
  26:../../libDaisy/src/hid/usb.h ****     };
  27:../../libDaisy/src/hid/usb.h **** 
  28:../../libDaisy/src/hid/usb.h ****     /** Specified which of the two USB Peripherals to initialize. */
  29:../../libDaisy/src/hid/usb.h ****     enum UsbPeriph
  30:../../libDaisy/src/hid/usb.h ****     {
  31:../../libDaisy/src/hid/usb.h ****         FS_INTERNAL, /**< Internal pin */
  32:../../libDaisy/src/hid/usb.h ****         FS_EXTERNAL, /**< FS External D+ pin is Pin 38 (GPIO32). FS External D- pin is Pin 37 (GPIO
  33:../../libDaisy/src/hid/usb.h ****         FS_BOTH,     /**< Both */
  34:../../libDaisy/src/hid/usb.h ****     };
  35:../../libDaisy/src/hid/usb.h **** 
  36:../../libDaisy/src/hid/usb.h **** 
  37:../../libDaisy/src/hid/usb.h ****     /** Function called upon reception of a buffer */
  38:../../libDaisy/src/hid/usb.h ****     typedef void (*ReceiveCallback)(uint8_t* buff, uint32_t* len);
  39:../../libDaisy/src/hid/usb.h **** 
  40:../../libDaisy/src/hid/usb.h ****     UsbHandle() {}
  41:../../libDaisy/src/hid/usb.h **** 
  42:../../libDaisy/src/hid/usb.h ****     ~UsbHandle() {}
  44              		.loc 3 42 5 is_stmt 1 view .LVU3
  45              		.loc 3 42 5 is_stmt 0 view .LVU4
  46              	.LBE96:
  47              	.LBB97:
  48              	.LBI97:
  49              		.file 4 "../../libDaisy/src/per/adc.h"
   1:../../libDaisy/src/per/adc.h **** #pragma once
   2:../../libDaisy/src/per/adc.h **** #ifndef DSY_ADC_H
   3:../../libDaisy/src/per/adc.h **** #define DSY_ADC_H /**< Macro */
   4:../../libDaisy/src/per/adc.h **** #include <stdint.h>
   5:../../libDaisy/src/per/adc.h **** #include <stdlib.h>
   6:../../libDaisy/src/per/adc.h **** #include "daisy_core.h"
   7:../../libDaisy/src/per/adc.h **** #include "per/gpio.h"
   8:../../libDaisy/src/per/adc.h **** 
   9:../../libDaisy/src/per/adc.h **** #define DSY_ADC_MAX_CHANNELS 16 /**< Maximum number of ADC channels */
  10:../../libDaisy/src/per/adc.h **** 
  11:../../libDaisy/src/per/adc.h **** namespace daisy
  12:../../libDaisy/src/per/adc.h **** {
  13:../../libDaisy/src/per/adc.h **** /** @addtogroup per_analog
  14:../../libDaisy/src/per/adc.h ****     @{
  15:../../libDaisy/src/per/adc.h **** */
  16:../../libDaisy/src/per/adc.h **** 
  17:../../libDaisy/src/per/adc.h **** /* While there may not be many configuration options here,
  18:../../libDaisy/src/per/adc.h **** using a struct like this allows us to add more configuration
  19:../../libDaisy/src/per/adc.h **** later without breaking existing functionality.
ARM GAS  C:\Users\paulb\AppData\Local\Temp\ccC7EC2S.s 			page 5


  20:../../libDaisy/src/per/adc.h **** */
  21:../../libDaisy/src/per/adc.h **** 
  22:../../libDaisy/src/per/adc.h **** /** @brief   Configuration Structure for an ADC Channel 
  23:../../libDaisy/src/per/adc.h ****  *  @details This can be used to configure a a single input, 
  24:../../libDaisy/src/per/adc.h ****  *           or a multiplexed input, allowing up to 8 inputs on 
  25:../../libDaisy/src/per/adc.h ****  *           one channel.
  26:../../libDaisy/src/per/adc.h ****  *  @note    Sharing data lines to multiple muxes _is_ possible, but
  27:../../libDaisy/src/per/adc.h ****  *           each channel sharing data lines must be set to the maximum
  28:../../libDaisy/src/per/adc.h ****  *           number of channels, even if some multiplexers have fewer
  29:../../libDaisy/src/per/adc.h ****  *           inputs connected.
  30:../../libDaisy/src/per/adc.h **** */
  31:../../libDaisy/src/per/adc.h **** struct AdcChannelConfig
  32:../../libDaisy/src/per/adc.h **** {
  33:../../libDaisy/src/per/adc.h ****     /** Which pin to use for multiplexing */
  34:../../libDaisy/src/per/adc.h ****     enum MuxPin
  35:../../libDaisy/src/per/adc.h ****     {
  36:../../libDaisy/src/per/adc.h ****         MUX_SEL_0,    /**< & */
  37:../../libDaisy/src/per/adc.h ****         MUX_SEL_1,    /**< & */
  38:../../libDaisy/src/per/adc.h ****         MUX_SEL_2,    /**< & */
  39:../../libDaisy/src/per/adc.h ****         MUX_SEL_LAST, /**< & */
  40:../../libDaisy/src/per/adc.h ****     };
  41:../../libDaisy/src/per/adc.h **** 
  42:../../libDaisy/src/per/adc.h ****     /** \brief per channel conversion speed added to fixed time based on bitdepth, etc. */
  43:../../libDaisy/src/per/adc.h ****     enum ConversionSpeed
  44:../../libDaisy/src/per/adc.h ****     {
  45:../../libDaisy/src/per/adc.h ****         SPEED_1CYCLES_5,
  46:../../libDaisy/src/per/adc.h ****         SPEED_2CYCLES_5,
  47:../../libDaisy/src/per/adc.h ****         SPEED_8CYCLES_5,
  48:../../libDaisy/src/per/adc.h ****         SPEED_16CYCLES_5,
  49:../../libDaisy/src/per/adc.h ****         SPEED_32CYCLES_5,
  50:../../libDaisy/src/per/adc.h ****         SPEED_64CYCLES_5,
  51:../../libDaisy/src/per/adc.h ****         SPEED_387CYCLES_5,
  52:../../libDaisy/src/per/adc.h ****         SPEED_810CYCLES_5,
  53:../../libDaisy/src/per/adc.h ****     };
  54:../../libDaisy/src/per/adc.h **** 
  55:../../libDaisy/src/per/adc.h ****     /** Initializes a single ADC pin as an ADC. 
  56:../../libDaisy/src/per/adc.h ****     \param pin Pin to init.
  57:../../libDaisy/src/per/adc.h ****     \param speed conversion speed for this pin defaults to 8.5 cycles
  58:../../libDaisy/src/per/adc.h ****      */
  59:../../libDaisy/src/per/adc.h ****     void InitSingle(dsy_gpio_pin pin, ConversionSpeed speed = SPEED_8CYCLES_5);
  60:../../libDaisy/src/per/adc.h **** 
  61:../../libDaisy/src/per/adc.h ****     /** 
  62:../../libDaisy/src/per/adc.h ****     Initializes a single ADC pin as a Multiplexed ADC.
  63:../../libDaisy/src/per/adc.h ****     Requires a CD405X Multiplexer connected to the pin.
  64:../../libDaisy/src/per/adc.h ****     You only need to supply the mux pins that are required,
  65:../../libDaisy/src/per/adc.h ****     e.g. a 4052 mux would only require mux_0 and mux_1.
  66:../../libDaisy/src/per/adc.h ****     Internal Callbacks handle the pin addressing.
  67:../../libDaisy/src/per/adc.h ****     \param adc_pin &
  68:../../libDaisy/src/per/adc.h ****     \param mux_channels must be 1-8
  69:../../libDaisy/src/per/adc.h ****     \param mux_0 First mux pin
  70:../../libDaisy/src/per/adc.h ****     \param mux_1 Second mux pin
  71:../../libDaisy/src/per/adc.h ****     \param mux_2 Third mux pin
  72:../../libDaisy/src/per/adc.h ****     \param speed conversion speed for this pin defaults to 8.5 cycles
  73:../../libDaisy/src/per/adc.h ****     */
  74:../../libDaisy/src/per/adc.h ****     void InitMux(dsy_gpio_pin    adc_pin,
  75:../../libDaisy/src/per/adc.h ****                  size_t          mux_channels,
  76:../../libDaisy/src/per/adc.h ****                  dsy_gpio_pin    mux_0,
ARM GAS  C:\Users\paulb\AppData\Local\Temp\ccC7EC2S.s 			page 6


  77:../../libDaisy/src/per/adc.h ****                  dsy_gpio_pin    mux_1 = {DSY_GPIOX, 0},
  78:../../libDaisy/src/per/adc.h ****                  dsy_gpio_pin    mux_2 = {DSY_GPIOX, 0},
  79:../../libDaisy/src/per/adc.h ****                  ConversionSpeed speed = SPEED_8CYCLES_5);
  80:../../libDaisy/src/per/adc.h **** 
  81:../../libDaisy/src/per/adc.h ****     dsy_gpio        pin_;                   /**< & */
  82:../../libDaisy/src/per/adc.h ****     dsy_gpio        mux_pin_[MUX_SEL_LAST]; /**< & */
  83:../../libDaisy/src/per/adc.h ****     uint8_t         mux_channels_;          /**< & */
  84:../../libDaisy/src/per/adc.h ****     ConversionSpeed speed_;
  85:../../libDaisy/src/per/adc.h **** };
  86:../../libDaisy/src/per/adc.h **** 
  87:../../libDaisy/src/per/adc.h **** /**
  88:../../libDaisy/src/per/adc.h ****    @brief Handler for analog to digital conversion
  89:../../libDaisy/src/per/adc.h **** */
  90:../../libDaisy/src/per/adc.h **** class AdcHandle
  91:../../libDaisy/src/per/adc.h **** {
  92:../../libDaisy/src/per/adc.h ****   public:
  93:../../libDaisy/src/per/adc.h ****     /** Supported oversampling amounts */
  94:../../libDaisy/src/per/adc.h ****     enum OverSampling
  95:../../libDaisy/src/per/adc.h ****     {
  96:../../libDaisy/src/per/adc.h ****         OVS_NONE, /**< & */
  97:../../libDaisy/src/per/adc.h ****         OVS_4,    /**< & */
  98:../../libDaisy/src/per/adc.h ****         OVS_8,    /**< & */
  99:../../libDaisy/src/per/adc.h ****         OVS_16,   /**< & */
 100:../../libDaisy/src/per/adc.h ****         OVS_32,   /**< & */
 101:../../libDaisy/src/per/adc.h ****         OVS_64,   /**< & */
 102:../../libDaisy/src/per/adc.h ****         OVS_128,  /**< & */
 103:../../libDaisy/src/per/adc.h ****         OVS_256,  /**< & */
 104:../../libDaisy/src/per/adc.h ****         OVS_512,  /**< & */
 105:../../libDaisy/src/per/adc.h ****         OVS_1024, /**< & */
 106:../../libDaisy/src/per/adc.h ****         OVS_LAST, /**< & */
 107:../../libDaisy/src/per/adc.h ****     };
 108:../../libDaisy/src/per/adc.h **** 
 109:../../libDaisy/src/per/adc.h ****     AdcHandle() {}
 110:../../libDaisy/src/per/adc.h ****     ~AdcHandle() {}
  50              		.loc 4 110 5 is_stmt 1 view .LVU5
  51              		.loc 4 110 5 is_stmt 0 view .LVU6
  52              	.LBE97:
  53              	.LBB98:
  54              	.LBI98:
  55              		.file 5 "../../libDaisy/src/hid/audio.h"
   1:../../libDaisy/src/hid/audio.h **** #ifndef DSY_AUDIO_H
   2:../../libDaisy/src/hid/audio.h **** #define DSY_AUDIO_H /**< & */
   3:../../libDaisy/src/hid/audio.h **** 
   4:../../libDaisy/src/hid/audio.h **** #include "per/sai.h"
   5:../../libDaisy/src/hid/audio.h **** 
   6:../../libDaisy/src/hid/audio.h **** namespace daisy
   7:../../libDaisy/src/hid/audio.h **** {
   8:../../libDaisy/src/hid/audio.h **** /** @brief Audio Engine Handle
   9:../../libDaisy/src/hid/audio.h ****  *  @ingroup audio 
  10:../../libDaisy/src/hid/audio.h ****  *  @details This class allows for higher level access to an audio engine.
  11:../../libDaisy/src/hid/audio.h ****  *           If you're using a SOM like the DaisySeed or DaisyPatchSM (or any 
  12:../../libDaisy/src/hid/audio.h ****  *            board that includes one of those objects) then the intialization
  13:../../libDaisy/src/hid/audio.h ****  *            is already taken  care of.
  14:../../libDaisy/src/hid/audio.h ****  *           If you're setting up your own custom hardware, or need to make changes
  15:../../libDaisy/src/hid/audio.h ****  *           you will have to take the following steps:
  16:../../libDaisy/src/hid/audio.h ****  *             1. Create and Initialize an SaiHandle or two depending on your requirements
  17:../../libDaisy/src/hid/audio.h ****  *             2. Initialize the Audio Handle with the desired settings and the Initialized SaiHand
ARM GAS  C:\Users\paulb\AppData\Local\Temp\ccC7EC2S.s 			page 7


  18:../../libDaisy/src/hid/audio.h ****  *             3. If the connected codec requires special configuration or initialization, do so
  19:../../libDaisy/src/hid/audio.h ****  *             4. Write a callback method using either the AudioCallback or the InterleavingAudioCa
  20:../../libDaisy/src/hid/audio.h ****  *             5. Start the Audio using one of the StartAudio function
  21:../../libDaisy/src/hid/audio.h ****  */
  22:../../libDaisy/src/hid/audio.h **** class AudioHandle
  23:../../libDaisy/src/hid/audio.h **** {
  24:../../libDaisy/src/hid/audio.h ****   public:
  25:../../libDaisy/src/hid/audio.h ****     /** Manually configurable details about the Audio Engine */
  26:../../libDaisy/src/hid/audio.h ****     /** TODO: Figure out how to get samplerate in here. */
  27:../../libDaisy/src/hid/audio.h ****     struct Config
  28:../../libDaisy/src/hid/audio.h ****     {
  29:../../libDaisy/src/hid/audio.h ****         /** number of samples to process per callback */
  30:../../libDaisy/src/hid/audio.h ****         size_t blocksize;
  31:../../libDaisy/src/hid/audio.h **** 
  32:../../libDaisy/src/hid/audio.h ****         /**< Sample rate of audio */
  33:../../libDaisy/src/hid/audio.h ****         SaiHandle::Config::SampleRate samplerate;
  34:../../libDaisy/src/hid/audio.h **** 
  35:../../libDaisy/src/hid/audio.h ****         /** factor for adjustment before and after callback for hardware that may have extra headro
  36:../../libDaisy/src/hid/audio.h ****         float postgain;
  37:../../libDaisy/src/hid/audio.h **** 
  38:../../libDaisy/src/hid/audio.h ****         /** factor for additional one-sided compensation to audio path for hardware that may
  39:../../libDaisy/src/hid/audio.h ****          *  have unequal input/output ranges
  40:../../libDaisy/src/hid/audio.h ****          */
  41:../../libDaisy/src/hid/audio.h ****         float output_compensation;
  42:../../libDaisy/src/hid/audio.h **** 
  43:../../libDaisy/src/hid/audio.h ****         /** Sets default values for config struct */
  44:../../libDaisy/src/hid/audio.h ****         Config()
  45:../../libDaisy/src/hid/audio.h ****         : blocksize(48),
  46:../../libDaisy/src/hid/audio.h ****           samplerate(SaiHandle::Config::SampleRate::SAI_48KHZ),
  47:../../libDaisy/src/hid/audio.h ****           postgain(1.f),
  48:../../libDaisy/src/hid/audio.h ****           output_compensation(1.f)
  49:../../libDaisy/src/hid/audio.h ****         {
  50:../../libDaisy/src/hid/audio.h ****         }
  51:../../libDaisy/src/hid/audio.h ****     };
  52:../../libDaisy/src/hid/audio.h **** 
  53:../../libDaisy/src/hid/audio.h ****     enum class Result
  54:../../libDaisy/src/hid/audio.h ****     {
  55:../../libDaisy/src/hid/audio.h ****         OK,
  56:../../libDaisy/src/hid/audio.h ****         ERR,
  57:../../libDaisy/src/hid/audio.h ****     };
  58:../../libDaisy/src/hid/audio.h **** 
  59:../../libDaisy/src/hid/audio.h ****     /** Non-Interleaving input buffer
  60:../../libDaisy/src/hid/audio.h ****      * Buffer arranged by float[chn][sample] 
  61:../../libDaisy/src/hid/audio.h ****      * const so that the user can't modify the input
  62:../../libDaisy/src/hid/audio.h ****      */
  63:../../libDaisy/src/hid/audio.h ****     typedef const float* const* InputBuffer;
  64:../../libDaisy/src/hid/audio.h **** 
  65:../../libDaisy/src/hid/audio.h ****     /** Non-Interleaving output buffer
  66:../../libDaisy/src/hid/audio.h ****      * Arranged by float[chn][sample] 
  67:../../libDaisy/src/hid/audio.h ****      */
  68:../../libDaisy/src/hid/audio.h ****     typedef float** OutputBuffer;
  69:../../libDaisy/src/hid/audio.h **** 
  70:../../libDaisy/src/hid/audio.h ****     /** Type for a Non-Interleaving audio callback 
  71:../../libDaisy/src/hid/audio.h ****      * Non-Interleaving audio callbacks in daisy will be of this type
  72:../../libDaisy/src/hid/audio.h ****      */
  73:../../libDaisy/src/hid/audio.h ****     typedef void (*AudioCallback)(InputBuffer  in,
  74:../../libDaisy/src/hid/audio.h ****                                   OutputBuffer out,
ARM GAS  C:\Users\paulb\AppData\Local\Temp\ccC7EC2S.s 			page 8


  75:../../libDaisy/src/hid/audio.h ****                                   size_t       size);
  76:../../libDaisy/src/hid/audio.h **** 
  77:../../libDaisy/src/hid/audio.h ****     /** Interleaving Input buffer
  78:../../libDaisy/src/hid/audio.h ****      ** audio is prepared as { L0, R0, L1, R1, . . . LN, RN }]
  79:../../libDaisy/src/hid/audio.h ****      ** this is const, as the user shouldn't modify it
  80:../../libDaisy/src/hid/audio.h ****     */
  81:../../libDaisy/src/hid/audio.h ****     typedef const float* InterleavingInputBuffer;
  82:../../libDaisy/src/hid/audio.h **** 
  83:../../libDaisy/src/hid/audio.h ****     /** Interleaving Output buffer 
  84:../../libDaisy/src/hid/audio.h ****      ** audio is prepared as { L0, R0, L1, R1, . . . LN, RN }
  85:../../libDaisy/src/hid/audio.h ****     */
  86:../../libDaisy/src/hid/audio.h ****     typedef float* InterleavingOutputBuffer;
  87:../../libDaisy/src/hid/audio.h **** 
  88:../../libDaisy/src/hid/audio.h ****     /** Interleaving Audio Callback 
  89:../../libDaisy/src/hid/audio.h ****      * Interleaving audio callbacks in daisy must be of this type
  90:../../libDaisy/src/hid/audio.h ****      */
  91:../../libDaisy/src/hid/audio.h ****     typedef void (*InterleavingAudioCallback)(InterleavingInputBuffer  in,
  92:../../libDaisy/src/hid/audio.h ****                                               InterleavingOutputBuffer out,
  93:../../libDaisy/src/hid/audio.h ****                                               size_t                   size);
  94:../../libDaisy/src/hid/audio.h **** 
  95:../../libDaisy/src/hid/audio.h ****     AudioHandle() : pimpl_(nullptr) {}
  96:../../libDaisy/src/hid/audio.h ****     ~AudioHandle() {}
  56              		.loc 5 96 5 is_stmt 1 view .LVU7
  57              		.loc 5 96 5 is_stmt 0 view .LVU8
  58              	.LBE98:
  59              		.loc 1 22 19 view .LVU9
  60 0000 7047     		bx	lr
  61              		.cfi_endproc
  62              	.LFE2555:
  64              		.weak	_ZN5daisy9DaisySeedD1Ev
  65              		.thumb_set _ZN5daisy9DaisySeedD1Ev,_ZN5daisy9DaisySeedD2Ev
  66 0002 00BF     		.section	.text._ZN7daisysp4AdsrD2Ev,"axG",%progbits,_ZN7daisysp4AdsrD5Ev,comdat
  67              		.align	1
  68              		.p2align 2,,3
  69              		.weak	_ZN7daisysp4AdsrD2Ev
  70              		.syntax unified
  71              		.thumb
  72              		.thumb_func
  73              		.fpu fpv5-d16
  75              	_ZN7daisysp4AdsrD2Ev:
  76              	.LVL1:
  77              	.LFB2578:
  78              		.file 6 "../../DaisySP/Source/Control/adsr.h"
   1:../../DaisySP/Source/Control/adsr.h **** /*
   2:../../DaisySP/Source/Control/adsr.h **** Copyright (c) 2020 Electrosmith, Corp, Paul Batchelor
   3:../../DaisySP/Source/Control/adsr.h **** 
   4:../../DaisySP/Source/Control/adsr.h **** Use of this source code is governed by an MIT-style
   5:../../DaisySP/Source/Control/adsr.h **** license that can be found in the LICENSE file or at
   6:../../DaisySP/Source/Control/adsr.h **** https://opensource.org/licenses/MIT.
   7:../../DaisySP/Source/Control/adsr.h **** */
   8:../../DaisySP/Source/Control/adsr.h **** 
   9:../../DaisySP/Source/Control/adsr.h **** #pragma once
  10:../../DaisySP/Source/Control/adsr.h **** #ifndef DSY_ADSR_H
  11:../../DaisySP/Source/Control/adsr.h **** #define DSY_ADSR_H
  12:../../DaisySP/Source/Control/adsr.h **** 
  13:../../DaisySP/Source/Control/adsr.h **** #include <stdint.h>
  14:../../DaisySP/Source/Control/adsr.h **** #ifdef __cplusplus
ARM GAS  C:\Users\paulb\AppData\Local\Temp\ccC7EC2S.s 			page 9


  15:../../DaisySP/Source/Control/adsr.h **** 
  16:../../DaisySP/Source/Control/adsr.h **** namespace daisysp
  17:../../DaisySP/Source/Control/adsr.h **** {
  18:../../DaisySP/Source/Control/adsr.h **** /** Distinct stages that the phase of the envelope can be located in.
  19:../../DaisySP/Source/Control/adsr.h **** - IDLE   = located at phase location 0, and not currently running
  20:../../DaisySP/Source/Control/adsr.h **** - ATTACK  = First segment of envelope where phase moves from 0 to 1
  21:../../DaisySP/Source/Control/adsr.h **** - DECAY   = Second segment of envelope where phase moves from 1 to SUSTAIN value
  22:../../DaisySP/Source/Control/adsr.h **** - RELEASE =     Fourth segment of envelop where phase moves from SUSTAIN to 0
  23:../../DaisySP/Source/Control/adsr.h **** */
  24:../../DaisySP/Source/Control/adsr.h **** enum
  25:../../DaisySP/Source/Control/adsr.h **** {
  26:../../DaisySP/Source/Control/adsr.h ****     ADSR_SEG_IDLE    = 0,
  27:../../DaisySP/Source/Control/adsr.h ****     ADSR_SEG_ATTACK  = 1,
  28:../../DaisySP/Source/Control/adsr.h ****     ADSR_SEG_DECAY   = 2,
  29:../../DaisySP/Source/Control/adsr.h ****     ADSR_SEG_RELEASE = 4
  30:../../DaisySP/Source/Control/adsr.h **** };
  31:../../DaisySP/Source/Control/adsr.h **** 
  32:../../DaisySP/Source/Control/adsr.h **** 
  33:../../DaisySP/Source/Control/adsr.h **** /** adsr envelope module
  34:../../DaisySP/Source/Control/adsr.h **** 
  35:../../DaisySP/Source/Control/adsr.h **** Original author(s) : Paul Batchelor
  36:../../DaisySP/Source/Control/adsr.h **** 
  37:../../DaisySP/Source/Control/adsr.h **** Ported from Soundpipe by Ben Sergentanis, May 2020
  38:../../DaisySP/Source/Control/adsr.h ****  
  39:../../DaisySP/Source/Control/adsr.h **** Remake by Steffan DIedrichsen, May 2021
  40:../../DaisySP/Source/Control/adsr.h **** */
  41:../../DaisySP/Source/Control/adsr.h **** class Adsr
  42:../../DaisySP/Source/Control/adsr.h **** {
  43:../../DaisySP/Source/Control/adsr.h ****   public:
  44:../../DaisySP/Source/Control/adsr.h ****     Adsr() {}
  45:../../DaisySP/Source/Control/adsr.h ****     ~Adsr() {}
  79              		.loc 6 45 5 is_stmt 1 view -0
  80              		.cfi_startproc
  81              		@ args = 0, pretend = 0, frame = 0
  82              		@ frame_needed = 0, uses_anonymous_args = 0
  83              		@ link register save eliminated.
  84              		.loc 6 45 14 is_stmt 0 view .LVU11
  85 0000 7047     		bx	lr
  86              		.cfi_endproc
  87              	.LFE2578:
  89              		.weak	_ZN7daisysp4AdsrD1Ev
  90              		.thumb_set _ZN7daisysp4AdsrD1Ev,_ZN7daisysp4AdsrD2Ev
  91              		.section	.text._ZN7daisysp10OscillatorD2Ev,"axG",%progbits,_ZN7daisysp10OscillatorD5Ev,comdat
  92              		.align	1
  93              		.p2align 2,,3
  94              		.weak	_ZN7daisysp10OscillatorD2Ev
  95              		.syntax unified
  96              		.thumb
  97              		.thumb_func
  98              		.fpu fpv5-d16
 100              	_ZN7daisysp10OscillatorD2Ev:
 101              	.LVL2:
 102              	.LFB4240:
 103              		.file 7 "../../DaisySP/Source/Synthesis/oscillator.h"
   1:../../DaisySP/Source/Synthesis/oscillator.h **** /*
   2:../../DaisySP/Source/Synthesis/oscillator.h **** Copyright (c) 2020 Electrosmith, Corp
   3:../../DaisySP/Source/Synthesis/oscillator.h **** 
ARM GAS  C:\Users\paulb\AppData\Local\Temp\ccC7EC2S.s 			page 10


   4:../../DaisySP/Source/Synthesis/oscillator.h **** Use of this source code is governed by an MIT-style
   5:../../DaisySP/Source/Synthesis/oscillator.h **** license that can be found in the LICENSE file or at
   6:../../DaisySP/Source/Synthesis/oscillator.h **** https://opensource.org/licenses/MIT.
   7:../../DaisySP/Source/Synthesis/oscillator.h **** */
   8:../../DaisySP/Source/Synthesis/oscillator.h **** 
   9:../../DaisySP/Source/Synthesis/oscillator.h **** #pragma once
  10:../../DaisySP/Source/Synthesis/oscillator.h **** #ifndef DSY_OSCILLATOR_H
  11:../../DaisySP/Source/Synthesis/oscillator.h **** #define DSY_OSCILLATOR_H
  12:../../DaisySP/Source/Synthesis/oscillator.h **** #include <stdint.h>
  13:../../DaisySP/Source/Synthesis/oscillator.h **** #include "Utility/dsp.h"
  14:../../DaisySP/Source/Synthesis/oscillator.h **** #ifdef __cplusplus
  15:../../DaisySP/Source/Synthesis/oscillator.h **** 
  16:../../DaisySP/Source/Synthesis/oscillator.h **** namespace daisysp
  17:../../DaisySP/Source/Synthesis/oscillator.h **** {
  18:../../DaisySP/Source/Synthesis/oscillator.h **** /** Synthesis of several waveforms, including polyBLEP bandlimited waveforms.
  19:../../DaisySP/Source/Synthesis/oscillator.h **** */
  20:../../DaisySP/Source/Synthesis/oscillator.h **** class Oscillator
  21:../../DaisySP/Source/Synthesis/oscillator.h **** {
  22:../../DaisySP/Source/Synthesis/oscillator.h ****   public:
  23:../../DaisySP/Source/Synthesis/oscillator.h ****     Oscillator() {}
  24:../../DaisySP/Source/Synthesis/oscillator.h ****     ~Oscillator() {}
 104              		.loc 7 24 5 is_stmt 1 view -0
 105              		.cfi_startproc
 106              		@ args = 0, pretend = 0, frame = 0
 107              		@ frame_needed = 0, uses_anonymous_args = 0
 108              		@ link register save eliminated.
 109              		.loc 7 24 20 is_stmt 0 view .LVU13
 110 0000 7047     		bx	lr
 111              		.cfi_endproc
 112              	.LFE4240:
 114              		.weak	_ZN7daisysp10OscillatorD1Ev
 115              		.thumb_set _ZN7daisysp10OscillatorD1Ev,_ZN7daisysp10OscillatorD2Ev
 116              		.section	.text._Z10MyCallbackPKfPfj,"ax",%progbits
 117              		.align	1
 118              		.p2align 2,,3
 119              		.global	_Z10MyCallbackPKfPfj
 120              		.syntax unified
 121              		.thumb
 122              		.thumb_func
 123              		.fpu fpv5-d16
 125              	_Z10MyCallbackPKfPfj:
 126              	.LVL3:
 127              	.LFB4681:
 128              		.file 8 "diarrea_filter.cpp"
   1:diarrea_filter.cpp **** #include "daisy_seed.h"
   2:diarrea_filter.cpp **** #include "daisysp.h"
   3:diarrea_filter.cpp **** 
   4:diarrea_filter.cpp **** 
   5:diarrea_filter.cpp **** using namespace daisy;
   6:diarrea_filter.cpp **** using namespace daisysp;
   7:diarrea_filter.cpp **** 
   8:diarrea_filter.cpp **** DaisySeed  hardware;
   9:diarrea_filter.cpp **** Oscillator osc;
  10:diarrea_filter.cpp **** Adsr       adsr;
  11:diarrea_filter.cpp **** bool       gate = false;
  12:diarrea_filter.cpp **** 
  13:diarrea_filter.cpp **** bool on = true;
ARM GAS  C:\Users\paulb\AppData\Local\Temp\ccC7EC2S.s 			page 11


  14:diarrea_filter.cpp **** 
  15:diarrea_filter.cpp **** void MyCallback(AudioHandle::InterleavingInputBuffer  in,
  16:diarrea_filter.cpp ****                 AudioHandle::InterleavingOutputBuffer out,
  17:diarrea_filter.cpp ****                 size_t                                size)
  18:diarrea_filter.cpp **** {
 129              		.loc 8 18 1 is_stmt 1 view -0
 130              		.cfi_startproc
 131              		@ args = 0, pretend = 0, frame = 0
 132              		@ frame_needed = 0, uses_anonymous_args = 0
  19:diarrea_filter.cpp ****     for(size_t i = 0; i < size; i += 2)
 133              		.loc 8 19 5 view .LVU15
 134              	.LBB99:
 135              		.loc 8 19 25 view .LVU16
 136 0000 9AB3     		cbz	r2, .L15
 137              	.LBE99:
  18:diarrea_filter.cpp ****     for(size_t i = 0; i < size; i += 2)
 138              		.loc 8 18 1 is_stmt 0 view .LVU17
 139 0002 2DE9F843 		push	{r3, r4, r5, r6, r7, r8, r9, lr}
 140              		.cfi_def_cfa_offset 32
 141              		.cfi_offset 3, -32
 142              		.cfi_offset 4, -28
 143              		.cfi_offset 5, -24
 144              		.cfi_offset 6, -20
 145              		.cfi_offset 7, -16
 146              		.cfi_offset 8, -12
 147              		.cfi_offset 9, -8
 148              		.cfi_offset 14, -4
 149 0006 1746     		mov	r7, r2
 150 0008 0C46     		mov	r4, r1
 151              	.LBB105:
 152              		.loc 8 19 16 view .LVU18
 153 000a 0026     		movs	r6, #0
 154 000c DFF86490 		ldr	r9, .L20+8
 155 0010 DFF86480 		ldr	r8, .L20+12
 156 0014 0D1D     		adds	r5, r1, #4
 157              	.LBE105:
  18:diarrea_filter.cpp ****     for(size_t i = 0; i < size; i += 2)
 158              		.loc 8 18 1 view .LVU19
 159 0016 2DED028B 		vpush.64	{d8}
 160              		.cfi_def_cfa_offset 40
 161              		.cfi_offset 80, -40
 162              		.cfi_offset 81, -36
 163 001a 0AE0     		b	.L9
 164              	.LVL4:
 165              	.L19:
 166              	.LBB106:
 167              		.loc 8 19 35 view .LVU20
 168 001c 0236     		adds	r6, r6, #2
 169              	.LVL5:
 170              	.LBB100:
  20:diarrea_filter.cpp ****     {
  21:diarrea_filter.cpp ****         float osc_out  = osc.Process();
  22:diarrea_filter.cpp ****         float adsr_out = adsr.Process(gate);
  23:diarrea_filter.cpp ****         if(on)
  24:diarrea_filter.cpp ****         {
  25:diarrea_filter.cpp ****             out[i]     = osc_out * adsr_out;
 171              		.loc 8 25 34 view .LVU21
ARM GAS  C:\Users\paulb\AppData\Local\Temp\ccC7EC2S.s 			page 12


 172 001e 28EE008A 		vmul.f32	s16, s16, s0
 173              	.LVL6:
 174              		.loc 8 25 34 view .LVU22
 175              	.LBE100:
  19:diarrea_filter.cpp ****     {
 176              		.loc 8 19 25 view .LVU23
 177 0022 0834     		adds	r4, r4, #8
 178 0024 0835     		adds	r5, r5, #8
 179 0026 B742     		cmp	r7, r6
 180              	.LBB101:
 181              		.loc 8 25 24 view .LVU24
 182 0028 05ED038A 		vstr.32	s16, [r5, #-12]
  26:diarrea_filter.cpp ****             out[i + 1] = osc_out * adsr_out;
 183              		.loc 8 26 13 is_stmt 1 view .LVU25
 184              		.loc 8 26 24 is_stmt 0 view .LVU26
 185 002c 04ED018A 		vstr.32	s16, [r4, #-4]
 186              	.LBE101:
  19:diarrea_filter.cpp ****     {
 187              		.loc 8 19 5 is_stmt 1 view .LVU27
 188              	.LVL7:
  19:diarrea_filter.cpp ****     {
 189              		.loc 8 19 25 view .LVU28
 190 0030 17D9     		bls	.L18
 191              	.LVL8:
 192              	.L9:
 193              	.LBB102:
  21:diarrea_filter.cpp ****         float adsr_out = adsr.Process(gate);
 194              		.loc 8 21 9 view .LVU29
  21:diarrea_filter.cpp ****         float adsr_out = adsr.Process(gate);
 195              		.loc 8 21 37 is_stmt 0 view .LVU30
 196 0032 0E48     		ldr	r0, .L20
 197 0034 FFF7FEFF 		bl	_ZN7daisysp10Oscillator7ProcessEv
 198              	.LVL9:
  22:diarrea_filter.cpp ****         if(on)
 199              		.loc 8 22 38 view .LVU31
 200 0038 99F80010 		ldrb	r1, [r9]	@ zero_extendqisi2
 201 003c 0C48     		ldr	r0, .L20+4
  21:diarrea_filter.cpp ****         float adsr_out = adsr.Process(gate);
 202              		.loc 8 21 37 view .LVU32
 203 003e B0EE408A 		vmov.f32	s16, s0
 204              	.LVL10:
  22:diarrea_filter.cpp ****         if(on)
 205              		.loc 8 22 9 is_stmt 1 view .LVU33
  22:diarrea_filter.cpp ****         if(on)
 206              		.loc 8 22 38 is_stmt 0 view .LVU34
 207 0042 FFF7FEFF 		bl	_ZN7daisysp4Adsr7ProcessEb
 208              	.LVL11:
  25:diarrea_filter.cpp ****             out[i + 1] = osc_out * adsr_out;
 209              		.loc 8 25 13 is_stmt 1 view .LVU35
  27:diarrea_filter.cpp ****         }
  28:diarrea_filter.cpp ****         else
  29:diarrea_filter.cpp ****         {
  30:diarrea_filter.cpp ****             out[i]     = osc_out;
 210              		.loc 8 30 13 view .LVU36
  23:diarrea_filter.cpp ****         {
 211              		.loc 8 23 9 is_stmt 0 view .LVU37
 212 0046 98F80030 		ldrb	r3, [r8]	@ zero_extendqisi2
ARM GAS  C:\Users\paulb\AppData\Local\Temp\ccC7EC2S.s 			page 13


 213              	.LVL12:
  23:diarrea_filter.cpp ****         {
 214              		.loc 8 23 9 is_stmt 1 view .LVU38
 215 004a 002B     		cmp	r3, #0
 216 004c E6D1     		bne	.L19
 217              	.LBE102:
  19:diarrea_filter.cpp ****     {
 218              		.loc 8 19 35 is_stmt 0 view .LVU39
 219 004e 0236     		adds	r6, r6, #2
 220              	.LVL13:
 221              	.LBB103:
 222              		.loc 8 30 24 view .LVU40
 223 0050 05ED018A 		vstr.32	s16, [r5, #-4]
  31:diarrea_filter.cpp ****             out[i + 1] = osc_out;
 224              		.loc 8 31 13 is_stmt 1 view .LVU41
 225              	.LBE103:
  19:diarrea_filter.cpp ****     {
 226              		.loc 8 19 25 is_stmt 0 view .LVU42
 227 0054 0834     		adds	r4, r4, #8
 228              	.LBB104:
 229              		.loc 8 31 24 view .LVU43
 230 0056 04ED018A 		vstr.32	s16, [r4, #-4]
 231              	.LBE104:
  19:diarrea_filter.cpp ****     {
 232              		.loc 8 19 5 is_stmt 1 view .LVU44
 233              	.LVL14:
  19:diarrea_filter.cpp ****     {
 234              		.loc 8 19 25 view .LVU45
 235 005a B742     		cmp	r7, r6
 236 005c 05F10805 		add	r5, r5, #8
 237 0060 E7D8     		bhi	.L9
 238              	.LVL15:
 239              	.L18:
  19:diarrea_filter.cpp ****     {
 240              		.loc 8 19 25 is_stmt 0 view .LVU46
 241              	.LBE106:
  32:diarrea_filter.cpp ****         }
  33:diarrea_filter.cpp ****     }
  34:diarrea_filter.cpp **** }
 242              		.loc 8 34 1 view .LVU47
 243 0062 BDEC028B 		vldm	sp!, {d8}
 244              		.cfi_restore 80
 245              		.cfi_restore 81
 246              		.cfi_def_cfa_offset 32
 247 0066 BDE8F883 		pop	{r3, r4, r5, r6, r7, r8, r9, pc}
 248              	.LVL16:
 249              	.L15:
 250              		.cfi_def_cfa_offset 0
 251              		.cfi_restore 3
 252              		.cfi_restore 4
 253              		.cfi_restore 5
 254              		.cfi_restore 6
 255              		.cfi_restore 7
 256              		.cfi_restore 8
 257              		.cfi_restore 9
 258              		.cfi_restore 14
 259              		.loc 8 34 1 view .LVU48
ARM GAS  C:\Users\paulb\AppData\Local\Temp\ccC7EC2S.s 			page 14


 260 006a 7047     		bx	lr
 261              	.L21:
 262              		.align	2
 263              	.L20:
 264 006c 00000000 		.word	.LANCHOR0
 265 0070 00000000 		.word	.LANCHOR2
 266 0074 00000000 		.word	.LANCHOR1
 267 0078 00000000 		.word	.LANCHOR3
 268              		.cfi_endproc
 269              	.LFE4681:
 271              		.section	.text.startup.main,"ax",%progbits
 272              		.align	1
 273              		.p2align 2,,3
 274              		.global	main
 275              		.syntax unified
 276              		.thumb
 277              		.thumb_func
 278              		.fpu fpv5-d16
 280              	main:
 281              	.LFB4682:
  35:diarrea_filter.cpp **** 
  36:diarrea_filter.cpp **** 
  37:diarrea_filter.cpp **** float midiNotes[]
  38:diarrea_filter.cpp ****     = {74, 0,  0,  0,  77, 0,  0,  74, 0,  74, 79, 0,  74, 0,  72, 0, 74, 0,
  39:diarrea_filter.cpp ****        0,  0,  81, 0,  0,  74, 0,  74, 82, 0,  81, 0,  77, 0,  74, 0, 81, 0,
  40:diarrea_filter.cpp ****        86, 74, 0,  72, 72, 0,  69, 0,  76, 0,  74, 74, 74, 74, 0,  0};
  41:diarrea_filter.cpp **** 
  42:diarrea_filter.cpp **** 
  43:diarrea_filter.cpp **** int main(void)
  44:diarrea_filter.cpp **** {
 282              		.loc 8 44 1 is_stmt 1 view -0
 283              		.cfi_startproc
 284              		@ args = 0, pretend = 0, frame = 24
 285              		@ frame_needed = 0, uses_anonymous_args = 0
  45:diarrea_filter.cpp ****     hardware.Init();
 286              		.loc 8 45 5 view .LVU50
  44:diarrea_filter.cpp ****     hardware.Init();
 287              		.loc 8 44 1 is_stmt 0 view .LVU51
 288 0000 2DE9F041 		push	{r4, r5, r6, r7, r8, lr}
 289              		.cfi_def_cfa_offset 24
 290              		.cfi_offset 4, -24
 291              		.cfi_offset 5, -20
 292              		.cfi_offset 6, -16
 293              		.cfi_offset 7, -12
 294              		.cfi_offset 8, -8
 295              		.cfi_offset 14, -4
 296              		.loc 8 45 18 view .LVU52
 297 0004 0021     		movs	r1, #0
 298 0006 5C48     		ldr	r0, .L30
 299              	.LBB125:
 300              	.LBB126:
  25:../../DaisySP/Source/Synthesis/oscillator.h ****     /** Choices for output waveforms, POLYBLEP are appropriately labeled. Others are naive forms.
  26:../../DaisySP/Source/Synthesis/oscillator.h ****     */
  27:../../DaisySP/Source/Synthesis/oscillator.h ****     enum
  28:../../DaisySP/Source/Synthesis/oscillator.h ****     {
  29:../../DaisySP/Source/Synthesis/oscillator.h ****         WAVE_SIN,
  30:../../DaisySP/Source/Synthesis/oscillator.h ****         WAVE_TRI,
ARM GAS  C:\Users\paulb\AppData\Local\Temp\ccC7EC2S.s 			page 15


  31:../../DaisySP/Source/Synthesis/oscillator.h ****         WAVE_SAW,
  32:../../DaisySP/Source/Synthesis/oscillator.h ****         WAVE_RAMP,
  33:../../DaisySP/Source/Synthesis/oscillator.h ****         WAVE_SQUARE,
  34:../../DaisySP/Source/Synthesis/oscillator.h ****         WAVE_POLYBLEP_TRI,
  35:../../DaisySP/Source/Synthesis/oscillator.h ****         WAVE_POLYBLEP_SAW,
  36:../../DaisySP/Source/Synthesis/oscillator.h ****         WAVE_POLYBLEP_SQUARE,
  37:../../DaisySP/Source/Synthesis/oscillator.h ****         WAVE_LAST,
  38:../../DaisySP/Source/Synthesis/oscillator.h ****     };
  39:../../DaisySP/Source/Synthesis/oscillator.h **** 
  40:../../DaisySP/Source/Synthesis/oscillator.h **** 
  41:../../DaisySP/Source/Synthesis/oscillator.h ****     /** Initializes the Oscillator
  42:../../DaisySP/Source/Synthesis/oscillator.h **** 
  43:../../DaisySP/Source/Synthesis/oscillator.h ****         \param sample_rate - sample rate of the audio engine being run, and the frequency that the 
  44:../../DaisySP/Source/Synthesis/oscillator.h **** 
  45:../../DaisySP/Source/Synthesis/oscillator.h ****         Defaults:
  46:../../DaisySP/Source/Synthesis/oscillator.h ****         - freq_ = 100 Hz
  47:../../DaisySP/Source/Synthesis/oscillator.h ****         - amp_ = 0.5
  48:../../DaisySP/Source/Synthesis/oscillator.h ****         - waveform_ = sine wave.
  49:../../DaisySP/Source/Synthesis/oscillator.h ****     */
  50:../../DaisySP/Source/Synthesis/oscillator.h ****     void Init(float sample_rate)
  51:../../DaisySP/Source/Synthesis/oscillator.h ****     {
  52:../../DaisySP/Source/Synthesis/oscillator.h ****         sr_        = sample_rate;
 301              		.loc 7 52 20 view .LVU53
 302 0008 5C4F     		ldr	r7, .L30+4
 303              	.LBE126:
 304              	.LBE125:
 305              	.LBB130:
 306              	.LBB131:
  53:../../DaisySP/Source/Synthesis/oscillator.h ****         sr_recip_  = 1.0f / sample_rate;
  54:../../DaisySP/Source/Synthesis/oscillator.h ****         freq_      = 100.0f;
  55:../../DaisySP/Source/Synthesis/oscillator.h ****         amp_       = 0.5f;
  56:../../DaisySP/Source/Synthesis/oscillator.h ****         pw_        = 0.5f;
  57:../../DaisySP/Source/Synthesis/oscillator.h ****         phase_     = 0.0f;
  58:../../DaisySP/Source/Synthesis/oscillator.h ****         phase_inc_ = CalcPhaseInc(freq_);
  59:../../DaisySP/Source/Synthesis/oscillator.h ****         waveform_  = WAVE_SIN;
  60:../../DaisySP/Source/Synthesis/oscillator.h ****         eoc_       = true;
  61:../../DaisySP/Source/Synthesis/oscillator.h ****         eor_       = true;
  62:../../DaisySP/Source/Synthesis/oscillator.h ****     }
  63:../../DaisySP/Source/Synthesis/oscillator.h **** 
  64:../../DaisySP/Source/Synthesis/oscillator.h **** 
  65:../../DaisySP/Source/Synthesis/oscillator.h ****     /** Changes the frequency of the Oscillator, and recalculates phase increment.
  66:../../DaisySP/Source/Synthesis/oscillator.h ****     */
  67:../../DaisySP/Source/Synthesis/oscillator.h ****     inline void SetFreq(const float f)
  68:../../DaisySP/Source/Synthesis/oscillator.h ****     {
  69:../../DaisySP/Source/Synthesis/oscillator.h ****         freq_      = f;
  70:../../DaisySP/Source/Synthesis/oscillator.h ****         phase_inc_ = CalcPhaseInc(f);
  71:../../DaisySP/Source/Synthesis/oscillator.h ****     }
  72:../../DaisySP/Source/Synthesis/oscillator.h **** 
  73:../../DaisySP/Source/Synthesis/oscillator.h **** 
  74:../../DaisySP/Source/Synthesis/oscillator.h ****     /** Sets the amplitude of the waveform.
  75:../../DaisySP/Source/Synthesis/oscillator.h ****     */
  76:../../DaisySP/Source/Synthesis/oscillator.h ****     inline void SetAmp(const float a) { amp_ = a; }
  77:../../DaisySP/Source/Synthesis/oscillator.h ****     /** Sets the waveform to be synthesized by the Process() function.
  78:../../DaisySP/Source/Synthesis/oscillator.h ****     */
  79:../../DaisySP/Source/Synthesis/oscillator.h ****     inline void SetWaveform(const uint8_t wf)
  80:../../DaisySP/Source/Synthesis/oscillator.h ****     {
  81:../../DaisySP/Source/Synthesis/oscillator.h ****         waveform_ = wf < WAVE_LAST ? wf : WAVE_SIN;
ARM GAS  C:\Users\paulb\AppData\Local\Temp\ccC7EC2S.s 			page 16


 307              		.loc 7 81 19 view .LVU54
 308 000a 0225     		movs	r5, #2
 309              	.LBE131:
 310              	.LBE130:
  46:diarrea_filter.cpp ****     double sr = hardware.AudioSampleRate();
  47:diarrea_filter.cpp ****     osc.Init(sr);
  48:diarrea_filter.cpp ****     osc.SetWaveform(Oscillator::WAVE_SAW);
  49:diarrea_filter.cpp ****     osc.SetAmp(1);
  50:diarrea_filter.cpp ****     adsr.Init(sr);
 311              		.loc 8 50 14 view .LVU55
 312 000c 5C4C     		ldr	r4, .L30+8
 313 000e DFF8A481 		ldr	r8, .L30+60
  44:diarrea_filter.cpp ****     hardware.Init();
 314              		.loc 8 44 1 view .LVU56
 315 0012 2DED048B 		vpush.64	{d8, d9}
 316              		.cfi_def_cfa_offset 40
 317              		.cfi_offset 80, -40
 318              		.cfi_offset 81, -36
 319              		.cfi_offset 82, -32
 320              		.cfi_offset 83, -28
 321 0016 86B0     		sub	sp, sp, #24
 322              		.cfi_def_cfa_offset 64
 323              	.LBB134:
 324              	.LBB127:
  53:../../DaisySP/Source/Synthesis/oscillator.h ****         sr_recip_  = 1.0f / sample_rate;
 325              		.loc 7 53 27 view .LVU57
 326 0018 F7EE008A 		vmov.f32	s17, #1.0e+0
 327              	.LBE127:
 328              	.LBE134:
  45:diarrea_filter.cpp ****     double sr = hardware.AudioSampleRate();
 329              		.loc 8 45 18 view .LVU58
 330 001c FFF7FEFF 		bl	_ZN5daisy9DaisySeed4InitEb
 331              	.LVL17:
  46:diarrea_filter.cpp ****     double sr = hardware.AudioSampleRate();
 332              		.loc 8 46 5 is_stmt 1 view .LVU59
  46:diarrea_filter.cpp ****     double sr = hardware.AudioSampleRate();
 333              		.loc 8 46 41 is_stmt 0 view .LVU60
 334 0020 5548     		ldr	r0, .L30
 335 0022 FFF7FEFF 		bl	_ZN5daisy9DaisySeed15AudioSampleRateEv
 336              	.LVL18:
 337 0026 B0EE408A 		vmov.f32	s16, s0
 338              	.LVL19:
  47:diarrea_filter.cpp ****     osc.SetWaveform(Oscillator::WAVE_SAW);
 339              		.loc 8 47 5 is_stmt 1 view .LVU61
 340              	.LBB135:
 341              	.LBI125:
  50:../../DaisySP/Source/Synthesis/oscillator.h ****     {
 342              		.loc 7 50 10 view .LVU62
 343              	.LBB128:
  52:../../DaisySP/Source/Synthesis/oscillator.h ****         sr_recip_  = 1.0f / sample_rate;
 344              		.loc 7 52 9 view .LVU63
  55:../../DaisySP/Source/Synthesis/oscillator.h ****         pw_        = 0.5f;
 345              		.loc 7 55 20 is_stmt 0 view .LVU64
 346 002a 4FF07C53 		mov	r3, #1056964608
  54:../../DaisySP/Source/Synthesis/oscillator.h ****         amp_       = 0.5f;
 347              		.loc 7 54 20 view .LVU65
 348 002e 9FED550A 		vldr.32	s0, .L30+12
ARM GAS  C:\Users\paulb\AppData\Local\Temp\ccC7EC2S.s 			page 17


 349              	.LVL20:
  57:../../DaisySP/Source/Synthesis/oscillator.h ****         phase_inc_ = CalcPhaseInc(freq_);
 350              		.loc 7 57 20 view .LVU66
 351 0032 9FED559A 		vldr.32	s18, .L30+16
  58:../../DaisySP/Source/Synthesis/oscillator.h ****         waveform_  = WAVE_SIN;
 352              		.loc 7 58 34 view .LVU67
 353 0036 3846     		mov	r0, r7
  53:../../DaisySP/Source/Synthesis/oscillator.h ****         freq_      = 100.0f;
 354              		.loc 7 53 27 view .LVU68
 355 0038 C8EE887A 		vdiv.f32	s15, s17, s16
  55:../../DaisySP/Source/Synthesis/oscillator.h ****         pw_        = 0.5f;
 356              		.loc 7 55 20 view .LVU69
 357 003c 7B60     		str	r3, [r7, #4]	@ float
  56:../../DaisySP/Source/Synthesis/oscillator.h ****         phase_     = 0.0f;
 358              		.loc 7 56 20 view .LVU70
 359 003e FB60     		str	r3, [r7, #12]	@ float
  52:../../DaisySP/Source/Synthesis/oscillator.h ****         sr_recip_  = 1.0f / sample_rate;
 360              		.loc 7 52 20 view .LVU71
 361 0040 87ED048A 		vstr.32	s16, [r7, #16]
  53:../../DaisySP/Source/Synthesis/oscillator.h ****         freq_      = 100.0f;
 362              		.loc 7 53 9 is_stmt 1 view .LVU72
  54:../../DaisySP/Source/Synthesis/oscillator.h ****         amp_       = 0.5f;
 363              		.loc 7 54 20 is_stmt 0 view .LVU73
 364 0044 87ED020A 		vstr.32	s0, [r7, #8]
  57:../../DaisySP/Source/Synthesis/oscillator.h ****         phase_inc_ = CalcPhaseInc(freq_);
 365              		.loc 7 57 20 view .LVU74
 366 0048 87ED069A 		vstr.32	s18, [r7, #24]
  53:../../DaisySP/Source/Synthesis/oscillator.h ****         freq_      = 100.0f;
 367              		.loc 7 53 20 view .LVU75
 368 004c C7ED057A 		vstr.32	s15, [r7, #20]
  54:../../DaisySP/Source/Synthesis/oscillator.h ****         amp_       = 0.5f;
 369              		.loc 7 54 9 is_stmt 1 view .LVU76
  55:../../DaisySP/Source/Synthesis/oscillator.h ****         pw_        = 0.5f;
 370              		.loc 7 55 9 view .LVU77
  56:../../DaisySP/Source/Synthesis/oscillator.h ****         phase_     = 0.0f;
 371              		.loc 7 56 9 view .LVU78
  57:../../DaisySP/Source/Synthesis/oscillator.h ****         phase_inc_ = CalcPhaseInc(freq_);
 372              		.loc 7 57 9 view .LVU79
  58:../../DaisySP/Source/Synthesis/oscillator.h ****         waveform_  = WAVE_SIN;
 373              		.loc 7 58 9 view .LVU80
  58:../../DaisySP/Source/Synthesis/oscillator.h ****         waveform_  = WAVE_SIN;
 374              		.loc 7 58 34 is_stmt 0 view .LVU81
 375 0050 FFF7FEFF 		bl	_ZN7daisysp10Oscillator12CalcPhaseIncEf
 376              	.LVL21:
 377 0054 F0EE407A 		vmov.f32	s15, s0
  61:../../DaisySP/Source/Synthesis/oscillator.h ****     }
 378              		.loc 7 61 20 view .LVU82
 379 0058 40F20113 		movw	r3, #257
 380              	.LBE128:
 381              	.LBE135:
 382              		.loc 8 50 14 view .LVU83
 383 005c 0121     		movs	r1, #1
 384 005e B0EE480A 		vmov.f32	s0, s16
 385 0062 2046     		mov	r0, r4
 386              	.LBB136:
 387              	.LBB129:
  61:../../DaisySP/Source/Synthesis/oscillator.h ****     }
ARM GAS  C:\Users\paulb\AppData\Local\Temp\ccC7EC2S.s 			page 18


 388              		.loc 7 61 20 view .LVU84
 389 0064 3B85     		strh	r3, [r7, #40]	@ movhi
  58:../../DaisySP/Source/Synthesis/oscillator.h ****         waveform_  = WAVE_SIN;
 390              		.loc 7 58 20 view .LVU85
 391 0066 C7ED077A 		vstr.32	s15, [r7, #28]
  59:../../DaisySP/Source/Synthesis/oscillator.h ****         eoc_       = true;
 392              		.loc 7 59 9 is_stmt 1 view .LVU86
  60:../../DaisySP/Source/Synthesis/oscillator.h ****         eor_       = true;
 393              		.loc 7 60 9 view .LVU87
  61:../../DaisySP/Source/Synthesis/oscillator.h ****     }
 394              		.loc 7 61 9 view .LVU88
 395              	.LVL22:
  61:../../DaisySP/Source/Synthesis/oscillator.h ****     }
 396              		.loc 7 61 9 is_stmt 0 view .LVU89
 397              	.LBE129:
 398              	.LBE136:
  48:diarrea_filter.cpp ****     osc.SetAmp(1);
 399              		.loc 8 48 5 is_stmt 1 view .LVU90
 400              	.LBB137:
 401              	.LBI130:
  79:../../DaisySP/Source/Synthesis/oscillator.h ****     {
 402              		.loc 7 79 17 view .LVU91
 403              	.LBB132:
 404              		.loc 7 81 9 view .LVU92
 405              		.loc 7 81 9 is_stmt 0 view .LVU93
 406              	.LBE132:
 407              	.LBE137:
  49:diarrea_filter.cpp ****     adsr.Init(sr);
 408              		.loc 8 49 5 is_stmt 1 view .LVU94
 409              	.LBB138:
 410              	.LBI138:
  76:../../DaisySP/Source/Synthesis/oscillator.h ****     /** Sets the waveform to be synthesized by the Process() function.
 411              		.loc 7 76 17 view .LVU95
 412              	.LBB139:
  76:../../DaisySP/Source/Synthesis/oscillator.h ****     /** Sets the waveform to be synthesized by the Process() function.
 413              		.loc 7 76 41 view .LVU96
 414              	.LBE139:
 415              	.LBE138:
 416              	.LBB141:
 417              	.LBB133:
 418              		.loc 7 81 19 is_stmt 0 view .LVU97
 419 006a 3D70     		strb	r5, [r7]
 420              	.LBE133:
 421              	.LBE141:
 422              	.LBB142:
 423              	.LBB140:
  76:../../DaisySP/Source/Synthesis/oscillator.h ****     /** Sets the waveform to be synthesized by the Process() function.
 424              		.loc 7 76 46 view .LVU98
 425 006c C7ED018A 		vstr.32	s17, [r7, #4]
 426              	.LVL23:
  76:../../DaisySP/Source/Synthesis/oscillator.h ****     /** Sets the waveform to be synthesized by the Process() function.
 427              		.loc 7 76 46 view .LVU99
 428              	.LBE140:
 429              	.LBE142:
 430              		.loc 8 50 5 is_stmt 1 view .LVU100
 431              		.loc 8 50 14 is_stmt 0 view .LVU101
 432 0070 FFF7FEFF 		bl	_ZN7daisysp4Adsr4InitEfi
ARM GAS  C:\Users\paulb\AppData\Local\Temp\ccC7EC2S.s 			page 19


 433              	.LVL24:
  51:diarrea_filter.cpp ****     adsr.SetAttackTime(0.01f);
 434              		.loc 8 51 5 is_stmt 1 view .LVU102
 435              		.loc 8 51 23 is_stmt 0 view .LVU103
 436 0074 F0EE490A 		vmov.f32	s1, s18
 437 0078 9FED440A 		vldr.32	s0, .L30+20
 438 007c 2046     		mov	r0, r4
 439 007e FFF7FEFF 		bl	_ZN7daisysp4Adsr13SetAttackTimeEff
 440              	.LVL25:
  52:diarrea_filter.cpp ****     adsr.SetSustainLevel(0);
 441              		.loc 8 52 5 is_stmt 1 view .LVU104
 442              	.LBB143:
 443              	.LBI143:
  46:../../DaisySP/Source/Control/adsr.h ****     /** Initializes the Adsr module.
  47:../../DaisySP/Source/Control/adsr.h ****         \param sample_rate - The sample rate of the audio engine being run. 
  48:../../DaisySP/Source/Control/adsr.h ****     */
  49:../../DaisySP/Source/Control/adsr.h ****     void Init(float sample_rate, int blockSize = 1);
  50:../../DaisySP/Source/Control/adsr.h ****     /**
  51:../../DaisySP/Source/Control/adsr.h ****      \function Retrigger forces the envelope back to attack phase
  52:../../DaisySP/Source/Control/adsr.h ****      \param hard  resets the history to zero, results in a click.
  53:../../DaisySP/Source/Control/adsr.h ****      */
  54:../../DaisySP/Source/Control/adsr.h ****     void Retrigger(bool hard);
  55:../../DaisySP/Source/Control/adsr.h ****     /** Processes one sample through the filter and returns one sample.
  56:../../DaisySP/Source/Control/adsr.h ****         \param gate - trigger the envelope, hold it to sustain 
  57:../../DaisySP/Source/Control/adsr.h ****     */
  58:../../DaisySP/Source/Control/adsr.h ****     float Process(bool gate);
  59:../../DaisySP/Source/Control/adsr.h ****     /** Sets time
  60:../../DaisySP/Source/Control/adsr.h ****         Set time per segment in seconds
  61:../../DaisySP/Source/Control/adsr.h ****     */
  62:../../DaisySP/Source/Control/adsr.h ****     void SetTime(int seg, float time);
  63:../../DaisySP/Source/Control/adsr.h ****     void SetAttackTime(float timeInS, float shape = 0.0f);
  64:../../DaisySP/Source/Control/adsr.h ****     void SetDecayTime(float timeInS);
  65:../../DaisySP/Source/Control/adsr.h ****     void SetReleaseTime(float timeInS);
  66:../../DaisySP/Source/Control/adsr.h **** 
  67:../../DaisySP/Source/Control/adsr.h ****   private:
  68:../../DaisySP/Source/Control/adsr.h ****     void SetTimeConstant(float timeInS, float& time, float& coeff);
  69:../../DaisySP/Source/Control/adsr.h **** 
  70:../../DaisySP/Source/Control/adsr.h ****   public:
  71:../../DaisySP/Source/Control/adsr.h ****     /** Sustain level
  72:../../DaisySP/Source/Control/adsr.h ****         \param sus_level - sets sustain level, 0...1.0
  73:../../DaisySP/Source/Control/adsr.h ****     */
  74:../../DaisySP/Source/Control/adsr.h ****     inline void SetSustainLevel(float sus_level)
 444              		.loc 6 74 17 view .LVU105
 445              	.LBB144:
  75:../../DaisySP/Source/Control/adsr.h ****     {
  76:../../DaisySP/Source/Control/adsr.h ****         sus_level = (sus_level <= 0.f) ? -0.01f // forces envelope into idle
 446              		.loc 6 76 9 view .LVU106
  77:../../DaisySP/Source/Control/adsr.h ****                                        : (sus_level > 1.f) ? 1.f : sus_level;
  78:../../DaisySP/Source/Control/adsr.h ****         sus_level_ = sus_level;
 447              		.loc 6 78 9 view .LVU107
 448              		.loc 6 78 20 is_stmt 0 view .LVU108
 449 0082 434B     		ldr	r3, .L30+24
 450              	.LBE144:
 451              	.LBE143:
  53:diarrea_filter.cpp ****     adsr.SetDecayTime(0.1f);
 452              		.loc 8 53 22 view .LVU109
 453 0084 9FED430A 		vldr.32	s0, .L30+28
ARM GAS  C:\Users\paulb\AppData\Local\Temp\ccC7EC2S.s 			page 20


 454 0088 2046     		mov	r0, r4
 455              	.LBB146:
 456              	.LBB145:
 457              		.loc 6 78 20 view .LVU110
 458 008a 2360     		str	r3, [r4]	@ float
 459              	.LVL26:
 460              		.loc 6 78 20 view .LVU111
 461              	.LBE145:
 462              	.LBE146:
 463              		.loc 8 53 5 is_stmt 1 view .LVU112
 464              		.loc 8 53 22 is_stmt 0 view .LVU113
 465 008c FFF7FEFF 		bl	_ZN7daisysp4Adsr12SetDecayTimeEf
 466              	.LVL27:
  54:diarrea_filter.cpp ****     adsr.SetReleaseTime(0.1f);
 467              		.loc 8 54 5 is_stmt 1 view .LVU114
 468              		.loc 8 54 24 is_stmt 0 view .LVU115
 469 0090 9FED400A 		vldr.32	s0, .L30+28
 470 0094 2046     		mov	r0, r4
 471 0096 FFF7FEFF 		bl	_ZN7daisysp4Adsr14SetReleaseTimeEf
 472              	.LVL28:
  55:diarrea_filter.cpp **** 
  56:diarrea_filter.cpp **** 
  57:diarrea_filter.cpp ****     hardware.StartAudio(MyCallback);
 473              		.loc 8 57 5 is_stmt 1 view .LVU116
 474              		.loc 8 57 24 is_stmt 0 view .LVU117
 475 009a 3F49     		ldr	r1, .L30+32
 476 009c 3648     		ldr	r0, .L30
 477 009e FFF7FEFF 		bl	_ZN5daisy9DaisySeed10StartAudioEPFvPKfPfjE
 478              	.LVL29:
  58:diarrea_filter.cpp **** 
  59:diarrea_filter.cpp **** 
  60:diarrea_filter.cpp ****     // ADC
  61:diarrea_filter.cpp ****     AdcChannelConfig adcConfig;
 479              		.loc 8 61 5 is_stmt 1 view .LVU118
  62:diarrea_filter.cpp ****     adcConfig.InitSingle(hardware.GetPin(15));
 480              		.loc 8 62 5 view .LVU119
 481              		.loc 8 62 25 is_stmt 0 view .LVU120
 482 00a2 0F20     		movs	r0, #15
 483 00a4 FFF7FEFF 		bl	_ZN5daisy9DaisySeed6GetPinEh
 484              	.LVL30:
 485 00a8 ADF80000 		strh	r0, [sp]	@ movhi
 486 00ac 2A46     		mov	r2, r5
 487 00ae 01A8     		add	r0, sp, #4
 488 00b0 0099     		ldr	r1, [sp]
 489 00b2 FFF7FEFF 		bl	_ZN5daisy16AdcChannelConfig10InitSingleE12dsy_gpio_pinNS0_15ConversionSpeedE
 490              	.LVL31:
  63:diarrea_filter.cpp ****     hardware.adc.Init(&adcConfig, 1);
 491              		.loc 8 63 5 is_stmt 1 view .LVU121
 492              		.loc 8 63 22 is_stmt 0 view .LVU122
 493 00b6 0423     		movs	r3, #4
 494 00b8 3848     		ldr	r0, .L30+36
 495 00ba 0122     		movs	r2, #1
 496 00bc 0DEB0301 		add	r1, sp, r3
 497 00c0 FFF7FEFF 		bl	_ZN5daisy9AdcHandle4InitEPNS_16AdcChannelConfigEjNS0_12OverSamplingE
 498              	.LVL32:
  64:diarrea_filter.cpp ****     hardware.adc.Start();
 499              		.loc 8 64 5 is_stmt 1 view .LVU123
ARM GAS  C:\Users\paulb\AppData\Local\Temp\ccC7EC2S.s 			page 21


 500              		.loc 8 64 23 is_stmt 0 view .LVU124
 501 00c4 3548     		ldr	r0, .L30+36
 502 00c6 FFF7FEFF 		bl	_ZN5daisy9AdcHandle5StartEv
 503              	.LVL33:
 504              	.L25:
  65:diarrea_filter.cpp **** 
  66:diarrea_filter.cpp ****     for(;;)
 505              		.loc 8 66 5 is_stmt 1 view .LVU125
  67:diarrea_filter.cpp ****     {
  68:diarrea_filter.cpp ****         for(int index = 0; index < 53; index++)
 506              		.loc 8 68 9 view .LVU126
 507              	.LBB147:
 508              		.loc 8 68 34 view .LVU127
 509 00ca 354D     		ldr	r5, .L30+40
 510              	.LBE147:
  44:diarrea_filter.cpp ****     hardware.Init();
 511              		.loc 8 44 1 is_stmt 0 view .LVU128
 512 00cc 0024     		movs	r4, #0
 513 00ce 2E1D     		adds	r6, r5, #4
 514 00d0 0FE0     		b	.L26
 515              	.LVL34:
 516              	.L23:
 517              	.LBB169:
 518              	.LBB148:
 519              	.LBB149:
 520              	.LBB150:
  76:../../DaisySP/Source/Synthesis/oscillator.h ****     /** Sets the waveform to be synthesized by the Process() function.
 521              		.loc 7 76 46 view .LVU129
 522 00d2 7A60     		str	r2, [r7, #4]	@ float
 523              	.LVL35:
 524              	.L24:
  76:../../DaisySP/Source/Synthesis/oscillator.h ****     /** Sets the waveform to be synthesized by the Process() function.
 525              		.loc 7 76 46 view .LVU130
 526              	.LBE150:
 527              	.LBE149:
  69:diarrea_filter.cpp ****         {
  70:diarrea_filter.cpp ****             float valPot = hardware.adc.GetFloat(0); //maj adc
  71:diarrea_filter.cpp **** 
  72:diarrea_filter.cpp ****             if(midiNotes[index] == midiNotes[index + 1] && index < 52)
  73:diarrea_filter.cpp ****             {
  74:diarrea_filter.cpp ****                 on = false;
  75:diarrea_filter.cpp ****             }
  76:diarrea_filter.cpp ****             else
  77:diarrea_filter.cpp ****             {
  78:diarrea_filter.cpp ****                 on = true;
  79:diarrea_filter.cpp ****             }
  80:diarrea_filter.cpp **** 
  81:diarrea_filter.cpp ****             int j = midiNotes[index];
  82:diarrea_filter.cpp ****             if(j != 0)
  83:diarrea_filter.cpp ****             {
  84:diarrea_filter.cpp ****                 osc.SetAmp(0.5);
  85:diarrea_filter.cpp ****                 adsr.Retrigger(true);
  86:diarrea_filter.cpp ****                 osc.SetFreq(mtof(midiNotes[index]));
  87:diarrea_filter.cpp ****             }
  88:diarrea_filter.cpp ****             else
  89:diarrea_filter.cpp ****             {
  90:diarrea_filter.cpp ****                 osc.SetAmp(0.0);
ARM GAS  C:\Users\paulb\AppData\Local\Temp\ccC7EC2S.s 			page 22


  91:diarrea_filter.cpp ****             }
  92:diarrea_filter.cpp ****             System::Delay(250 * valPot + 75);
 528              		.loc 8 92 13 is_stmt 1 discriminator 2 view .LVU131
 529              		.loc 8 92 40 is_stmt 0 discriminator 2 view .LVU132
 530 00d4 9FED337A 		vldr.32	s14, .L30+44
 531              	.LBE148:
  68:diarrea_filter.cpp ****         {
 532              		.loc 8 68 34 discriminator 2 view .LVU133
 533 00d8 0134     		adds	r4, r4, #1
 534              	.LVL36:
 535              	.LBB167:
 536              		.loc 8 92 40 discriminator 2 view .LVU134
 537 00da DFED337A 		vldr.32	s15, .L30+48
 538 00de E8EE077A 		vfma.f32	s15, s16, s14
 539              		.loc 8 92 26 discriminator 2 view .LVU135
 540 00e2 FCEEE77A 		vcvt.u32.f32	s15, s15
 541 00e6 17EE900A 		vmov	r0, s15	@ int
 542 00ea FFF7FEFF 		bl	_ZN5daisy6System5DelayEm
 543              	.LVL37:
 544              	.LBE167:
  68:diarrea_filter.cpp ****         {
 545              		.loc 8 68 9 is_stmt 1 discriminator 2 view .LVU136
  68:diarrea_filter.cpp ****         {
 546              		.loc 8 68 34 discriminator 2 view .LVU137
 547 00ee 352C     		cmp	r4, #53
 548 00f0 EBD0     		beq	.L25
 549              	.LVL38:
 550              	.L26:
 551              	.LBB168:
  70:diarrea_filter.cpp **** 
 552              		.loc 8 70 13 view .LVU138
  70:diarrea_filter.cpp **** 
 553              		.loc 8 70 49 is_stmt 0 view .LVU139
 554 00f2 0021     		movs	r1, #0
 555 00f4 2948     		ldr	r0, .L30+36
 556 00f6 FFF7FEFF 		bl	_ZNK5daisy9AdcHandle8GetFloatEh
 557              	.LVL39:
  90:diarrea_filter.cpp ****             }
 558              		.loc 8 90 17 is_stmt 1 view .LVU140
 559              	.LBB153:
 560              	.LBI149:
  76:../../DaisySP/Source/Synthesis/oscillator.h ****     /** Sets the waveform to be synthesized by the Process() function.
 561              		.loc 7 76 17 view .LVU141
 562              	.LBB151:
  76:../../DaisySP/Source/Synthesis/oscillator.h ****     /** Sets the waveform to be synthesized by the Process() function.
 563              		.loc 7 76 41 view .LVU142
 564              	.LBE151:
 565              	.LBE153:
  72:diarrea_filter.cpp ****             {
 566              		.loc 8 72 31 is_stmt 0 view .LVU143
 567 00fa F5EC017A 		vldmia.32	r5!, {s15}
  72:diarrea_filter.cpp ****             {
 568              		.loc 8 72 55 view .LVU144
 569 00fe B6EC017A 		vldmia.32	r6!, {s14}
  70:diarrea_filter.cpp **** 
 570              		.loc 8 70 49 view .LVU145
 571 0102 B0EE408A 		vmov.f32	s16, s0
ARM GAS  C:\Users\paulb\AppData\Local\Temp\ccC7EC2S.s 			page 23


 572              	.LVL40:
  72:diarrea_filter.cpp ****             {
 573              		.loc 8 72 13 is_stmt 1 view .LVU146
 574              	.LBB154:
 575              	.LBB152:
  76:../../DaisySP/Source/Synthesis/oscillator.h ****     /** Sets the waveform to be synthesized by the Process() function.
 576              		.loc 7 76 46 is_stmt 0 view .LVU147
 577 0106 0022     		movs	r2, #0
 578              	.LBE152:
 579              	.LBE154:
  72:diarrea_filter.cpp ****             {
 580              		.loc 8 72 13 view .LVU148
 581 0108 F4EE477A 		vcmp.f32	s15, s14
  81:diarrea_filter.cpp ****             if(j != 0)
 582              		.loc 8 81 17 view .LVU149
 583 010c FDEEE77A 		vcvt.s32.f32	s15, s15
  72:diarrea_filter.cpp ****             {
 584              		.loc 8 72 13 view .LVU150
 585 0110 F1EE10FA 		vmrs	APSR_nzcv, FPSCR
 586 0114 0CBF     		ite	eq
 587 0116 0123     		moveq	r3, #1
 588 0118 0023     		movne	r3, #0
  72:diarrea_filter.cpp ****             {
 589              		.loc 8 72 57 view .LVU151
 590 011a 342C     		cmp	r4, #52
 591 011c 0CBF     		ite	eq
 592 011e 0023     		moveq	r3, #0
 593 0120 03F00103 		andne	r3, r3, #1
 594 0124 83F00103 		eor	r3, r3, #1
 595 0128 88F80030 		strb	r3, [r8]
  81:diarrea_filter.cpp ****             if(j != 0)
 596              		.loc 8 81 13 is_stmt 1 view .LVU152
 597              	.LVL41:
  82:diarrea_filter.cpp ****             {
 598              		.loc 8 82 13 view .LVU153
 599 012c 17EE903A 		vmov	r3, s15	@ int
 600 0130 002B     		cmp	r3, #0
 601 0132 CED0     		beq	.L23
  84:diarrea_filter.cpp ****                 adsr.Retrigger(true);
 602              		.loc 8 84 17 view .LVU154
 603              	.LVL42:
 604              	.LBB155:
 605              	.LBI155:
  76:../../DaisySP/Source/Synthesis/oscillator.h ****     /** Sets the waveform to be synthesized by the Process() function.
 606              		.loc 7 76 17 view .LVU155
 607              	.LBB156:
  76:../../DaisySP/Source/Synthesis/oscillator.h ****     /** Sets the waveform to be synthesized by the Process() function.
 608              		.loc 7 76 41 view .LVU156
  76:../../DaisySP/Source/Synthesis/oscillator.h ****     /** Sets the waveform to be synthesized by the Process() function.
 609              		.loc 7 76 46 is_stmt 0 view .LVU157
 610 0134 4FF07C53 		mov	r3, #1056964608
 611              	.LBE156:
 612              	.LBE155:
  85:diarrea_filter.cpp ****                 osc.SetFreq(mtof(midiNotes[index]));
 613              		.loc 8 85 31 view .LVU158
 614 0138 0121     		movs	r1, #1
 615 013a 1148     		ldr	r0, .L30+8
ARM GAS  C:\Users\paulb\AppData\Local\Temp\ccC7EC2S.s 			page 24


 616              	.LBB158:
 617              	.LBB157:
  76:../../DaisySP/Source/Synthesis/oscillator.h ****     /** Sets the waveform to be synthesized by the Process() function.
 618              		.loc 7 76 46 view .LVU159
 619 013c 7B60     		str	r3, [r7, #4]	@ float
 620              	.LVL43:
  76:../../DaisySP/Source/Synthesis/oscillator.h ****     /** Sets the waveform to be synthesized by the Process() function.
 621              		.loc 7 76 46 view .LVU160
 622              	.LBE157:
 623              	.LBE158:
  85:diarrea_filter.cpp ****                 osc.SetFreq(mtof(midiNotes[index]));
 624              		.loc 8 85 17 is_stmt 1 view .LVU161
  85:diarrea_filter.cpp ****                 osc.SetFreq(mtof(midiNotes[index]));
 625              		.loc 8 85 31 is_stmt 0 view .LVU162
 626 013e FFF7FEFF 		bl	_ZN7daisysp4Adsr9RetriggerEb
 627              	.LVL44:
  86:diarrea_filter.cpp ****             }
 628              		.loc 8 86 17 is_stmt 1 view .LVU163
 629              	.LBB159:
 630              	.LBI159:
 631              		.file 9 "../../DaisySP/Source/Utility/dsp.h"
   1:../../DaisySP/Source/Utility/dsp.h **** /*
   2:../../DaisySP/Source/Utility/dsp.h **** Copyright (c) 2020 Electrosmith, Corp, Emilie Gillet
   3:../../DaisySP/Source/Utility/dsp.h **** 
   4:../../DaisySP/Source/Utility/dsp.h **** Use of this source code is governed by an MIT-style
   5:../../DaisySP/Source/Utility/dsp.h **** license that can be found in the LICENSE file or at
   6:../../DaisySP/Source/Utility/dsp.h **** https://opensource.org/licenses/MIT.
   7:../../DaisySP/Source/Utility/dsp.h **** */
   8:../../DaisySP/Source/Utility/dsp.h **** 
   9:../../DaisySP/Source/Utility/dsp.h **** /** Helpful defines, functions, and other utilities for use in/with daisysp modules.
  10:../../DaisySP/Source/Utility/dsp.h **** */
  11:../../DaisySP/Source/Utility/dsp.h **** #pragma once
  12:../../DaisySP/Source/Utility/dsp.h **** #ifndef DSY_CORE_DSP
  13:../../DaisySP/Source/Utility/dsp.h **** #define DSY_CORE_DSP
  14:../../DaisySP/Source/Utility/dsp.h **** #include <cassert>
  15:../../DaisySP/Source/Utility/dsp.h **** #include <cstdint>
  16:../../DaisySP/Source/Utility/dsp.h **** #include <random>
  17:../../DaisySP/Source/Utility/dsp.h **** #include <cmath>
  18:../../DaisySP/Source/Utility/dsp.h **** 
  19:../../DaisySP/Source/Utility/dsp.h **** /** PIs
  20:../../DaisySP/Source/Utility/dsp.h **** */
  21:../../DaisySP/Source/Utility/dsp.h **** #define PI_F 3.1415927410125732421875f
  22:../../DaisySP/Source/Utility/dsp.h **** #define TWOPI_F (2.0f * PI_F)
  23:../../DaisySP/Source/Utility/dsp.h **** #define HALFPI_F (PI_F * 0.5f)
  24:../../DaisySP/Source/Utility/dsp.h **** #define DSY_MIN(in, mn) (in < mn ? in : mn)
  25:../../DaisySP/Source/Utility/dsp.h **** #define DSY_MAX(in, mx) (in > mx ? in : mx)
  26:../../DaisySP/Source/Utility/dsp.h **** #define DSY_CLAMP(in, mn, mx) (DSY_MIN(DSY_MAX(in, mn), mx))
  27:../../DaisySP/Source/Utility/dsp.h **** #define DSY_COUNTOF(_arr) (sizeof(_arr) / sizeof(_arr[0]))
  28:../../DaisySP/Source/Utility/dsp.h **** 
  29:../../DaisySP/Source/Utility/dsp.h **** namespace daisysp
  30:../../DaisySP/Source/Utility/dsp.h **** {
  31:../../DaisySP/Source/Utility/dsp.h **** //Avoids division for random floats. e.g. rand() * kRandFrac
  32:../../DaisySP/Source/Utility/dsp.h **** static constexpr float kRandFrac = 1.f / (float)RAND_MAX;
  33:../../DaisySP/Source/Utility/dsp.h **** 
  34:../../DaisySP/Source/Utility/dsp.h **** //Convert from semitones to other units. e.g. 2 ^ (kOneTwelfth * x)
  35:../../DaisySP/Source/Utility/dsp.h **** static constexpr float kOneTwelfth = 1.f / 12.f;
  36:../../DaisySP/Source/Utility/dsp.h **** 
ARM GAS  C:\Users\paulb\AppData\Local\Temp\ccC7EC2S.s 			page 25


  37:../../DaisySP/Source/Utility/dsp.h **** /** efficient floating point min/max
  38:../../DaisySP/Source/Utility/dsp.h **** c/o stephen mccaul
  39:../../DaisySP/Source/Utility/dsp.h **** */
  40:../../DaisySP/Source/Utility/dsp.h **** inline float fmax(float a, float b)
  41:../../DaisySP/Source/Utility/dsp.h **** {
  42:../../DaisySP/Source/Utility/dsp.h ****     float r;
  43:../../DaisySP/Source/Utility/dsp.h **** #ifdef __arm__
  44:../../DaisySP/Source/Utility/dsp.h ****     asm("vmaxnm.f32 %[d], %[n], %[m]" : [d] "=t"(r) : [n] "t"(a), [m] "t"(b) :);
  45:../../DaisySP/Source/Utility/dsp.h **** #else
  46:../../DaisySP/Source/Utility/dsp.h ****     r = (a > b) ? a : b;
  47:../../DaisySP/Source/Utility/dsp.h **** #endif // __arm__
  48:../../DaisySP/Source/Utility/dsp.h ****     return r;
  49:../../DaisySP/Source/Utility/dsp.h **** }
  50:../../DaisySP/Source/Utility/dsp.h **** 
  51:../../DaisySP/Source/Utility/dsp.h **** inline float fmin(float a, float b)
  52:../../DaisySP/Source/Utility/dsp.h **** {
  53:../../DaisySP/Source/Utility/dsp.h ****     float r;
  54:../../DaisySP/Source/Utility/dsp.h **** #ifdef __arm__
  55:../../DaisySP/Source/Utility/dsp.h ****     asm("vminnm.f32 %[d], %[n], %[m]" : [d] "=t"(r) : [n] "t"(a), [m] "t"(b) :);
  56:../../DaisySP/Source/Utility/dsp.h **** #else
  57:../../DaisySP/Source/Utility/dsp.h ****     r = (a < b) ? a : b;
  58:../../DaisySP/Source/Utility/dsp.h **** #endif // __arm__
  59:../../DaisySP/Source/Utility/dsp.h ****     return r;
  60:../../DaisySP/Source/Utility/dsp.h **** }
  61:../../DaisySP/Source/Utility/dsp.h **** 
  62:../../DaisySP/Source/Utility/dsp.h **** /** quick fp clamp
  63:../../DaisySP/Source/Utility/dsp.h **** */
  64:../../DaisySP/Source/Utility/dsp.h **** inline float fclamp(float in, float min, float max)
  65:../../DaisySP/Source/Utility/dsp.h **** {
  66:../../DaisySP/Source/Utility/dsp.h ****     return fmin(fmax(in, min), max);
  67:../../DaisySP/Source/Utility/dsp.h **** }
  68:../../DaisySP/Source/Utility/dsp.h **** 
  69:../../DaisySP/Source/Utility/dsp.h **** /** From Musicdsp.org "Fast power and root estimates for 32bit floats)
  70:../../DaisySP/Source/Utility/dsp.h **** Original code by Stefan Stenzel
  71:../../DaisySP/Source/Utility/dsp.h **** These are approximations
  72:../../DaisySP/Source/Utility/dsp.h **** */
  73:../../DaisySP/Source/Utility/dsp.h **** inline float fastpower(float f, int n)
  74:../../DaisySP/Source/Utility/dsp.h **** {
  75:../../DaisySP/Source/Utility/dsp.h ****     long *lp, l;
  76:../../DaisySP/Source/Utility/dsp.h ****     lp = (long *)(&f);
  77:../../DaisySP/Source/Utility/dsp.h ****     l  = *lp;
  78:../../DaisySP/Source/Utility/dsp.h ****     l -= 0x3F800000;
  79:../../DaisySP/Source/Utility/dsp.h ****     l <<= (n - 1);
  80:../../DaisySP/Source/Utility/dsp.h ****     l += 0x3F800000;
  81:../../DaisySP/Source/Utility/dsp.h ****     *lp = l;
  82:../../DaisySP/Source/Utility/dsp.h ****     return f;
  83:../../DaisySP/Source/Utility/dsp.h **** }
  84:../../DaisySP/Source/Utility/dsp.h **** 
  85:../../DaisySP/Source/Utility/dsp.h **** inline float fastroot(float f, int n)
  86:../../DaisySP/Source/Utility/dsp.h **** {
  87:../../DaisySP/Source/Utility/dsp.h ****     long *lp, l;
  88:../../DaisySP/Source/Utility/dsp.h ****     lp = (long *)(&f);
  89:../../DaisySP/Source/Utility/dsp.h ****     l  = *lp;
  90:../../DaisySP/Source/Utility/dsp.h ****     l -= 0x3F800000;
  91:../../DaisySP/Source/Utility/dsp.h ****     l >>= (n - 1);
  92:../../DaisySP/Source/Utility/dsp.h ****     l += 0x3F800000;
  93:../../DaisySP/Source/Utility/dsp.h ****     *lp = l;
ARM GAS  C:\Users\paulb\AppData\Local\Temp\ccC7EC2S.s 			page 26


  94:../../DaisySP/Source/Utility/dsp.h ****     return f;
  95:../../DaisySP/Source/Utility/dsp.h **** }
  96:../../DaisySP/Source/Utility/dsp.h **** 
  97:../../DaisySP/Source/Utility/dsp.h **** /** Significantly more efficient than fmodf(x, 1.0f) for calculating
  98:../../DaisySP/Source/Utility/dsp.h ****  *  the decimal part of a floating point value.
  99:../../DaisySP/Source/Utility/dsp.h ****  */
 100:../../DaisySP/Source/Utility/dsp.h **** inline float fastmod1f(float x)
 101:../../DaisySP/Source/Utility/dsp.h **** {
 102:../../DaisySP/Source/Utility/dsp.h ****     return x - static_cast<int>(x);
 103:../../DaisySP/Source/Utility/dsp.h **** }
 104:../../DaisySP/Source/Utility/dsp.h **** 
 105:../../DaisySP/Source/Utility/dsp.h **** /** From http://openaudio.blogspot.com/2017/02/faster-log10-and-pow.html
 106:../../DaisySP/Source/Utility/dsp.h **** No approximation, pow10f(x) gives a 90% speed increase over powf(10.f, x)
 107:../../DaisySP/Source/Utility/dsp.h **** */
 108:../../DaisySP/Source/Utility/dsp.h **** inline float pow10f(float f)
 109:../../DaisySP/Source/Utility/dsp.h **** {
 110:../../DaisySP/Source/Utility/dsp.h ****     return expf(2.302585092994046f * f);
 111:../../DaisySP/Source/Utility/dsp.h **** }
 112:../../DaisySP/Source/Utility/dsp.h **** 
 113:../../DaisySP/Source/Utility/dsp.h **** /* Original code for fastlog2f by Dr. Paul Beckmann from the ARM community forum, adapted from the 
 114:../../DaisySP/Source/Utility/dsp.h **** About 25% performance increase over std::log10f
 115:../../DaisySP/Source/Utility/dsp.h **** */
 116:../../DaisySP/Source/Utility/dsp.h **** inline float fastlog2f(float f)
 117:../../DaisySP/Source/Utility/dsp.h **** {
 118:../../DaisySP/Source/Utility/dsp.h ****     float frac;
 119:../../DaisySP/Source/Utility/dsp.h ****     int   exp;
 120:../../DaisySP/Source/Utility/dsp.h ****     frac = frexpf(fabsf(f), &exp);
 121:../../DaisySP/Source/Utility/dsp.h ****     f    = 1.23149591368684f;
 122:../../DaisySP/Source/Utility/dsp.h ****     f *= frac;
 123:../../DaisySP/Source/Utility/dsp.h ****     f += -4.11852516267426f;
 124:../../DaisySP/Source/Utility/dsp.h ****     f *= frac;
 125:../../DaisySP/Source/Utility/dsp.h ****     f += 6.02197014179219f;
 126:../../DaisySP/Source/Utility/dsp.h ****     f *= frac;
 127:../../DaisySP/Source/Utility/dsp.h ****     f += -3.13396450166353f;
 128:../../DaisySP/Source/Utility/dsp.h ****     f += exp;
 129:../../DaisySP/Source/Utility/dsp.h ****     return (f);
 130:../../DaisySP/Source/Utility/dsp.h **** }
 131:../../DaisySP/Source/Utility/dsp.h **** 
 132:../../DaisySP/Source/Utility/dsp.h **** inline float fastlog10f(float f)
 133:../../DaisySP/Source/Utility/dsp.h **** {
 134:../../DaisySP/Source/Utility/dsp.h ****     return fastlog2f(f) * 0.3010299956639812f;
 135:../../DaisySP/Source/Utility/dsp.h **** }
 136:../../DaisySP/Source/Utility/dsp.h **** 
 137:../../DaisySP/Source/Utility/dsp.h **** /** Midi to frequency helper
 138:../../DaisySP/Source/Utility/dsp.h **** */
 139:../../DaisySP/Source/Utility/dsp.h **** inline float mtof(float m)
 632              		.loc 9 139 14 view .LVU164
 633              	.LBB160:
 140:../../DaisySP/Source/Utility/dsp.h **** {
 141:../../DaisySP/Source/Utility/dsp.h ****     return powf(2, (m - 69.0f) / 12.0f) * 440.0f;
 634              		.loc 9 141 5 view .LVU165
 635              		.loc 9 141 23 is_stmt 0 view .LVU166
 636 0142 9FED1A7A 		vldr.32	s14, .L30+52
 637              		.loc 9 141 16 view .LVU167
 638 0146 F2EE080A 		vmov.f32	s1, #1.2e+1
 639              		.loc 9 141 23 view .LVU168
 640 014a 55ED017A 		vldr.32	s15, [r5, #-4]
ARM GAS  C:\Users\paulb\AppData\Local\Temp\ccC7EC2S.s 			page 27


 641              		.loc 9 141 16 view .LVU169
 642 014e B0EE000A 		vmov.f32	s0, #2.0e+0
 643              		.loc 9 141 23 view .LVU170
 644 0152 77EEC77A 		vsub.f32	s15, s15, s14
 645              		.loc 9 141 16 view .LVU171
 646 0156 C7EEA00A 		vdiv.f32	s1, s15, s1
 647 015a FFF7FEFF 		bl	powf
 648              	.LVL45:
 649              		.loc 9 141 43 view .LVU172
 650 015e DFED147A 		vldr.32	s15, .L30+56
 651              	.LBE160:
 652              	.LBE159:
 653              	.LBB162:
 654              	.LBB163:
  70:../../DaisySP/Source/Synthesis/oscillator.h ****     }
 655              		.loc 7 70 34 view .LVU173
 656 0162 0648     		ldr	r0, .L30+4
 657              	.LBE163:
 658              	.LBE162:
 659              	.LBB165:
 660              	.LBB161:
 661              		.loc 9 141 43 view .LVU174
 662 0164 20EE270A 		vmul.f32	s0, s0, s15
 663              	.LVL46:
 664              		.loc 9 141 43 view .LVU175
 665              	.LBE161:
 666              	.LBE165:
 667              	.LBB166:
 668              	.LBI162:
  67:../../DaisySP/Source/Synthesis/oscillator.h ****     {
 669              		.loc 7 67 17 is_stmt 1 view .LVU176
 670              	.LBB164:
  69:../../DaisySP/Source/Synthesis/oscillator.h ****         phase_inc_ = CalcPhaseInc(f);
 671              		.loc 7 69 9 view .LVU177
  69:../../DaisySP/Source/Synthesis/oscillator.h ****         phase_inc_ = CalcPhaseInc(f);
 672              		.loc 7 69 20 is_stmt 0 view .LVU178
 673 0168 87ED020A 		vstr.32	s0, [r7, #8]
  70:../../DaisySP/Source/Synthesis/oscillator.h ****     }
 674              		.loc 7 70 9 is_stmt 1 view .LVU179
  70:../../DaisySP/Source/Synthesis/oscillator.h ****     }
 675              		.loc 7 70 34 is_stmt 0 view .LVU180
 676 016c FFF7FEFF 		bl	_ZN7daisysp10Oscillator12CalcPhaseIncEf
 677              	.LVL47:
  70:../../DaisySP/Source/Synthesis/oscillator.h ****     }
 678              		.loc 7 70 20 view .LVU181
 679 0170 87ED070A 		vstr.32	s0, [r7, #28]
  71:../../DaisySP/Source/Synthesis/oscillator.h **** 
 680              		.loc 7 71 5 view .LVU182
 681 0174 AEE7     		b	.L24
 682              	.L31:
 683 0176 00BF     		.align	2
 684              	.L30:
 685 0178 00000000 		.word	.LANCHOR4
 686 017c 00000000 		.word	.LANCHOR0
 687 0180 00000000 		.word	.LANCHOR2
 688 0184 0000C842 		.word	1120403456
 689 0188 00000000 		.word	0
ARM GAS  C:\Users\paulb\AppData\Local\Temp\ccC7EC2S.s 			page 28


 690 018c 0AD7233C 		.word	1008981770
 691 0190 0AD723BC 		.word	-1138501878
 692 0194 CDCCCC3D 		.word	1036831949
 693 0198 00000000 		.word	_Z10MyCallbackPKfPfj
 694 019c 18000000 		.word	.LANCHOR4+24
 695 01a0 00000000 		.word	.LANCHOR5
 696 01a4 00007A43 		.word	1132068864
 697 01a8 00009642 		.word	1117126656
 698 01ac 00008A42 		.word	1116340224
 699 01b0 0000DC43 		.word	1138491392
 700 01b4 00000000 		.word	.LANCHOR3
 701              	.LBE164:
 702              	.LBE166:
 703              	.LBE168:
 704              	.LBE169:
 705              		.cfi_endproc
 706              	.LFE4682:
 708              		.section	.text.startup._GLOBAL__sub_I_hardware,"ax",%progbits
 709              		.align	1
 710              		.p2align 2,,3
 711              		.syntax unified
 712              		.thumb
 713              		.thumb_func
 714              		.fpu fpv5-d16
 716              	_GLOBAL__sub_I_hardware:
 717              	.LFB5245:
  93:diarrea_filter.cpp ****         }
  94:diarrea_filter.cpp ****     }
  95:diarrea_filter.cpp **** }
 718              		.loc 8 95 1 is_stmt 1 view -0
 719              		.cfi_startproc
 720              		@ args = 0, pretend = 0, frame = 0
 721              		@ frame_needed = 0, uses_anonymous_args = 0
 722              	.LBB196:
 723              	.LBI196:
 724              		.loc 8 95 1 view .LVU184
 725              	.LVL48:
 726              	.LBB197:
 727              	.LBB198:
 728              	.LBI198:
  21:../../libDaisy/src/daisy_seed.h ****     ~DaisySeed() {}
 729              		.loc 1 21 5 view .LVU185
 730              	.LBB199:
 731              	.LBB200:
 732              	.LBI200:
 733              		.file 10 "../../libDaisy/src/per/qspi.h"
   1:../../libDaisy/src/per/qspi.h **** #ifndef DSY_QSPI
   2:../../libDaisy/src/per/qspi.h **** #define DSY_QSPI /**< Macro */
   3:../../libDaisy/src/per/qspi.h **** 
   4:../../libDaisy/src/per/qspi.h **** #ifndef UNIT_TEST // for unit tests, a dummy implementation
   5:../../libDaisy/src/per/qspi.h **** 
   6:../../libDaisy/src/per/qspi.h **** #include <cstdint>
   7:../../libDaisy/src/per/qspi.h **** #include "daisy_core.h" // Added for dsy_gpio_pin typedef
   8:../../libDaisy/src/per/qspi.h **** 
   9:../../libDaisy/src/per/qspi.h **** #define DSY_QSPI_TEXT       \
  10:../../libDaisy/src/per/qspi.h ****     __attribute__((section( \
  11:../../libDaisy/src/per/qspi.h ****         ".qspiflash_text"))) /**< used for reading memory in memory_mapped mode. */
ARM GAS  C:\Users\paulb\AppData\Local\Temp\ccC7EC2S.s 			page 29


  12:../../libDaisy/src/per/qspi.h **** #define DSY_QSPI_DATA       \
  13:../../libDaisy/src/per/qspi.h ****     __attribute__((section( \
  14:../../libDaisy/src/per/qspi.h ****         ".qspiflash_data"))) /**< used for reading memory in memory_mapped mode. */
  15:../../libDaisy/src/per/qspi.h **** #define DSY_QSPI_BSS        \
  16:../../libDaisy/src/per/qspi.h ****     __attribute__((section( \
  17:../../libDaisy/src/per/qspi.h ****         ".qspiflash_bss"))) /**< used for reading memory in memory_mapped mode. */
  18:../../libDaisy/src/per/qspi.h **** 
  19:../../libDaisy/src/per/qspi.h **** namespace daisy
  20:../../libDaisy/src/per/qspi.h **** {
  21:../../libDaisy/src/per/qspi.h **** /** @addtogroup serial
  22:../../libDaisy/src/per/qspi.h **** @{
  23:../../libDaisy/src/per/qspi.h **** */
  24:../../libDaisy/src/per/qspi.h **** 
  25:../../libDaisy/src/per/qspi.h **** /** 
  26:../../libDaisy/src/per/qspi.h ****  Driver for QSPI peripheral to interface with external flash memory. \n 
  27:../../libDaisy/src/per/qspi.h ****     Currently supported QSPI Devices: \n 
  28:../../libDaisy/src/per/qspi.h ****     * IS25LP080D
  29:../../libDaisy/src/per/qspi.h **** */
  30:../../libDaisy/src/per/qspi.h **** class QSPIHandle
  31:../../libDaisy/src/per/qspi.h **** {
  32:../../libDaisy/src/per/qspi.h ****   public:
  33:../../libDaisy/src/per/qspi.h ****     enum Result
  34:../../libDaisy/src/per/qspi.h ****     {
  35:../../libDaisy/src/per/qspi.h ****         OK = 0,
  36:../../libDaisy/src/per/qspi.h ****         ERR
  37:../../libDaisy/src/per/qspi.h ****     };
  38:../../libDaisy/src/per/qspi.h **** 
  39:../../libDaisy/src/per/qspi.h ****     /** Indicates the current status of the module. 
  40:../../libDaisy/src/per/qspi.h ****          *  Warnings are indicated by a leading W.
  41:../../libDaisy/src/per/qspi.h ****          *  Errors are indicated by a leading E and cause an immediate exit.
  42:../../libDaisy/src/per/qspi.h ****          * 
  43:../../libDaisy/src/per/qspi.h ****          *  \param GOOD - No errors have been reported.
  44:../../libDaisy/src/per/qspi.h ****          *  \param E_HAL_ERROR - HAL code did not return HAL_OK.
  45:../../libDaisy/src/per/qspi.h ****          *  \param E_SWITCHING_MODES - An error was encountered while switching QSPI peripheral mod
  46:../../libDaisy/src/per/qspi.h ****          *  \param E_INVALID_MODE - QSPI should not be written to while the program is executing fr
  47:../../libDaisy/src/per/qspi.h ****          */
  48:../../libDaisy/src/per/qspi.h ****     enum Status
  49:../../libDaisy/src/per/qspi.h ****     {
  50:../../libDaisy/src/per/qspi.h ****         GOOD = 0,
  51:../../libDaisy/src/per/qspi.h ****         E_HAL_ERROR,
  52:../../libDaisy/src/per/qspi.h ****         E_SWITCHING_MODES,
  53:../../libDaisy/src/per/qspi.h ****         E_INVALID_MODE,
  54:../../libDaisy/src/per/qspi.h ****     };
  55:../../libDaisy/src/per/qspi.h **** 
  56:../../libDaisy/src/per/qspi.h ****     /** Configuration structure for interfacing with QSPI Driver */
  57:../../libDaisy/src/per/qspi.h ****     struct Config
  58:../../libDaisy/src/per/qspi.h ****     {
  59:../../libDaisy/src/per/qspi.h ****         /** Flash Devices supported. (Both of these are more-or-less the same, just different sizes
  60:../../libDaisy/src/per/qspi.h ****         enum Device
  61:../../libDaisy/src/per/qspi.h ****         {
  62:../../libDaisy/src/per/qspi.h ****             IS25LP080D,  /**< & */
  63:../../libDaisy/src/per/qspi.h ****             IS25LP064A,  /**< & */
  64:../../libDaisy/src/per/qspi.h ****             DEVICE_LAST, /**< & */
  65:../../libDaisy/src/per/qspi.h ****         };
  66:../../libDaisy/src/per/qspi.h **** 
  67:../../libDaisy/src/per/qspi.h ****         /** 
  68:../../libDaisy/src/per/qspi.h ****         Modes of operation.
ARM GAS  C:\Users\paulb\AppData\Local\Temp\ccC7EC2S.s 			page 30


  69:../../libDaisy/src/per/qspi.h ****         Memory Mapped mode: QSPI configured so that the QSPI can be
  70:../../libDaisy/src/per/qspi.h ****         read from starting address 0x90000000. Writing is not
  71:../../libDaisy/src/per/qspi.h ****         possible in this mode. \n 
  72:../../libDaisy/src/per/qspi.h ****         Indirect Polling mode: Device driver enabled. 
  73:../../libDaisy/src/per/qspi.h ****         */
  74:../../libDaisy/src/per/qspi.h ****         enum Mode
  75:../../libDaisy/src/per/qspi.h ****         {
  76:../../libDaisy/src/per/qspi.h ****             MEMORY_MAPPED,    /**< & */
  77:../../libDaisy/src/per/qspi.h ****             INDIRECT_POLLING, /**< & */
  78:../../libDaisy/src/per/qspi.h ****             MODE_LAST,
  79:../../libDaisy/src/per/qspi.h ****         };
  80:../../libDaisy/src/per/qspi.h **** 
  81:../../libDaisy/src/per/qspi.h ****         //SCK,  CE# (active low)
  82:../../libDaisy/src/per/qspi.h ****         struct
  83:../../libDaisy/src/per/qspi.h ****         {
  84:../../libDaisy/src/per/qspi.h ****             dsy_gpio_pin io0; /**< & */
  85:../../libDaisy/src/per/qspi.h ****             dsy_gpio_pin io1; /**< & */
  86:../../libDaisy/src/per/qspi.h ****             dsy_gpio_pin io2; /**< & */
  87:../../libDaisy/src/per/qspi.h ****             dsy_gpio_pin io3; /**< & */
  88:../../libDaisy/src/per/qspi.h ****             dsy_gpio_pin clk; /**< & */
  89:../../libDaisy/src/per/qspi.h ****             dsy_gpio_pin ncs; /**< & */
  90:../../libDaisy/src/per/qspi.h ****         } pin_config;
  91:../../libDaisy/src/per/qspi.h **** 
  92:../../libDaisy/src/per/qspi.h ****         Device device;
  93:../../libDaisy/src/per/qspi.h ****         Mode   mode;
  94:../../libDaisy/src/per/qspi.h ****     };
  95:../../libDaisy/src/per/qspi.h **** 
  96:../../libDaisy/src/per/qspi.h ****     /** 
  97:../../libDaisy/src/per/qspi.h ****         Initializes QSPI peripheral, and Resets, and prepares memory for access.
  98:../../libDaisy/src/per/qspi.h ****         \param config should be populated with the mode, device and pin_config before calling this 
  99:../../libDaisy/src/per/qspi.h ****         \return Result::OK or Result::ERR
 100:../../libDaisy/src/per/qspi.h ****         */
 101:../../libDaisy/src/per/qspi.h ****     Result Init(const Config& config);
 102:../../libDaisy/src/per/qspi.h **** 
 103:../../libDaisy/src/per/qspi.h ****     /** Returns the current config. */
 104:../../libDaisy/src/per/qspi.h ****     const Config& GetConfig() const;
 105:../../libDaisy/src/per/qspi.h **** 
 106:../../libDaisy/src/per/qspi.h ****     // Couldn't this just be called before anything else in init? That
 107:../../libDaisy/src/per/qspi.h ****     // would make manually calling it unnecessary.
 108:../../libDaisy/src/per/qspi.h ****     /** 
 109:../../libDaisy/src/per/qspi.h ****         Deinitializes the peripheral
 110:../../libDaisy/src/per/qspi.h ****         This should be called before reinitializing QSPI in a different mode.
 111:../../libDaisy/src/per/qspi.h ****         \return Result::OK or Result::ERR
 112:../../libDaisy/src/per/qspi.h ****         */
 113:../../libDaisy/src/per/qspi.h ****     Result DeInit();
 114:../../libDaisy/src/per/qspi.h **** 
 115:../../libDaisy/src/per/qspi.h ****     /** 
 116:../../libDaisy/src/per/qspi.h ****         Writes a single page to to the specified address on the QSPI chip.
 117:../../libDaisy/src/per/qspi.h ****         For IS25LP*, page size is 256 bytes.
 118:../../libDaisy/src/per/qspi.h ****         \param address Address to write to
 119:../../libDaisy/src/per/qspi.h ****         \param size Buffer size
 120:../../libDaisy/src/per/qspi.h ****         \param buffer Buffer to write
 121:../../libDaisy/src/per/qspi.h ****         \return Result::OK or Result::ERR
 122:../../libDaisy/src/per/qspi.h ****         */
 123:../../libDaisy/src/per/qspi.h ****     Result WritePage(uint32_t address, uint32_t size, uint8_t* buffer);
 124:../../libDaisy/src/per/qspi.h **** 
 125:../../libDaisy/src/per/qspi.h ****     /** 
ARM GAS  C:\Users\paulb\AppData\Local\Temp\ccC7EC2S.s 			page 31


 126:../../libDaisy/src/per/qspi.h ****         Writes data in buffer to to the QSPI. Starting at address to address+size 
 127:../../libDaisy/src/per/qspi.h ****         \param address Address to write to
 128:../../libDaisy/src/per/qspi.h ****         \param size Buffer size
 129:../../libDaisy/src/per/qspi.h ****         \param buffer Buffer to write
 130:../../libDaisy/src/per/qspi.h ****         \return Result::OK or Result::ERR
 131:../../libDaisy/src/per/qspi.h ****         */
 132:../../libDaisy/src/per/qspi.h ****     Result Write(uint32_t address, uint32_t size, uint8_t* buffer);
 133:../../libDaisy/src/per/qspi.h **** 
 134:../../libDaisy/src/per/qspi.h ****     /** 
 135:../../libDaisy/src/per/qspi.h ****         Erases the area specified on the chip.
 136:../../libDaisy/src/per/qspi.h ****         Erasures will happen by 4K, 32K or 64K increments.
 137:../../libDaisy/src/per/qspi.h ****         Smallest erase possible is 4kB at a time. (on IS25LP*)
 138:../../libDaisy/src/per/qspi.h ****         \param start_addr Address to begin erasing from
 139:../../libDaisy/src/per/qspi.h ****         \param end_addr  Address to stop erasing at
 140:../../libDaisy/src/per/qspi.h ****         \return Result::OK or Result::ERR
 141:../../libDaisy/src/per/qspi.h ****         */
 142:../../libDaisy/src/per/qspi.h ****     Result Erase(uint32_t start_addr, uint32_t end_addr);
 143:../../libDaisy/src/per/qspi.h **** 
 144:../../libDaisy/src/per/qspi.h ****     /**  
 145:../../libDaisy/src/per/qspi.h ****          Erases a single sector of the chip.  
 146:../../libDaisy/src/per/qspi.h ****         TODO: Document the size of this function. 
 147:../../libDaisy/src/per/qspi.h ****         \param address Address of sector to erase
 148:../../libDaisy/src/per/qspi.h ****         \return Result::OK or Result::ERR
 149:../../libDaisy/src/per/qspi.h ****         */
 150:../../libDaisy/src/per/qspi.h ****     Result EraseSector(uint32_t address);
 151:../../libDaisy/src/per/qspi.h **** 
 152:../../libDaisy/src/per/qspi.h ****     /** Returns the current class status. Useful for debugging.
 153:../../libDaisy/src/per/qspi.h ****      *  \returns Status
 154:../../libDaisy/src/per/qspi.h ****      */
 155:../../libDaisy/src/per/qspi.h ****     Status GetStatus();
 156:../../libDaisy/src/per/qspi.h **** 
 157:../../libDaisy/src/per/qspi.h ****     /** Returns a pointer to the actual memory used 
 158:../../libDaisy/src/per/qspi.h ****      *  The memory at this address is read-only
 159:../../libDaisy/src/per/qspi.h ****      *  to write to it use the Write function.
 160:../../libDaisy/src/per/qspi.h ****      * 
 161:../../libDaisy/src/per/qspi.h ****      *  \param offset returns the pointer starting this 
 162:../../libDaisy/src/per/qspi.h ****      *                many bytes into the memory
 163:../../libDaisy/src/per/qspi.h ****     */
 164:../../libDaisy/src/per/qspi.h ****     void* GetData(uint32_t offset = 0);
 165:../../libDaisy/src/per/qspi.h **** 
 166:../../libDaisy/src/per/qspi.h ****     QSPIHandle() : pimpl_(nullptr) {}
 734              		.loc 10 166 5 view .LVU186
 735              	.LBE200:
 736              	.LBE199:
 737              	.LBE198:
 738              	.LBE197:
 739              	.LBE196:
 740              		.loc 8 95 1 is_stmt 0 view .LVU187
 741 0000 10B5     		push	{r4, lr}
 742              		.cfi_def_cfa_offset 8
 743              		.cfi_offset 4, -8
 744              		.cfi_offset 14, -4
 745              	.LBB232:
 746              	.LBB230:
 747              	.LBB221:
 748              	.LBB219:
 749              	.LBB205:
ARM GAS  C:\Users\paulb\AppData\Local\Temp\ccC7EC2S.s 			page 32


 750              	.LBB201:
 751              	.LBB202:
 752              		.loc 10 166 34 view .LVU188
 753 0002 1448     		ldr	r0, .L34
 754 0004 0024     		movs	r4, #0
 755              	.LBE202:
 756              	.LBE201:
 757              	.LBE205:
 758              	.LBE219:
 759              	.LBE221:
   8:diarrea_filter.cpp **** Oscillator osc;
 760              		.loc 8 8 12 view .LVU189
 761 0006 144A     		ldr	r2, .L34+4
 762 0008 1449     		ldr	r1, .L34+8
 763              	.LBB222:
 764              	.LBB220:
 765              	.LBB206:
 766              	.LBB204:
 767              	.LBB203:
 768              		.loc 10 166 34 view .LVU190
 769 000a 0460     		str	r4, [r0]
 770              	.LVL49:
 771              		.loc 10 166 34 view .LVU191
 772              	.LBE203:
 773              	.LBE204:
 774              	.LBE206:
 775              	.LBB207:
 776              	.LBI207:
  95:../../libDaisy/src/hid/audio.h ****     ~AudioHandle() {}
 777              		.loc 5 95 5 is_stmt 1 view .LVU192
 778              	.LBB208:
 779              	.LBB209:
  95:../../libDaisy/src/hid/audio.h ****     ~AudioHandle() {}
 780              		.loc 5 95 35 is_stmt 0 view .LVU193
 781 000c 4461     		str	r4, [r0, #20]
 782              	.LVL50:
  95:../../libDaisy/src/hid/audio.h ****     ~AudioHandle() {}
 783              		.loc 5 95 35 view .LVU194
 784              	.LBE209:
 785              	.LBE208:
 786              	.LBE207:
 787              	.LBB210:
 788              	.LBI210:
 109:../../libDaisy/src/per/adc.h ****     ~AdcHandle() {}
 789              		.loc 4 109 5 is_stmt 1 view .LVU195
 109:../../libDaisy/src/per/adc.h ****     ~AdcHandle() {}
 790              		.loc 4 109 5 is_stmt 0 view .LVU196
 791              	.LBE210:
 792              	.LBB211:
 793              	.LBI211:
 794              		.file 11 "../../libDaisy/src/per/dac.h"
   1:../../libDaisy/src/per/dac.h **** #pragma once
   2:../../libDaisy/src/per/dac.h **** #ifndef DSY_DAC_H
   3:../../libDaisy/src/per/dac.h **** #define DSY_DAC_H
   4:../../libDaisy/src/per/dac.h **** 
   5:../../libDaisy/src/per/dac.h **** #include "daisy_core.h"
   6:../../libDaisy/src/per/dac.h **** 
ARM GAS  C:\Users\paulb\AppData\Local\Temp\ccC7EC2S.s 			page 33


   7:../../libDaisy/src/per/dac.h **** namespace daisy
   8:../../libDaisy/src/per/dac.h **** {
   9:../../libDaisy/src/per/dac.h **** /** @brief DAC handle for Built-in DAC Peripheral 
  10:../../libDaisy/src/per/dac.h ****  *  @ingroup per_analog
  11:../../libDaisy/src/per/dac.h ****  ** 
  12:../../libDaisy/src/per/dac.h ****  ** For now only Normal Mode is supported,
  13:../../libDaisy/src/per/dac.h ****  ** Sample and hold mode provides reduced power consumption, but requires a bit more setup.
  14:../../libDaisy/src/per/dac.h ****  **
  15:../../libDaisy/src/per/dac.h ****  ** For now connecting the DAC through other internal peripherals is also not supported.
  16:../../libDaisy/src/per/dac.h ****  **
  17:../../libDaisy/src/per/dac.h ****  ** Since the DAC channels have dedicated pins we don't need to pass in a pin config like with
  18:../../libDaisy/src/per/dac.h ****  ** other modules. However, it is still important to not try to use the DAC pins for anything else.
  19:../../libDaisy/src/per/dac.h ****  ** DAC Channel 1 is on PA4, and DAC Channel 2 is on PA5
  20:../../libDaisy/src/per/dac.h ****  ***/
  21:../../libDaisy/src/per/dac.h **** class DacHandle
  22:../../libDaisy/src/per/dac.h **** {
  23:../../libDaisy/src/per/dac.h ****   public:
  24:../../libDaisy/src/per/dac.h ****     /** Return Values for the DacHandle class */
  25:../../libDaisy/src/per/dac.h ****     enum class Result
  26:../../libDaisy/src/per/dac.h ****     {
  27:../../libDaisy/src/per/dac.h ****         OK,
  28:../../libDaisy/src/per/dac.h ****         ERR,
  29:../../libDaisy/src/per/dac.h ****     };
  30:../../libDaisy/src/per/dac.h **** 
  31:../../libDaisy/src/per/dac.h ****     /** Selects which channel(s) will be configured for use. */
  32:../../libDaisy/src/per/dac.h ****     enum class Channel
  33:../../libDaisy/src/per/dac.h ****     {
  34:../../libDaisy/src/per/dac.h ****         ONE,
  35:../../libDaisy/src/per/dac.h ****         TWO,
  36:../../libDaisy/src/per/dac.h ****         BOTH,
  37:../../libDaisy/src/per/dac.h ****     };
  38:../../libDaisy/src/per/dac.h **** 
  39:../../libDaisy/src/per/dac.h ****     /** Sets the Mode for the DAC channels.
  40:../../libDaisy/src/per/dac.h ****      **
  41:../../libDaisy/src/per/dac.h ****      ** Polling mode uses the blocking mode to transmit a single value at a time.
  42:../../libDaisy/src/per/dac.h ****      **
  43:../../libDaisy/src/per/dac.h ****      ** DMA mode uses a buffer, and periodically transmits it triggering a 
  44:../../libDaisy/src/per/dac.h ****      ** callback to fill the buffer when it is ready for more samples.
  45:../../libDaisy/src/per/dac.h ****      ***/
  46:../../libDaisy/src/per/dac.h ****     enum class Mode
  47:../../libDaisy/src/per/dac.h ****     {
  48:../../libDaisy/src/per/dac.h ****         POLLING,
  49:../../libDaisy/src/per/dac.h ****         DMA,
  50:../../libDaisy/src/per/dac.h ****     };
  51:../../libDaisy/src/per/dac.h **** 
  52:../../libDaisy/src/per/dac.h ****     /** Sets the number of bits per sample transmitted out of the DAC.
  53:../../libDaisy/src/per/dac.h ****      ** The output range will be: 0V - VDDA
  54:../../libDaisy/src/per/dac.h ****      ** The resolution will be roughly: bitdepth / (VDDA - 0V) 
  55:../../libDaisy/src/per/dac.h ****      ***/
  56:../../libDaisy/src/per/dac.h ****     enum class BitDepth
  57:../../libDaisy/src/per/dac.h ****     {
  58:../../libDaisy/src/per/dac.h ****         BITS_8,
  59:../../libDaisy/src/per/dac.h ****         BITS_12
  60:../../libDaisy/src/per/dac.h ****     };
  61:../../libDaisy/src/per/dac.h **** 
  62:../../libDaisy/src/per/dac.h ****     /** Sets whether the DAC output is buffered for higher drive ability. */
  63:../../libDaisy/src/per/dac.h ****     enum class BufferState
ARM GAS  C:\Users\paulb\AppData\Local\Temp\ccC7EC2S.s 			page 34


  64:../../libDaisy/src/per/dac.h ****     {
  65:../../libDaisy/src/per/dac.h ****         ENABLED,
  66:../../libDaisy/src/per/dac.h ****         DISABLED,
  67:../../libDaisy/src/per/dac.h ****     };
  68:../../libDaisy/src/per/dac.h **** 
  69:../../libDaisy/src/per/dac.h ****     /** Configuration structure for initializing the DAC structure. */
  70:../../libDaisy/src/per/dac.h ****     struct Config
  71:../../libDaisy/src/per/dac.h ****     {
  72:../../libDaisy/src/per/dac.h ****         /** Target Samplerate in Hz used to configure the internal 
  73:../../libDaisy/src/per/dac.h ****          ** timebase for DMA mode. Does nothing in POLLING mode.
  74:../../libDaisy/src/per/dac.h ****          ** If the value is 0 at Init time this will default to 48000Hz 
  75:../../libDaisy/src/per/dac.h ****          ** otherwise the driver will attempt meet the target.*/
  76:../../libDaisy/src/per/dac.h ****         uint32_t target_samplerate;
  77:../../libDaisy/src/per/dac.h **** 
  78:../../libDaisy/src/per/dac.h ****         Channel     chn;
  79:../../libDaisy/src/per/dac.h ****         Mode        mode;
  80:../../libDaisy/src/per/dac.h ****         BitDepth    bitdepth;
  81:../../libDaisy/src/per/dac.h ****         BufferState buff_state;
  82:../../libDaisy/src/per/dac.h ****     };
  83:../../libDaisy/src/per/dac.h **** 
  84:../../libDaisy/src/per/dac.h ****     DacHandle() : pimpl_(nullptr) {}
 795              		.loc 11 84 5 is_stmt 1 view .LVU197
 796              	.LBB212:
 797              	.LBB213:
 798              		.loc 11 84 33 is_stmt 0 view .LVU198
 799 000e 0462     		str	r4, [r0, #32]
 800              	.LVL51:
 801              		.loc 11 84 33 view .LVU199
 802              	.LBE213:
 803              	.LBE212:
 804              	.LBE211:
 805              	.LBB214:
 806              	.LBI214:
  40:../../libDaisy/src/hid/usb.h **** 
 807              		.loc 3 40 5 is_stmt 1 view .LVU200
  40:../../libDaisy/src/hid/usb.h **** 
 808              		.loc 3 40 5 is_stmt 0 view .LVU201
 809              	.LBE214:
 810              	.LBB215:
 811              	.LBI215:
  96:../../libDaisy/src/sys/system.h ****     ~System() {}
 812              		.loc 2 96 5 is_stmt 1 view .LVU202
  96:../../libDaisy/src/sys/system.h ****     ~System() {}
 813              		.loc 2 96 5 is_stmt 0 view .LVU203
 814              	.LBE215:
 815              	.LBB216:
 816              	.LBI216:
 817              		.file 12 "../../libDaisy/src/per/sai.h"
   1:../../libDaisy/src/per/sai.h **** #pragma once
   2:../../libDaisy/src/per/sai.h **** #ifndef DSY_SAI_H
   3:../../libDaisy/src/per/sai.h **** #define DSY_SAI_H
   4:../../libDaisy/src/per/sai.h **** 
   5:../../libDaisy/src/per/sai.h **** #include "daisy_core.h"
   6:../../libDaisy/src/per/sai.h **** 
   7:../../libDaisy/src/per/sai.h **** namespace daisy
   8:../../libDaisy/src/per/sai.h **** {
   9:../../libDaisy/src/per/sai.h **** /** 
ARM GAS  C:\Users\paulb\AppData\Local\Temp\ccC7EC2S.s 			page 35


  10:../../libDaisy/src/per/sai.h ****  * Support for I2S Audio Protocol with different bit-depth, samplerate options
  11:../../libDaisy/src/per/sai.h ****  * Allows for master or slave, as well as freedom of selecting direction, 
  12:../../libDaisy/src/per/sai.h ****  * and other behavior for each peripheral, and block.
  13:../../libDaisy/src/per/sai.h ****  * 
  14:../../libDaisy/src/per/sai.h ****  * DMA Transfer commands must use buffers located within non-cached memory or use cache maintenance
  15:../../libDaisy/src/per/sai.h ****  * To declare an unitialized global element in the DMA memory section:
  16:../../libDaisy/src/per/sai.h ****  *    int32_t DSY_DMA_BUFFER_SECTOR my_buffer[96];
  17:../../libDaisy/src/per/sai.h ****  *
  18:../../libDaisy/src/per/sai.h ****  * Callback functions will be called once per half of the buffer. In the above example, 
  19:../../libDaisy/src/per/sai.h ****  * the callback function would be called once for every 48 samples.
  20:../../libDaisy/src/per/sai.h ****  * 
  21:../../libDaisy/src/per/sai.h ****  * Use SAI Handle like this:
  22:../../libDaisy/src/per/sai.h ****  * 
  23:../../libDaisy/src/per/sai.h ****  *  SaiHandle::Config sai_config;
  24:../../libDaisy/src/per/sai.h ****  *  sai_config.periph          = SaiHandle::Config::Peripheral::SAI_1;
  25:../../libDaisy/src/per/sai.h ****  *  sai_config.sr              = SaiHandle::Config::SampleRate::SAI_48KHZ;
  26:../../libDaisy/src/per/sai.h ****  *  sai_config.bit_depth       = SaiHandle::Config::BitDepth::SAI_24BIT;
  27:../../libDaisy/src/per/sai.h ****  *  sai_config.a_sync          = SaiHandle::Config::Sync::MASTER;
  28:../../libDaisy/src/per/sai.h ****  *  sai_config.b_sync          = SaiHandle::Config::Sync::SLAVE;
  29:../../libDaisy/src/per/sai.h ****  *  sai_config.a_dir           = SaiHandle::Config::Direction::RECEIVE;
  30:../../libDaisy/src/per/sai.h ****  *  sai_config.b_dir           = SaiHandle::Config::Direction::TRANSMIT;
  31:../../libDaisy/src/per/sai.h ****  *  sai_config.pin_config.fs   = {DSY_GPIOE, 4};
  32:../../libDaisy/src/per/sai.h ****  *  sai_config.pin_config.mclk = {DSY_GPIOE, 2};
  33:../../libDaisy/src/per/sai.h ****  *  sai_config.pin_config.sck  = {DSY_GPIOE, 5};
  34:../../libDaisy/src/per/sai.h ****  *  sai_config.pin_config.sa   = {DSY_GPIOE, 6};
  35:../../libDaisy/src/per/sai.h ****  *  sai_config.pin_config.sb   = {DSY_GPIOE, 3};
  36:../../libDaisy/src/per/sai.h ****  *  // Then Initialize
  37:../../libDaisy/src/per/sai.h ****  *  SaiHandle sai;
  38:../../libDaisy/src/per/sai.h ****  *  sai.Init(sai_config);
  39:../../libDaisy/src/per/sai.h ****  *  // Now you can use it:
  40:../../libDaisy/src/per/sai.h ****  *  sai.StartDma(. . .);
  41:../../libDaisy/src/per/sai.h ****  */
  42:../../libDaisy/src/per/sai.h **** class SaiHandle
  43:../../libDaisy/src/per/sai.h **** {
  44:../../libDaisy/src/per/sai.h ****   public:
  45:../../libDaisy/src/per/sai.h ****     /** Contains settings for initialising an SAI Interface */
  46:../../libDaisy/src/per/sai.h ****     struct Config
  47:../../libDaisy/src/per/sai.h ****     {
  48:../../libDaisy/src/per/sai.h ****         /** Specifies the internal peripheral to use (mapped to different hardware pins) */
  49:../../libDaisy/src/per/sai.h ****         enum class Peripheral
  50:../../libDaisy/src/per/sai.h ****         {
  51:../../libDaisy/src/per/sai.h ****             SAI_1,
  52:../../libDaisy/src/per/sai.h ****             SAI_2,
  53:../../libDaisy/src/per/sai.h ****         };
  54:../../libDaisy/src/per/sai.h **** 
  55:../../libDaisy/src/per/sai.h ****         /** Rate at which samples will be streaming to/from the device. */
  56:../../libDaisy/src/per/sai.h ****         enum class SampleRate
  57:../../libDaisy/src/per/sai.h ****         {
  58:../../libDaisy/src/per/sai.h ****             SAI_8KHZ,
  59:../../libDaisy/src/per/sai.h ****             SAI_16KHZ,
  60:../../libDaisy/src/per/sai.h ****             SAI_32KHZ,
  61:../../libDaisy/src/per/sai.h ****             SAI_48KHZ,
  62:../../libDaisy/src/per/sai.h ****             SAI_96KHZ,
  63:../../libDaisy/src/per/sai.h ****         };
  64:../../libDaisy/src/per/sai.h **** 
  65:../../libDaisy/src/per/sai.h ****         /** Bit Depth that the hardware expects to be transferred to/from the device. */
  66:../../libDaisy/src/per/sai.h ****         enum class BitDepth
ARM GAS  C:\Users\paulb\AppData\Local\Temp\ccC7EC2S.s 			page 36


  67:../../libDaisy/src/per/sai.h ****         {
  68:../../libDaisy/src/per/sai.h ****             SAI_16BIT,
  69:../../libDaisy/src/per/sai.h ****             SAI_24BIT,
  70:../../libDaisy/src/per/sai.h ****             SAI_32BIT,
  71:../../libDaisy/src/per/sai.h ****         };
  72:../../libDaisy/src/per/sai.h **** 
  73:../../libDaisy/src/per/sai.h ****         /** Specifies whether a particular block is the master or the slave 
  74:../../libDaisy/src/per/sai.h ****          ** If both are set to slave, no MCLK signal will be used, and it is
  75:../../libDaisy/src/per/sai.h ****          ** expected that the codec will have its own xtal.
  76:../../libDaisy/src/per/sai.h ****          */
  77:../../libDaisy/src/per/sai.h ****         enum class Sync
  78:../../libDaisy/src/per/sai.h ****         {
  79:../../libDaisy/src/per/sai.h ****             MASTER,
  80:../../libDaisy/src/per/sai.h ****             SLAVE,
  81:../../libDaisy/src/per/sai.h ****         };
  82:../../libDaisy/src/per/sai.h **** 
  83:../../libDaisy/src/per/sai.h ****         /** Specifies the direction for each peripheral block. */
  84:../../libDaisy/src/per/sai.h ****         enum class Direction
  85:../../libDaisy/src/per/sai.h ****         {
  86:../../libDaisy/src/per/sai.h ****             TRANSMIT,
  87:../../libDaisy/src/per/sai.h ****             RECEIVE,
  88:../../libDaisy/src/per/sai.h ****         };
  89:../../libDaisy/src/per/sai.h **** 
  90:../../libDaisy/src/per/sai.h ****         Peripheral periph;
  91:../../libDaisy/src/per/sai.h ****         struct
  92:../../libDaisy/src/per/sai.h ****         {
  93:../../libDaisy/src/per/sai.h ****             dsy_gpio_pin mclk, fs, sck, sa, sb;
  94:../../libDaisy/src/per/sai.h ****         } pin_config;
  95:../../libDaisy/src/per/sai.h ****         SampleRate sr;
  96:../../libDaisy/src/per/sai.h ****         BitDepth   bit_depth;
  97:../../libDaisy/src/per/sai.h ****         Sync       a_sync, b_sync;
  98:../../libDaisy/src/per/sai.h ****         Direction  a_dir, b_dir;
  99:../../libDaisy/src/per/sai.h ****     };
 100:../../libDaisy/src/per/sai.h **** 
 101:../../libDaisy/src/per/sai.h ****     /** Return values for SAI functions */
 102:../../libDaisy/src/per/sai.h ****     enum class Result
 103:../../libDaisy/src/per/sai.h ****     {
 104:../../libDaisy/src/per/sai.h ****         OK,
 105:../../libDaisy/src/per/sai.h ****         ERR,
 106:../../libDaisy/src/per/sai.h ****     };
 107:../../libDaisy/src/per/sai.h **** 
 108:../../libDaisy/src/per/sai.h ****     SaiHandle() : pimpl_(nullptr) {}
 818              		.loc 12 108 5 is_stmt 1 view .LVU204
 819              	.LBB217:
 820              	.LBB218:
 821              		.loc 12 108 33 is_stmt 0 view .LVU205
 822 0010 C463     		str	r4, [r0, #60]
 823              	.LVL52:
 824              		.loc 12 108 33 view .LVU206
 825              	.LBE218:
 826              	.LBE217:
 827              	.LBE216:
 828              	.LBE220:
 829              	.LBE222:
   8:diarrea_filter.cpp **** Oscillator osc;
 830              		.loc 8 8 12 view .LVU207
 831 0012 FFF7FEFF 		bl	__aeabi_atexit
ARM GAS  C:\Users\paulb\AppData\Local\Temp\ccC7EC2S.s 			page 37


 832              	.LVL53:
 833              	.LBB223:
 834              	.LBI223:
  23:../../DaisySP/Source/Synthesis/oscillator.h ****     ~Oscillator() {}
 835              		.loc 7 23 5 is_stmt 1 view .LVU208
  23:../../DaisySP/Source/Synthesis/oscillator.h ****     ~Oscillator() {}
 836              		.loc 7 23 5 is_stmt 0 view .LVU209
 837              	.LBE223:
   9:diarrea_filter.cpp **** Adsr       adsr;
 838              		.loc 8 9 12 view .LVU210
 839 0016 104A     		ldr	r2, .L34+4
 840 0018 1149     		ldr	r1, .L34+12
 841 001a 1248     		ldr	r0, .L34+16
 842 001c FFF7FEFF 		bl	__aeabi_atexit
 843              	.LVL54:
 844              	.LBB224:
 845              	.LBI224:
  44:../../DaisySP/Source/Control/adsr.h ****     ~Adsr() {}
 846              		.loc 6 44 5 is_stmt 1 view .LVU211
 847              	.LBB225:
 848              	.LBB226:
  44:../../DaisySP/Source/Control/adsr.h ****     ~Adsr() {}
 849              		.loc 6 44 12 is_stmt 0 view .LVU212
 850 0020 1148     		ldr	r0, .L34+20
 851 0022 0023     		movs	r3, #0
 852 0024 DFF848C0 		ldr	ip, .L34+28
 853              	.LBE226:
 854 0028 8485     		strh	r4, [r0, #44]	@ movhi
 855              	.LVL55:
  44:../../DaisySP/Source/Control/adsr.h ****     ~Adsr() {}
 856              		.loc 6 44 12 view .LVU213
 857              	.LBE225:
 858              	.LBE224:
  10:diarrea_filter.cpp **** bool       gate = false;
 859              		.loc 8 10 12 view .LVU214
 860 002a 0B4A     		ldr	r2, .L34+4
 861 002c 0F49     		ldr	r1, .L34+24
 862              	.LBB229:
 863              	.LBB228:
 864              	.LBB227:
  44:../../DaisySP/Source/Control/adsr.h ****     ~Adsr() {}
 865              		.loc 6 44 12 view .LVU215
 866 002e 0360     		str	r3, [r0]	@ float
 867 0030 4360     		str	r3, [r0, #4]	@ float
 868 0032 C0F808C0 		str	ip, [r0, #8]	@ float
 869 0036 C360     		str	r3, [r0, #12]	@ float
 870 0038 C0F810C0 		str	ip, [r0, #16]	@ float
 871 003c C0F814C0 		str	ip, [r0, #20]	@ float
 872 0040 C0F818C0 		str	ip, [r0, #24]	@ float
 873 0044 C361     		str	r3, [r0, #28]	@ float
 874 0046 0362     		str	r3, [r0, #32]	@ float
 875 0048 4362     		str	r3, [r0, #36]	@ float
 876              	.LBE227:
 877              	.LBE228:
 878              	.LBE229:
 879              	.LBE230:
 880              	.LBE232:
ARM GAS  C:\Users\paulb\AppData\Local\Temp\ccC7EC2S.s 			page 38


 881              		.loc 8 95 1 view .LVU216
 882 004a BDE81040 		pop	{r4, lr}
 883              		.cfi_restore 14
 884              		.cfi_restore 4
 885              		.cfi_def_cfa_offset 0
 886              	.LBB233:
 887              	.LBB231:
  10:diarrea_filter.cpp **** bool       gate = false;
 888              		.loc 8 10 12 view .LVU217
 889 004e FFF7FEBF 		b	__aeabi_atexit
 890              	.LVL56:
 891              	.L35:
 892 0052 00BF     		.align	2
 893              	.L34:
 894 0054 00000000 		.word	.LANCHOR4
 895 0058 00000000 		.word	__dso_handle
 896 005c 00000000 		.word	_ZN5daisy9DaisySeedD1Ev
 897 0060 00000000 		.word	_ZN7daisysp10OscillatorD1Ev
 898 0064 00000000 		.word	.LANCHOR0
 899 0068 00000000 		.word	.LANCHOR2
 900 006c 00000000 		.word	_ZN7daisysp4AdsrD1Ev
 901 0070 000080BF 		.word	-1082130432
 902              	.LBE231:
 903              	.LBE233:
 904              		.cfi_endproc
 905              	.LFE5245:
 907              		.section	.init_array,"aw",%init_array
 908              		.align	2
 909 0000 00000000 		.word	_GLOBAL__sub_I_hardware(target1)
 910              		.global	midiNotes
 911              		.global	on
 912              		.global	gate
 913              		.global	adsr
 914              		.global	osc
 915              		.global	hardware
 916              		.section	.bss.adsr,"aw",%nobits
 917              		.align	2
 918              		.set	.LANCHOR2,. + 0
 921              	adsr:
 922 0000 00000000 		.space	48
 922      00000000 
 922      00000000 
 922      00000000 
 922      00000000 
 923              		.section	.bss.gate,"aw",%nobits
 924              		.set	.LANCHOR1,. + 0
 927              	gate:
 928 0000 00       		.space	1
 929              		.section	.bss.hardware,"aw",%nobits
 930              		.align	2
 931              		.set	.LANCHOR4,. + 0
 934              	hardware:
 935 0000 00000000 		.space	64
 935      00000000 
 935      00000000 
 935      00000000 
 935      00000000 
ARM GAS  C:\Users\paulb\AppData\Local\Temp\ccC7EC2S.s 			page 39


 936              		.section	.bss.osc,"aw",%nobits
 937              		.align	2
 938              		.set	.LANCHOR0,. + 0
 941              	osc:
 942 0000 00000000 		.space	44
 942      00000000 
 942      00000000 
 942      00000000 
 942      00000000 
 943              		.section	.data.midiNotes,"aw"
 944              		.align	2
 945              		.set	.LANCHOR5,. + 0
 948              	midiNotes:
 949 0000 00009442 		.word	1116995584
 950 0004 00000000 		.word	0
 951 0008 00000000 		.word	0
 952 000c 00000000 		.word	0
 953 0010 00009A42 		.word	1117388800
 954 0014 00000000 		.word	0
 955 0018 00000000 		.word	0
 956 001c 00009442 		.word	1116995584
 957 0020 00000000 		.word	0
 958 0024 00009442 		.word	1116995584
 959 0028 00009E42 		.word	1117650944
 960 002c 00000000 		.word	0
 961 0030 00009442 		.word	1116995584
 962 0034 00000000 		.word	0
 963 0038 00009042 		.word	1116733440
 964 003c 00000000 		.word	0
 965 0040 00009442 		.word	1116995584
 966 0044 00000000 		.word	0
 967 0048 00000000 		.word	0
 968 004c 00000000 		.word	0
 969 0050 0000A242 		.word	1117913088
 970 0054 00000000 		.word	0
 971 0058 00000000 		.word	0
 972 005c 00009442 		.word	1116995584
 973 0060 00000000 		.word	0
 974 0064 00009442 		.word	1116995584
 975 0068 0000A442 		.word	1118044160
 976 006c 00000000 		.word	0
 977 0070 0000A242 		.word	1117913088
 978 0074 00000000 		.word	0
 979 0078 00009A42 		.word	1117388800
 980 007c 00000000 		.word	0
 981 0080 00009442 		.word	1116995584
 982 0084 00000000 		.word	0
 983 0088 0000A242 		.word	1117913088
 984 008c 00000000 		.word	0
 985 0090 0000AC42 		.word	1118568448
 986 0094 00009442 		.word	1116995584
 987 0098 00000000 		.word	0
 988 009c 00009042 		.word	1116733440
 989 00a0 00009042 		.word	1116733440
 990 00a4 00000000 		.word	0
 991 00a8 00008A42 		.word	1116340224
 992 00ac 00000000 		.word	0
ARM GAS  C:\Users\paulb\AppData\Local\Temp\ccC7EC2S.s 			page 40


 993 00b0 00009842 		.word	1117257728
 994 00b4 00000000 		.word	0
 995 00b8 00009442 		.word	1116995584
 996 00bc 00009442 		.word	1116995584
 997 00c0 00009442 		.word	1116995584
 998 00c4 00009442 		.word	1116995584
 999 00c8 00000000 		.word	0
 1000 00cc 00000000 		.word	0
 1001              		.section	.data.on,"aw"
 1002              		.set	.LANCHOR3,. + 0
 1005              	on:
 1006 0000 01       		.byte	1
 1007              		.text
 1008              	.Letext0:
 1009              		.file 13 "c:\\program files\\daisytoolchain\\arm-none-eabi\\include\\machine\\_default_types.h"
 1010              		.file 14 "c:\\program files\\daisytoolchain\\arm-none-eabi\\include\\sys\\_stdint.h"
 1011              		.file 15 "c:\\program files\\daisytoolchain\\arm-none-eabi\\include\\stdint.h"
 1012              		.file 16 "c:\\program files\\daisytoolchain\\lib\\gcc\\arm-none-eabi\\10.2.1\\include\\stddef.h"
 1013              		.file 17 "c:\\program files\\daisytoolchain\\arm-none-eabi\\include\\c++\\10.2.1\\cmath"
 1014              		.file 18 "c:\\program files\\daisytoolchain\\arm-none-eabi\\include\\c++\\10.2.1\\bits\\std_abs.h"
 1015              		.file 19 "c:\\program files\\daisytoolchain\\arm-none-eabi\\include\\c++\\10.2.1\\cstdlib"
 1016              		.file 20 "c:\\program files\\daisytoolchain\\arm-none-eabi\\include\\c++\\10.2.1\\cstdint"
 1017              		.file 21 "c:\\program files\\daisytoolchain\\arm-none-eabi\\include\\c++\\10.2.1\\type_traits"
 1018              		.file 22 "c:\\program files\\daisytoolchain\\arm-none-eabi\\include\\c++\\10.2.1\\debug\\debug.h"
 1019              		.file 23 "c:\\program files\\daisytoolchain\\arm-none-eabi\\include\\c++\\10.2.1\\arm-none-eabi\\t
 1020              		.file 24 "c:\\program files\\daisytoolchain\\arm-none-eabi\\include\\c++\\10.2.1\\bits\\algorithmf
 1021              		.file 25 "c:\\program files\\daisytoolchain\\arm-none-eabi\\include\\c++\\10.2.1\\bits\\stl_pair.h
 1022              		.file 26 "c:\\program files\\daisytoolchain\\arm-none-eabi\\include\\c++\\10.2.1\\bits\\exception_
 1023              		.file 27 "c:\\program files\\daisytoolchain\\arm-none-eabi\\include\\c++\\10.2.1\\cstdarg"
 1024              		.file 28 "c:\\program files\\daisytoolchain\\arm-none-eabi\\include\\c++\\10.2.1\\cstdio"
 1025              		.file 29 "c:\\program files\\daisytoolchain\\arm-none-eabi\\include\\c++\\10.2.1\\cstring"
 1026              		.file 30 "c:\\program files\\daisytoolchain\\arm-none-eabi\\include\\c++\\10.2.1\\cwchar"
 1027              		.file 31 "c:\\program files\\daisytoolchain\\arm-none-eabi\\include\\c++\\10.2.1\\clocale"
 1028              		.file 32 "c:\\program files\\daisytoolchain\\arm-none-eabi\\include\\c++\\10.2.1\\bits\\basic_stri
 1029              		.file 33 "c:\\program files\\daisytoolchain\\arm-none-eabi\\include\\c++\\10.2.1\\bits\\stl_tempbu
 1030              		.file 34 "c:\\program files\\daisytoolchain\\arm-none-eabi\\include\\c++\\10.2.1\\bits\\predefined
 1031              		.file 35 "c:\\program files\\daisytoolchain\\arm-none-eabi\\include\\sys\\_types.h"
 1032              		.file 36 "c:\\program files\\daisytoolchain\\arm-none-eabi\\include\\sys\\reent.h"
 1033              		.file 37 "c:\\program files\\daisytoolchain\\arm-none-eabi\\include\\sys\\lock.h"
 1034              		.file 38 "c:\\program files\\daisytoolchain\\arm-none-eabi\\include\\math.h"
 1035              		.file 39 "c:\\program files\\daisytoolchain\\arm-none-eabi\\include\\stdlib.h"
 1036              		.file 40 "c:\\program files\\daisytoolchain\\arm-none-eabi\\include\\c++\\10.2.1\\math.h"
 1037              		.file 41 "c:\\program files\\daisytoolchain\\arm-none-eabi\\include\\c++\\10.2.1\\stdlib.h"
 1038              		.file 42 "../../libDaisy/src/daisy_core.h"
 1039              		.file 43 "../../libDaisy/src/per/tim.h"
 1040              		.file 44 "../../libDaisy/src/util/wav_format.h"
 1041              		.file 45 "../../libDaisy/src/dev/max11300.h"
 1042              		.file 46 "../../libDaisy/src/per/gpio.h"
 1043              		.file 47 "../../libDaisy/src/dev/sdram.h"
 1044              		.file 48 "c:\\program files\\daisytoolchain\\lib\\gcc\\arm-none-eabi\\10.2.1\\include\\stdarg.h"
 1045              		.file 49 "c:\\program files\\daisytoolchain\\arm-none-eabi\\include\\stdio.h"
 1046              		.file 50 "c:\\program files\\daisytoolchain\\arm-none-eabi\\include\\string.h"
 1047              		.file 51 "../../DaisySP/Source/Control/adenv.h"
 1048              		.file 52 "c:\\program files\\daisytoolchain\\arm-none-eabi\\include\\wchar.h"
 1049              		.file 53 "c:\\program files\\daisytoolchain\\arm-none-eabi\\include\\locale.h"
 1050              		.file 54 "../../libDaisy/src/dev/sr_595.h"
 1051              		.file 55 "<built-in>"
ARM GAS  C:\Users\paulb\AppData\Local\Temp\ccC7EC2S.s 			page 41


ARM GAS  C:\Users\paulb\AppData\Local\Temp\ccC7EC2S.s 			page 42


DEFINED SYMBOLS
                            *ABS*:00000000 diarrea_filter.cpp
C:\Users\paulb\AppData\Local\Temp\ccC7EC2S.s:17     .text._ZN5daisy9DaisySeedD2Ev:00000000 $t
C:\Users\paulb\AppData\Local\Temp\ccC7EC2S.s:26     .text._ZN5daisy9DaisySeedD2Ev:00000000 _ZN5daisy9DaisySeedD2Ev
C:\Users\paulb\AppData\Local\Temp\ccC7EC2S.s:26     .text._ZN5daisy9DaisySeedD2Ev:00000000 _ZN5daisy9DaisySeedD1Ev
C:\Users\paulb\AppData\Local\Temp\ccC7EC2S.s:67     .text._ZN7daisysp4AdsrD2Ev:00000000 $t
C:\Users\paulb\AppData\Local\Temp\ccC7EC2S.s:75     .text._ZN7daisysp4AdsrD2Ev:00000000 _ZN7daisysp4AdsrD2Ev
C:\Users\paulb\AppData\Local\Temp\ccC7EC2S.s:75     .text._ZN7daisysp4AdsrD2Ev:00000000 _ZN7daisysp4AdsrD1Ev
C:\Users\paulb\AppData\Local\Temp\ccC7EC2S.s:92     .text._ZN7daisysp10OscillatorD2Ev:00000000 $t
C:\Users\paulb\AppData\Local\Temp\ccC7EC2S.s:100    .text._ZN7daisysp10OscillatorD2Ev:00000000 _ZN7daisysp10OscillatorD2Ev
C:\Users\paulb\AppData\Local\Temp\ccC7EC2S.s:100    .text._ZN7daisysp10OscillatorD2Ev:00000000 _ZN7daisysp10OscillatorD1Ev
C:\Users\paulb\AppData\Local\Temp\ccC7EC2S.s:117    .text._Z10MyCallbackPKfPfj:00000000 $t
C:\Users\paulb\AppData\Local\Temp\ccC7EC2S.s:125    .text._Z10MyCallbackPKfPfj:00000000 _Z10MyCallbackPKfPfj
C:\Users\paulb\AppData\Local\Temp\ccC7EC2S.s:264    .text._Z10MyCallbackPKfPfj:0000006c $d
C:\Users\paulb\AppData\Local\Temp\ccC7EC2S.s:272    .text.startup.main:00000000 $t
C:\Users\paulb\AppData\Local\Temp\ccC7EC2S.s:280    .text.startup.main:00000000 main
C:\Users\paulb\AppData\Local\Temp\ccC7EC2S.s:685    .text.startup.main:00000178 $d
C:\Users\paulb\AppData\Local\Temp\ccC7EC2S.s:709    .text.startup._GLOBAL__sub_I_hardware:00000000 $t
C:\Users\paulb\AppData\Local\Temp\ccC7EC2S.s:716    .text.startup._GLOBAL__sub_I_hardware:00000000 _GLOBAL__sub_I_hardware
C:\Users\paulb\AppData\Local\Temp\ccC7EC2S.s:894    .text.startup._GLOBAL__sub_I_hardware:00000054 $d
C:\Users\paulb\AppData\Local\Temp\ccC7EC2S.s:908    .init_array:00000000 $d
C:\Users\paulb\AppData\Local\Temp\ccC7EC2S.s:948    .data.midiNotes:00000000 midiNotes
C:\Users\paulb\AppData\Local\Temp\ccC7EC2S.s:1005   .data.on:00000000 on
C:\Users\paulb\AppData\Local\Temp\ccC7EC2S.s:927    .bss.gate:00000000 gate
C:\Users\paulb\AppData\Local\Temp\ccC7EC2S.s:921    .bss.adsr:00000000 adsr
C:\Users\paulb\AppData\Local\Temp\ccC7EC2S.s:941    .bss.osc:00000000 osc
C:\Users\paulb\AppData\Local\Temp\ccC7EC2S.s:934    .bss.hardware:00000000 hardware
C:\Users\paulb\AppData\Local\Temp\ccC7EC2S.s:917    .bss.adsr:00000000 $d
C:\Users\paulb\AppData\Local\Temp\ccC7EC2S.s:928    .bss.gate:00000000 $d
C:\Users\paulb\AppData\Local\Temp\ccC7EC2S.s:930    .bss.hardware:00000000 $d
C:\Users\paulb\AppData\Local\Temp\ccC7EC2S.s:937    .bss.osc:00000000 $d
C:\Users\paulb\AppData\Local\Temp\ccC7EC2S.s:944    .data.midiNotes:00000000 $d
                           .group:00000000 _ZN5daisy9DaisySeedD5Ev
                           .group:00000000 _ZN7daisysp4AdsrD5Ev
                           .group:00000000 _ZN7daisysp10OscillatorD5Ev

UNDEFINED SYMBOLS
_ZN7daisysp10Oscillator7ProcessEv
_ZN7daisysp4Adsr7ProcessEb
_ZN5daisy9DaisySeed4InitEb
_ZN5daisy9DaisySeed15AudioSampleRateEv
_ZN7daisysp10Oscillator12CalcPhaseIncEf
_ZN7daisysp4Adsr4InitEfi
_ZN7daisysp4Adsr13SetAttackTimeEff
_ZN7daisysp4Adsr12SetDecayTimeEf
_ZN7daisysp4Adsr14SetReleaseTimeEf
_ZN5daisy9DaisySeed10StartAudioEPFvPKfPfjE
_ZN5daisy9DaisySeed6GetPinEh
_ZN5daisy16AdcChannelConfig10InitSingleE12dsy_gpio_pinNS0_15ConversionSpeedE
_ZN5daisy9AdcHandle4InitEPNS_16AdcChannelConfigEjNS0_12OverSamplingE
_ZN5daisy9AdcHandle5StartEv
_ZN5daisy6System5DelayEm
_ZNK5daisy9AdcHandle8GetFloatEh
_ZN7daisysp4Adsr9RetriggerEb
powf
__aeabi_atexit
__dso_handle
ARM GAS  C:\Users\paulb\AppData\Local\Temp\ccC7EC2S.s 			page 43


